{
"type": "FeatureCollection",
"name": "areas_protegidas",
"crs": { "type": "name", "properties": { "name": "urn:ogc:def:crs:OGC:1.3:CRS84" } },
"features": [
{ "type": "Feature", "properties": { "fid": 563605, "Nombre": "Área de Manejo Integral y Conectividad del Río Parapeti y Bañados del Isoso (Yande Yarɨ)", "actividades": null, "descripcion": "s/descripcion", "categoria": "Área Protegida", "hectareas": 563964.90455783554 }, "geometry": { "type": "MultiPolygon", "coordinates": [ [ [ [ -62.41739677521862, -19.002088039983359, 0.0 ], [ -62.274983384964905, -19.195428720622292, 0.0 ], [ -62.272990874557792, -19.557071335326558, 0.0 ], [ -62.361212799854997, -19.558218320283302, 0.0 ], [ -62.361331684210853, -19.59337141998105, 0.0 ], [ -62.346406656058818, -19.594040857165904, 0.0 ], [ -62.345270227883603, -19.905705045080165, 0.0 ], [ -62.580409165321363, -19.901264143916944, 0.0 ], [ -62.579922605768871, -19.980513635201767, 0.0 ], [ -62.78450681044432, -19.984223766023582, 0.0 ], [ -62.783011497015011, -20.001210836851836, 0.0 ], [ -62.783951003553, -20.055250913406006, 0.0 ], [ -62.850748876684214, -20.055319916856785, 0.0 ], [ -62.849664075898637, -20.129870700153443, 0.0 ], [ -62.838523971022092, -20.133204361781136, 0.0 ], [ -62.844082922387223, -20.142788080281829, 0.0 ], [ -62.858267576447851, -20.138010705240085, 0.0 ], [ -62.86840982285235, -20.115065757371525, 0.0 ], [ -62.96814880124829, -20.085471970822812, 0.0 ], [ -63.002056515495219, -20.089812398790684, 0.0 ], [ -63.027872701898652, -20.088364355239037, 0.0 ], [ -63.038502905596197, -20.102188339312512, 0.0 ], [ -63.060775543884503, -20.110314992696622, 0.0 ], [ -63.125114888494423, -20.164861743621344, 0.0 ], [ -63.170419537584507, -20.176221941488194, 0.0 ], [ -63.17150080406411, -20.172827411015149, 0.0 ], [ -63.172612095709759, -20.170244144331406, 0.0 ], [ -63.17321705011549, -20.167757005915195, 0.0 ], [ -63.173919766949098, -20.162113768108927, 0.0 ], [ -63.173819727651193, -20.160672978462294, 0.0 ], [ -63.171591631144523, -20.163263689035464, 0.0 ], [ -63.170980730396508, -20.160299554985993, 0.0 ], [ -63.173003945857793, -20.158193577141947, 0.0 ], [ -63.17350810243925, -20.156184716184715, 0.0 ], [ -63.175024547825352, -20.153792303553644, 0.0 ], [ -63.174615417511369, -20.150158523652969, 0.0 ], [ -63.175727356225813, -20.148340323299063, 0.0 ], [ -63.177852055948776, -20.146616733020355, 0.0 ], [ -63.175623842527315, -20.146332059632673, 0.0 ], [ -63.174205034276532, -20.145377102392683, 0.0 ], [ -63.173988534267473, -20.132837431319292, 0.0 ], [ -63.175613026274434, -20.125998067086481, 0.0 ], [ -63.175839125472883, -20.124455698606191, 0.0 ], [ -63.176712950472869, -20.1242389007089, 0.0 ], [ -63.177431608443882, -20.121622268999801, 0.0 ], [ -63.179439251050084, -20.120355123057905, 0.0 ], [ -63.179436777591242, -20.118186357760727, 0.0 ], [ -63.183583314404672, -20.113483092051553, 0.0 ], [ -63.181963533153422, -20.110864174206426, 0.0 ], [ -63.185700804264364, -20.108149317587031, 0.0 ], [ -63.185457815917836, -20.104896417604358, 0.0 ], [ -63.192334227099927, -20.095762143844702, 0.0 ], [ -63.197359058303313, -20.082834322067065, 0.0 ], [ -63.19966044454565, -20.072349317558171, 0.0 ], [ -63.204691144786558, -20.072343561137437, 0.0 ], [ -63.206875153752897, -20.067642000201527, 0.0 ], [ -63.205168688086495, -20.06448118784602, 0.0 ], [ -63.211750592630665, -20.051822210641046, 0.0 ], [ -63.214623563182236, -20.005551302222351, 0.0 ], [ -63.218480463535535, -19.980876548230945, 0.0 ], [ -63.222314641729795, -19.933971418363864, 0.0 ], [ -63.220367643852647, -19.914996744931496, 0.0 ], [ -63.216938383736775, -19.89457793961822, 0.0 ], [ -63.220059839161863, -19.878940527025012, 0.0 ], [ -63.213254056239244, -19.875605202594411, 0.0 ], [ -63.211393232213375, -19.862594466215441, 0.0 ], [ -63.197877984636477, -19.854928711617561, 0.0 ], [ -63.188389752632787, -19.859547755352938, 0.0 ], [ -63.184363924907373, -19.863708889182814, 0.0 ], [ -63.17631499781384, -19.86642807116883, 0.0 ], [ -63.170269654445342, -19.867247261112741, 0.0 ], [ -63.166238825013046, -19.867251066931338, 0.0 ], [ -63.161351081359555, -19.869966597775289, 0.0 ], [ -63.155892432502228, -19.875122428667375, 0.0 ], [ -63.156468757775031, -19.878375166930969, 0.0 ], [ -63.150428825287435, -19.885519429911938, 0.0 ], [ -63.142377724655262, -19.887694877124623, 0.0 ], [ -63.141521570186853, -19.891762110329097, 0.0 ], [ -63.139220194330008, -19.892848338271659, 0.0 ], [ -63.134035502772548, -19.89610555721498, 0.0 ], [ -63.128858616538189, -19.897464896806866, 0.0 ], [ -63.125698101096788, -19.899635982958824, 0.0 ], [ -63.122526902291192, -19.900451504268556, 0.0 ], [ -63.120511063438663, -19.900452880814562, 0.0 ], [ -63.117350374224849, -19.902623818899826, 0.0 ], [ -63.116205361009939, -19.904612660204442, 0.0 ], [ -63.117353438818455, -19.906780731388196, 0.0 ], [ -63.115050503885442, -19.90624002940725, 0.0 ], [ -63.109872561833171, -19.906785508728845, 0.0 ], [ -63.105269805509174, -19.910312631926548, 0.0 ], [ -63.105561651917974, -19.918174443470516, 0.0 ], [ -63.108440051848724, -19.921697046829138, 0.0 ], [ -63.108442085469292, -19.924679174427084, 0.0 ], [ -63.10470749063974, -19.926940601353778, 0.0 ], [ -63.103553060981419, -19.9296523026083, 0.0 ], [ -63.099524714675475, -19.936161061176175, 0.0 ], [ -63.094635489161675, -19.941856879200291, 0.0 ], [ -63.087438748297338, -19.940233953989008, 0.0 ], [ -63.079955744882163, -19.93915307015358, 0.0 ], [ -63.066710566177662, -19.938074127632749, 0.0 ], [ -63.061530681490012, -19.936720484766603, 0.0 ], [ -63.027843758779746, -19.923896759823052, 0.0 ], [ -63.026399758531191, -19.916848300541837, 0.0 ], [ -63.026112270793298, -19.911697381298136, 0.0 ], [ -63.02582439136043, -19.904016159118097, 0.0 ], [ -63.023234235983061, -19.896967820754529, 0.0 ], [ -63.018628473404362, -19.888835245170917, 0.0 ], [ -63.010575151224046, -19.887480385353186, 0.0 ], [ -63.007403292482671, -19.881696989856174, 0.0 ], [ -63.003085501262021, -19.88169711700327, 0.0 ], [ -62.989854767491238, -19.886938202190514, 0.0 ], [ -62.982077690689081, -19.895612915894549, 0.0 ], [ -62.975457011183266, -19.896425437524584, 0.0 ], [ -62.973440043175408, -19.903473843704951, 0.0 ], [ -62.97200598260202, -19.908986061462898, 0.0 ], [ -62.963653506151687, -19.917930958273931, 0.0 ], [ -62.959916551596805, -19.921996700853558, 0.0 ], [ -62.955310712180854, -19.923080014630894, 0.0 ], [ -62.949837170098554, -19.918198700619634, 0.0 ], [ -62.942929326020156, -19.917383308609683, 0.0 ], [ -62.94178186035618, -19.919822863907768, 0.0 ], [ -62.903499651269712, -19.912667165326521, 0.0 ], [ -62.905231703080993, -19.90814971162947, 0.0 ], [ -62.909264352369092, -19.906796298104165, 0.0 ], [ -62.913287674745426, -19.904900581574385, 0.0 ], [ -62.915022064318237, -19.895322429156288, 0.0 ], [ -62.898052021968731, -19.885282682640973, 0.0 ], [ -62.887688344116718, -19.88364982496477, 0.0 ], [ -62.880501911104801, -19.874608351548762, 0.0 ], [ -62.8666952653453, -19.867640218923064, 0.0 ], [ -62.862480598804865, -19.87034805665041, 0.0 ], [ -62.749123448480631, -19.812479468696537, 0.0 ], [ -62.783621268085867, -19.812976433964209, 0.0 ], [ -62.783444766258754, -19.724505235570863, 0.0 ], [ -62.762337134813031, -19.619649763703357, 0.0 ], [ -62.77466840959729, -19.626533747441471, 0.0 ], [ -62.799950366770425, -19.627919170264899, 0.0 ], [ -62.82007499207505, -19.618903375516442, 0.0 ], [ -62.815797410840929, -19.58979974420534, 0.0 ], [ -62.804599060902447, -19.585179053506486, 0.0 ], [ -62.797421944004384, -19.583002238852682, 0.0 ], [ -62.796270615202566, -19.581103158170894, 0.0 ], [ -62.793407691365871, -19.575587290119291, 0.0 ], [ -62.78910590408605, -19.569617845283684, 0.0 ], [ -62.790551147545493, -19.565281731014643, 0.0 ], [ -62.788830826465194, -19.561213039913625, 0.0 ], [ -62.785093316675422, -19.561479741789107, 0.0 ], [ -62.786823879120064, -19.557686218295853, 0.0 ], [ -62.792289029319086, -19.555704428433959, 0.0 ], [ -62.788552004758259, -19.555700091050429, 0.0 ], [ -62.78568751701404, -19.55190113646567, 0.0 ], [ -62.78080625588759, -19.55216639072189, 0.0 ], [ -62.77937635169323, -19.545115718117952, 0.0 ], [ -62.778230312837294, -19.539692056501021, 0.0 ], [ -62.7768125151267, -19.530924320275993, 0.0 ], [ -62.773655900015925, -19.525227016336881, 0.0 ], [ -62.76792378848122, -19.521153049553657, 0.0 ], [ -62.763337650912021, -19.515724837544688, 0.0 ], [ -62.762478392863635, -19.510211068761532, 0.0 ], [ -62.757610066959792, -19.502613428770413, 0.0 ], [ -62.753026437105817, -19.496100500084811, 0.0 ], [ -62.744997993328504, -19.492836003213885, 0.0 ], [ -62.737531145819574, -19.496078697555596, 0.0 ], [ -62.7357974708314, -19.501498446836269, 0.0 ], [ -62.723162991956855, -19.50012399621221, 0.0 ], [ -62.71597844920727, -19.504992900727736, 0.0 ], [ -62.711081495012372, -19.514835579825192, 0.0 ], [ -62.706198313223986, -19.516725501940886, 0.0 ], [ -62.700755798535226, -19.511746184388855, 0.0 ], [ -62.697909271306067, -19.494661351469293, 0.0 ], [ -62.699075042363056, -19.487795094103848, 0.0 ], [ -62.691910855495919, -19.481818558272707, 0.0 ], [ -62.688220321949906, -19.458406109399832, 0.0 ], [ -62.687385357083635, -19.446656397049981, 0.0 ], [ -62.684526084445281, -19.437433561759565, 0.0 ], [ -62.680254342775264, -19.424864446619694, 0.0 ], [ -62.674595847578829, -19.381927816821957, 0.0 ], [ -62.675477789475856, -19.369367680819586, 0.0 ], [ -62.701344783804565, -19.346005513903219, 0.0 ], [ -62.731988973835328, -19.371628596744813, 0.0 ], [ -62.777945392465362, -19.328672974532008, 0.0 ], [ -62.7602001834316, -19.302532666193027, 0.0 ], [ -62.726660823550922, -19.300316575509306, 0.0 ], [ -62.701747941093387, -19.281208866725521, 0.0 ], [ -62.668282677635951, -19.240031415564008, 0.0 ], [ -62.65228624142825, -19.213883839876576, 0.0 ], [ -62.626277621135202, -19.184099802276805, 0.0 ], [ -62.609375135549527, -19.180268917526902, 0.0 ], [ -62.622888324257438, -19.160414978593199, 0.0 ], [ -62.602301138441177, -19.143562062890968, 0.0 ], [ -62.624380390303884, -19.135655593896729, 0.0 ], [ -62.610453270950636, -19.089626200697889, 0.0 ], [ -62.601931223543254, -19.05969406137341, 0.0 ], [ -62.579225702100224, -19.051961858465436, 0.0 ], [ -62.570033103647106, -18.99003404844251, 0.0 ], [ -62.558121209706414, -18.931714050763151, 0.0 ], [ -62.479923228360207, -18.866893337557226, 0.0 ], [ -62.417275332746549, -18.83706487030987, 0.0 ], [ -62.41739677521862, -19.002088039983359, 0.0 ] ] ] ] } },
{ "type": "Feature", "properties": { "fid": 563606, "Nombre": "APM San Rafael", "actividades": null, "descripcion": "s/descripcion", "categoria": "Área Protegida", "hectareas": 67147.525441681006 }, "geometry": { "type": "MultiPolygon", "coordinates": [ [ [ [ -59.926344067201505, -17.05752339740782, 0.0 ], [ -59.926821124993893, -17.028785609336897, 0.0 ], [ -60.275911016231639, -17.033766275172152, 0.0 ], [ -60.166122316082401, -16.999881793222549, 0.0 ], [ -60.032858535633814, -17.000014011576056, 0.0 ], [ -60.032544640626867, -16.909235254043093, 0.0 ], [ -59.872419992954633, -16.911523695434344, 0.0 ], [ -59.869158859353107, -16.694844169817106, 0.0 ], [ -59.823355944438234, -16.663259922435188, 0.0 ], [ -59.824482485669641, -16.740612144322174, 0.0 ], [ -59.823971147646205, -17.005166826981338, 0.0 ], [ -59.913753155892081, -17.004821825444566, 0.0 ], [ -59.922084307570486, -17.057573776765768, 0.0 ], [ -59.926344067201505, -17.05752339740782, 0.0 ] ] ], [ [ [ -59.926344067201505, -17.05752339740782, 0.0 ], [ -59.913633705619112, -17.057674816011115, 0.0 ], [ -59.740254561185054, -17.053401764899981, 0.0 ], [ -59.742994996438668, -17.056142200022531, 0.0 ], [ -59.923863970302001, -17.106155286740965, 0.0 ], [ -59.926344067201505, -17.05752339740782, 0.0 ] ] ], [ [ [ -60.274902790121494, -17.103191888837568, 0.0 ], [ -60.277379678804422, -17.171240439040787, 0.0 ], [ -60.304784021270493, -17.173980873723558, 0.0 ], [ -60.324043503407175, -17.16993345077417, 0.0 ], [ -60.354111838050343, -17.139725444794969, 0.0 ], [ -60.373294876700939, -17.136985011543597, 0.0 ], [ -60.393848133764294, -17.14794674736217, 0.0 ], [ -60.41577160901172, -17.16712978671935, 0.0 ], [ -60.422949819756944, -17.123646003960431, 0.0 ], [ -60.430064041625528, -17.118876301438632, 0.0 ], [ -60.453310730855733, -17.105514971562165, 0.0 ], [ -60.453678949645663, -17.078423502251415, 0.0 ], [ -60.275341246089376, -17.076104915442656, 0.0 ], [ -60.274902790121494, -17.103191888837568, 0.0 ] ] ] ] } },
{ "type": "Feature", "properties": { "fid": 563607, "Nombre": "Tariquía", "actividades": null, "descripcion": "s/descripcion", "categoria": "Área Protegida", "hectareas": 247337.13494742147 }, "geometry": { "type": "MultiPolygon", "coordinates": [ [ [ [ -64.229008322575964, -21.755628583792081, 0.0 ], [ -64.180490654520042, -21.773017154518008, 0.0 ], [ -64.093473991731287, -21.772995193972978, 0.0 ], [ -64.206822804029116, -22.118405519399172, 0.0 ], [ -64.099999298928481, -22.223180247470395, 0.0 ], [ -64.125731066435549, -22.33580117368518, 0.0 ], [ -64.429072104793761, -22.335513119035177, 0.0 ], [ -64.429068824966237, -22.161676343888121, 0.0 ], [ -64.606849053540941, -22.165426211950091, 0.0 ], [ -64.606847802583957, -21.996100667311904, 0.0 ], [ -64.486013845662399, -21.843608191165053, 0.0 ], [ -64.463443349830698, -21.755792535596978, 0.0 ], [ -64.229008322575964, -21.755628583792081, 0.0 ] ] ] ] } },
{ "type": "Feature", "properties": { "fid": 563608, "Nombre": "El Cardón", "actividades": null, "descripcion": "s/descripcion", "categoria": "Área Protegida", "hectareas": 36029.342855715637 }, "geometry": { "type": "MultiPolygon", "coordinates": [ [ [ [ -65.037025298291013, -21.382221336140198, 0.0 ], [ -65.03775975304147, -21.379405262015805, 0.0 ], [ -65.037733424725616, -21.377503962285115, 0.0 ], [ -65.037702085286043, -21.375240509408187, 0.0 ], [ -65.037094551522529, -21.373255713533322, 0.0 ], [ -65.037269074788455, -21.371895294338255, 0.0 ], [ -65.036659059632029, -21.369729418458988, 0.0 ], [ -65.035867020301581, -21.368380727843835, 0.0 ], [ -65.034897950603508, -21.368211375487174, 0.0 ], [ -65.033556011739975, -21.369042624784836, 0.0 ], [ -65.033148129163266, -21.367508156407879, 0.0 ], [ -65.032068666534968, -21.366344034370531, 0.0 ], [ -65.031367098236132, -21.364541453894446, 0.0 ], [ -65.030298905411527, -21.364192164473835, 0.0 ], [ -65.027509641946793, -21.36522197627308, 0.0 ], [ -65.027592585121226, -21.364224881794318, 0.0 ], [ -65.026407814859127, -21.362428113238948, 0.0 ], [ -65.02531599293269, -21.360358550161852, 0.0 ], [ -65.024620761937399, -21.359008627528727, 0.0 ], [ -65.023345642476642, -21.357665690375722, 0.0 ], [ -65.022281245038457, -21.357587962053366, 0.0 ], [ -65.021338345340283, -21.35931984689989, 0.0 ], [ -65.02027641929665, -21.359423184916739, 0.0 ], [ -65.020065733724152, -21.358157960937053, 0.0 ], [ -65.019947977476292, -21.356619955913395, 0.0 ], [ -65.01878445643932, -21.356362289114582, 0.0 ], [ -65.016959265611462, -21.357199215992047, 0.0 ], [ -65.015505791740537, -21.35694500977781, 0.0 ], [ -65.013958148072362, -21.356873029001562, 0.0 ], [ -65.012337352061024, -21.358522446770557, 0.0 ], [ -65.011673154543203, -21.359435953422004, 0.0 ], [ -65.010048598560374, -21.360813733918587, 0.0 ], [ -65.009483502185361, -21.361907154528545, 0.0 ], [ -65.008733733312454, -21.363636668035028, 0.0 ], [ -65.008069491915734, -21.364550163469019, 0.0 ], [ -65.006337087909671, -21.365114210842176, 0.0 ], [ -65.003828950353011, -21.365506395066461, 0.0 ], [ -65.002400029743185, -21.367062883157889, 0.0 ], [ -65.002223952234971, -21.368332753557649, 0.0 ], [ -65.002243651963326, -21.369781395390493, 0.0 ], [ -65.001585499670256, -21.371147570801661, 0.0 ], [ -64.999564235782287, -21.371805555022117, 0.0 ], [ -64.998509567980932, -21.372452005248647, 0.0 ], [ -64.997370514558966, -21.374005005226362, 0.0 ], [ -64.99652265762775, -21.37564508658739, 0.0 ], [ -64.994317792584681, -21.377029639121037, 0.0 ], [ -64.992681844635939, -21.377592410994968, 0.0 ], [ -64.990465889432826, -21.378162051951961, 0.0 ], [ -64.988442024390437, -21.378638830753129, 0.0 ], [ -64.987009146207171, -21.37992358498953, 0.0 ], [ -64.985385349559309, -21.381391700789038, 0.0 ], [ -64.981945540067855, -21.38442071522768, 0.0 ], [ -64.980621411202932, -21.386609692955599, 0.0 ], [ -64.979775736147445, -21.388430790413651, 0.0 ], [ -64.978733038794815, -21.389982543532017, 0.0 ], [ -64.977986434732884, -21.391983577565163, 0.0 ], [ -64.977714673832409, -21.393345118163381, 0.0 ], [ -64.978114778192818, -21.394336508496242, 0.0 ], [ -64.978895505865779, -21.394870627778619, 0.0 ], [ -64.978722865792435, -21.396412110026464, 0.0 ], [ -64.978167160202204, -21.398229780322147, 0.0 ], [ -64.978198838799614, -21.400583850870099, 0.0 ], [ -64.977945346884255, -21.403303508096432, 0.0 ], [ -64.97865260276356, -21.405559046619249, 0.0 ], [ -64.978678204880154, -21.40746040819041, 0.0 ], [ -64.978804154890966, -21.409632250911525, 0.0 ], [ -64.979791768560716, -21.411160026100269, 0.0 ], [ -64.980396308027878, -21.412963987319824, 0.0 ], [ -64.98041583875785, -21.414412641632083, 0.0 ], [ -64.980432929499969, -21.415680214274683, 0.0 ], [ -64.980648288995738, -21.417307662835892, 0.0 ], [ -64.980867318710295, -21.419206733283048, 0.0 ], [ -64.98099088333484, -21.421197486997073, 0.0 ], [ -64.981207484176565, -21.422915473313129, 0.0 ], [ -64.98123192128098, -21.424726288337077, 0.0 ], [ -64.981447433858293, -21.426362785751053, 0.0 ], [ -64.981556353681199, -21.427267049353144, 0.0 ], [ -64.981481655370615, -21.428897925633738, 0.0 ], [ -64.980821864563865, -21.430173504570153, 0.0 ], [ -64.980939340201743, -21.431711552710681, 0.0 ], [ -64.981245334838476, -21.432885146793669, 0.0 ], [ -64.981739851835457, -21.433694289344391, 0.0 ], [ -64.982810922955466, -21.434224936000639, 0.0 ], [ -64.983689818013602, -21.434848408524395, 0.0 ], [ -64.982828050790431, -21.435492503818182, 0.0 ], [ -64.981474195560963, -21.435508536026713, 0.0 ], [ -64.981496205143614, -21.437138267227621, 0.0 ], [ -64.982087444318097, -21.437946261329976, 0.0 ], [ -64.981512102238099, -21.438315294303969, 0.0 ], [ -64.979488607258531, -21.438882569518661, 0.0 ], [ -64.978722283893205, -21.439434961321382, 0.0 ], [ -64.979412669572525, -21.440422903587404, 0.0 ], [ -64.980584159878177, -21.441224040171235, 0.0 ], [ -64.981949079838557, -21.442022875042916, 0.0 ], [ -64.982053128810136, -21.442564972504197, 0.0 ], [ -64.982944315202829, -21.444093848346213, 0.0 ], [ -64.982668874930667, -21.445183772161457, 0.0 ], [ -64.98269090771349, -21.446813498504945, 0.0 ], [ -64.982613782856049, -21.448263291955037, 0.0 ], [ -64.982731309337552, -21.449801332232528, 0.0 ], [ -64.983238146031681, -21.451515866395592, 0.0 ], [ -64.983841711616066, -21.453229250771759, 0.0 ], [ -64.984530977366461, -21.45412662263584, 0.0 ], [ -64.986275547699307, -21.454377579750343, 0.0 ], [ -64.988320094785706, -21.455349389045729, 0.0 ], [ -64.988141398751708, -21.456438168329957, 0.0 ], [ -64.986792262839714, -21.456816418979091, 0.0 ], [ -64.986025882126853, -21.45736884916067, 0.0 ], [ -64.985075868488622, -21.458647894025614, 0.0 ], [ -64.985091811841471, -21.45982491461875, 0.0 ], [ -64.985689306733221, -21.461085586786709, 0.0 ], [ -64.986949129560742, -21.461251731240971, 0.0 ], [ -64.988313047293175, -21.461959956397902, 0.0 ], [ -64.989860583599622, -21.461941548219745, 0.0 ], [ -64.990256075253555, -21.462570722463113, 0.0 ], [ -64.989303613303278, -21.463668710980549, 0.0 ], [ -64.986312588472586, -21.464247595726707, 0.0 ], [ -64.98438549181904, -21.464813805670808, 0.0 ], [ -64.984014538538702, -21.465995418380061, 0.0 ], [ -64.982479206484044, -21.466919178896077, 0.0 ], [ -64.980762646965715, -21.468750619949539, 0.0 ], [ -64.981832757543486, -21.469190711247599, 0.0 ], [ -64.981941734800245, -21.470094966711834, 0.0 ], [ -64.980601026291538, -21.471106959252459, 0.0 ], [ -64.98042471191107, -21.47237681444728, 0.0 ], [ -64.98034267573469, -21.473464443326471, 0.0 ], [ -64.980653680940222, -21.475000188662449, 0.0 ], [ -64.981542753437381, -21.4763570264255, 0.0 ], [ -64.981558682887226, -21.477534048861791, 0.0 ], [ -64.981485233624653, -21.479255457873979, 0.0 ], [ -64.98150116399863, -21.480432479052293, 0.0 ], [ -64.981808526905965, -21.481696598292334, 0.0 ], [ -64.98201670699487, -21.482780785042699, 0.0 ], [ -64.981744888958019, -21.48414232842201, 0.0 ], [ -64.981964108885208, -21.48604137348601, 0.0 ], [ -64.982944977906257, -21.487025834117194, 0.0 ], [ -64.986136096393096, -21.486897372357728, 0.0 ], [ -64.988171276191537, -21.487144826990583, 0.0 ], [ -64.990122035431597, -21.488298805315662, 0.0 ], [ -64.990141737942309, -21.48974743803787, 0.0 ], [ -64.990059777021187, -21.490835064737677, 0.0 ], [ -64.991043194686938, -21.49200054919072, 0.0 ], [ -64.991442481216922, -21.49290133143095, 0.0 ], [ -64.990680871079377, -21.493815951138039, 0.0 ], [ -64.989144078825575, -21.494649249062384, 0.0 ], [ -64.988284470522061, -21.495474472303844, 0.0 ], [ -64.988204956678004, -21.496743178419422, 0.0 ], [ -64.989090428510266, -21.497819284135254, 0.0 ], [ -64.991136857395887, -21.49888154509777, 0.0 ], [ -64.991351305621009, -21.500418406840193, 0.0 ], [ -64.991755554330865, -21.501681342174024, 0.0 ], [ -64.992164746068624, -21.503306432242606, 0.0 ], [ -64.992967116320003, -21.505379597103619, 0.0 ], [ -64.993282052921685, -21.507186914969378, 0.0 ], [ -64.992920971909911, -21.509092859336874, 0.0 ], [ -64.993521239301572, -21.510534553676333, 0.0 ], [ -64.993926778154261, -21.511888016710387, 0.0 ], [ -64.993661219136243, -21.5137022661253, 0.0 ], [ -64.992913109297376, -21.515612831271369, 0.0 ], [ -64.992736882403108, -21.516882689926916, 0.0 ], [ -64.992853397517052, -21.518330158949414, 0.0 ], [ -64.994795974564596, -21.518850270122169, 0.0 ], [ -64.996056305265, -21.519016306409444, 0.0 ], [ -64.997688816118298, -21.518091233357154, 0.0 ], [ -64.998830089404109, -21.51662870894333, 0.0 ], [ -64.99948508586165, -21.514990898032039, 0.0 ], [ -65.000434048473366, -21.513621223074274, 0.0 ], [ -65.001881644636995, -21.513332204709407, 0.0 ], [ -65.003917206244921, -21.51357943691395, 0.0 ], [ -65.005658781483092, -21.513558516618957, 0.0 ], [ -65.007103875799999, -21.513088377408319, 0.0 ], [ -65.007696835317191, -21.513986778254189, 0.0 ], [ -65.007819714114831, -21.515886918309818, 0.0 ], [ -65.006967567030841, -21.517255467060195, 0.0 ], [ -65.006305190406849, -21.518350071350856, 0.0 ], [ -65.006611627103965, -21.519523579533395, 0.0 ], [ -65.009035556372112, -21.519856623967609, 0.0 ], [ -65.011068721605369, -21.519922683996267, 0.0 ], [ -65.012995147725604, -21.519265583354148, 0.0 ], [ -65.01493404233932, -21.519513839388072, 0.0 ], [ -65.015338558346102, -21.52077669489902, 0.0 ], [ -65.015064518401559, -21.521957192875014, 0.0 ], [ -65.014013898880819, -21.52296595985236, 0.0 ], [ -65.013351555488086, -21.524060590239497, 0.0 ], [ -65.01346703759728, -21.525417489692448, 0.0 ], [ -65.014741174205966, -21.526579294155937, 0.0 ], [ -65.015823053403992, -21.527833962633167, 0.0 ], [ -65.015750037313595, -21.52955534762712, 0.0 ], [ -65.015191944219822, -21.531192041488655, 0.0 ], [ -65.014441555986821, -21.532921611284586, 0.0 ], [ -65.013294091661734, -21.533931547837376, 0.0 ], [ -65.012539926186989, -21.535389496691572, 0.0 ], [ -65.011971795042825, -21.536301881201592, 0.0 ], [ -65.010336699693909, -21.537046024648426, 0.0 ], [ -65.010160617617828, -21.538315888001602, 0.0 ], [ -65.01239257342462, -21.538741729709674, 0.0 ], [ -65.015016622223285, -21.539525014600049, 0.0 ], [ -65.016088603593246, -21.540055371873727, 0.0 ], [ -65.018902477234064, -21.540564638040038, 0.0 ], [ -65.019780935782805, -21.541097313360407, 0.0 ], [ -65.021444862972857, -21.542435433964126, 0.0 ], [ -65.022719218380672, -21.543597156835858, 0.0 ], [ -65.023311657487326, -21.544441160068786, 0.0 ], [ -65.023806827470708, -21.545250120389465, 0.0 ], [ -65.023242504950389, -21.546434150531141, 0.0 ], [ -65.022093755070074, -21.547353613629443, 0.0 ], [ -65.021333349136839, -21.548358912813345, 0.0 ], [ -65.019896749003095, -21.549462957570359, 0.0 ], [ -65.021069363108381, -21.550263713205013, 0.0 ], [ -65.022532323192067, -21.55106093728007, 0.0 ], [ -65.024475421554897, -21.551580658445456, 0.0 ], [ -65.026613346430466, -21.552188538834194, 0.0 ], [ -65.027787275290734, -21.553079779819601, 0.0 ], [ -65.029153517217779, -21.553878118019043, 0.0 ], [ -65.029851136799849, -21.555318453416366, 0.0 ], [ -65.030076208097142, -21.557579509551598, 0.0 ], [ -65.029998334079323, -21.558938737472818, 0.0 ], [ -65.029723111349369, -21.560028713510913, 0.0 ], [ -65.028662271970774, -21.560313290515509, 0.0 ], [ -65.027308557440676, -21.560420320564038, 0.0 ], [ -65.026350785252845, -21.561156388518572, 0.0 ], [ -65.02558279981001, -21.561618488329362, 0.0 ], [ -65.023857012108451, -21.56281664027609, 0.0 ], [ -65.022505780770203, -21.563104707754174, 0.0 ], [ -65.021550476687722, -21.564021825668238, 0.0 ], [ -65.022549750956856, -21.566273499549677, 0.0 ], [ -65.02411847800596, -21.567703278055181, 0.0 ], [ -65.027042291477699, -21.56911655060755, 0.0 ], [ -65.028700319396464, -21.570001880654793, 0.0 ], [ -65.032668710522358, -21.569953494289258, 0.0 ], [ -65.033730872856111, -21.56975942412712, 0.0 ], [ -65.038355241789546, -21.568163514936945, 0.0 ], [ -65.039020092658845, -21.567249862067008, 0.0 ], [ -65.040265658684987, -21.566329094786902, 0.0 ], [ -65.041902158424591, -21.565675181838952, 0.0 ], [ -65.04411808817909, -21.564923592152951, 0.0 ], [ -65.047788314737886, -21.564335205488987, 0.0 ], [ -65.047710608788478, -21.565694427927987, 0.0 ], [ -65.04879434674082, -21.56703936775666, 0.0 ], [ -65.0486236805761, -21.568671384990306, 0.0 ], [ -65.049609388874359, -21.569926972038314, 0.0 ], [ -65.050307293181845, -21.571367197128062, 0.0 ], [ -65.052933370997692, -21.57224035350518, 0.0 ], [ -65.054580079917045, -21.572310595487657, 0.0 ], [ -65.056625451385216, -21.573190854472873, 0.0 ], [ -65.057809956267803, -21.574806131975766, 0.0 ], [ -65.058693875052029, -21.575700710822638, 0.0 ], [ -65.05929254590022, -21.576961015680492, 0.0 ], [ -65.059604686818801, -21.578496513392473, 0.0 ], [ -65.059733490477157, -21.580758682607861, 0.0 ], [ -65.060822582011781, -21.582465661737775, 0.0 ], [ -65.061330913850099, -21.58417982568395, 0.0 ], [ -65.061551428464981, -21.5860786515935, 0.0 ], [ -65.062063633217903, -21.588064414609999, 0.0 ], [ -65.062087999383166, -21.589784568085982, 0.0 ], [ -65.061140497107743, -21.591245111243875, 0.0 ], [ -65.059801920125622, -21.592438839961428, 0.0 ], [ -65.057976739228749, -21.593457477732084, 0.0 ], [ -65.056053448917581, -21.594386759062914, 0.0 ], [ -65.053936521014592, -21.595318410150988, 0.0 ], [ -65.051720204144416, -21.5960701597227, 0.0 ], [ -65.050176407604965, -21.596451393105223, 0.0 ], [ -65.049891090163584, -21.596817110962096, 0.0 ], [ -65.049724257799937, -21.59872073200906, 0.0 ], [ -65.052056586152176, -21.599325834706857, 0.0 ], [ -65.054195313519457, -21.599933292241445, 0.0 ], [ -65.055664070364486, -21.60109230586178, 0.0 ], [ -65.057714989003969, -21.602334654411052, 0.0 ], [ -65.059271636143492, -21.602858692350878, 0.0 ], [ -65.060642367865213, -21.603928319516381, 0.0 ], [ -65.06201311944821, -21.604997933648356, 0.0 ], [ -65.063003062155232, -21.606525009574096, 0.0 ], [ -65.064382080223751, -21.608174018908336, 0.0 ], [ -65.064605269009022, -21.61025389826322, 0.0 ], [ -65.065788911352996, -21.611778547370729, 0.0 ], [ -65.066589171928953, -21.613579601654337, 0.0 ], [ -65.06738430420657, -21.615018514592883, 0.0 ], [ -65.068269832266537, -21.616003548884198, 0.0 ], [ -65.069358031769426, -21.617619902836029, 0.0 ], [ -65.069956997218824, -21.618880142274374, 0.0 ], [ -65.070758644681476, -21.620771700322141, 0.0 ], [ -65.072711856357543, -21.621924500656593, 0.0 ], [ -65.074257131467519, -21.621633576313585, 0.0 ], [ -65.075886288193999, -21.620436096035089, 0.0 ], [ -65.07878055182492, -21.619675531776281, 0.0 ], [ -65.080019779290851, -21.618301791929497, 0.0 ], [ -65.081952271351909, -21.618005953208105, 0.0 ], [ -65.082757955902736, -21.620169040532346, 0.0 ], [ -65.08277871534375, -21.621617566659875, 0.0 ], [ -65.082519387921238, -21.62379399554143, 0.0 ], [ -65.082738985466932, -21.625602225338927, 0.0 ], [ -65.082673307040253, -21.627776226991099, 0.0 ], [ -65.082404892125325, -21.629318924913026, 0.0 ], [ -65.081747864678022, -21.630775942730679, 0.0 ], [ -65.081098608867066, -21.632776154862448, 0.0 ], [ -65.08122138297675, -21.634585598949418, 0.0 ], [ -65.082794031812725, -21.636195773751218, 0.0 ], [ -65.083869564375561, -21.636906677341802, 0.0 ], [ -65.084493439596017, -21.639886963039963, 0.0 ], [ -65.084066454738007, -21.643876471543688, 0.0 ], [ -65.084115849471019, -21.647316707898462, 0.0 ], [ -65.084338130645776, -21.649305991888991, 0.0 ], [ -65.085537936059609, -21.651916841075678, 0.0 ], [ -65.087498203585454, -21.653522081932451, 0.0 ], [ -65.088970386699245, -21.65486179357255, 0.0 ], [ -65.0890933033685, -21.65667121706997, 0.0 ], [ -65.089509367975197, -21.65865804763115, 0.0 ], [ -65.089738275144171, -21.66109997483651, 0.0 ], [ -65.090561337876295, -21.664439901459083, 0.0 ], [ -65.091082139406012, -21.666968694116122, 0.0 ], [ -65.091890907596053, -21.669312756724818, 0.0 ], [ -65.092486395688425, -21.670301278140904, 0.0 ], [ -65.092997456704353, -21.672151070642943, 0.0 ], [ -65.093183218762576, -21.678306004054168, 0.0 ], [ -65.092842857981765, -21.681570031797399, 0.0 ], [ -65.093655683227396, -21.684185668225261, 0.0 ], [ -65.09474604095665, -21.685892310135451, 0.0 ], [ -65.096510544901832, -21.687318779009633, 0.0 ], [ -65.099224051319041, -21.687374996040468, 0.0 ], [ -65.10107103379481, -21.687804340832869, 0.0 ], [ -65.103030663270616, -21.689318808833402, 0.0 ], [ -65.106131660084657, -21.689369994547423, 0.0 ], [ -65.108930194566994, -21.688610042674355, 0.0 ], [ -65.113420292858137, -21.690907099645475, 0.0 ], [ -65.116831754401176, -21.692312329965699, 0.0 ], [ -65.120237976384445, -21.693355364553167, 0.0 ], [ -65.123527458190452, -21.693041619138434, 0.0 ], [ -65.126608563558193, -21.691734471666166, 0.0 ], [ -65.128759560317249, -21.693065063948897, 0.0 ], [ -65.132248064489502, -21.693110777691494, 0.0 ], [ -65.135737900262043, -21.69324694750976, 0.0 ], [ -65.139120170238016, -21.69266006148116, 0.0 ], [ -65.141084243555781, -21.694445626350163, 0.0 ], [ -65.144089771288407, -21.694587871839914, 0.0 ], [ -65.146126640697176, -21.694742604192726, 0.0 ], [ -65.146546317055268, -21.696910267753648, 0.0 ], [ -65.148398889064254, -21.697701177069217, 0.0 ], [ -65.149594911585311, -21.69994930832048, 0.0 ], [ -65.151045258758799, -21.699749400286091, 0.0 ], [ -65.151108496808433, -21.697484942103841, 0.0 ], [ -65.150196351309688, -21.69478041063898, 0.0 ], [ -65.150540789779114, -21.691878485486644, 0.0 ], [ -65.15207177413123, -21.690590981115495, 0.0 ], [ -65.153900050002235, -21.689752329769206, 0.0 ], [ -65.153874469692028, -21.688032299822485, 0.0 ], [ -65.151921106879385, -21.686971115541812, 0.0 ], [ -65.151506771503875, -21.685165581183654, 0.0 ], [ -65.151271378082058, -21.682361721720699, 0.0 ], [ -65.151220301528738, -21.67892164880865, 0.0 ], [ -65.151288934009656, -21.6770192994932, 0.0 ], [ -65.149717784453173, -21.675590936704939, 0.0 ], [ -65.148129224728677, -21.67298568643751, 0.0 ], [ -65.148578594076113, -21.670625676029442, 0.0 ], [ -65.149310441927113, -21.667718730192309, 0.0 ], [ -65.149379108139797, -21.665816377653627, 0.0 ], [ -65.148576166371356, -21.663925311560053, 0.0 ], [ -65.14748673735896, -21.6623095852623, 0.0 ], [ -65.145743540620046, -21.66233213192702, 0.0 ], [ -65.145711396169759, -21.66015944228911, 0.0 ], [ -65.145388730771344, -21.657990506315759, 0.0 ], [ -65.145745297250116, -21.655903337226658, 0.0 ], [ -65.145721196393339, -21.654273818797975, 0.0 ], [ -65.146545872343239, -21.651094044452609, 0.0 ], [ -65.146021524999881, -21.648384438189634, 0.0 ], [ -65.145702913760687, -21.64648708532237, 0.0 ], [ -65.145771642705682, -21.644584726701385, 0.0 ], [ -65.145911778403629, -21.640961067099592, 0.0 ], [ -65.146171490907278, -21.638875148043986, 0.0 ], [ -65.147014839389584, -21.636962778737008, 0.0 ], [ -65.146982717363144, -21.634790083386715, 0.0 ], [ -65.146849759810081, -21.632347052974957, 0.0 ], [ -65.147099954587617, -21.629618376145991, 0.0 ], [ -65.147061153008465, -21.626993035540405, 0.0 ], [ -65.147027708906677, -21.624729808750512, 0.0 ], [ -65.146695792666179, -21.621927158302967, 0.0 ], [ -65.145903875942096, -21.620760280975119, 0.0 ], [ -65.143743195579717, -21.618705590969331, 0.0 ], [ -65.144478986941436, -21.616070250621949, 0.0 ], [ -65.144640560976072, -21.61389504964788, 0.0 ], [ -65.144989076766791, -21.61126470400967, 0.0 ], [ -65.144003619208263, -21.610100307760852, 0.0 ], [ -65.142447994005352, -21.609667623372616, 0.0 ], [ -65.140701423934956, -21.609418477820672, 0.0 ], [ -65.139310133921882, -21.606991617636382, 0.0 ], [ -65.139084562326673, -21.604821393709269, 0.0 ], [ -65.139149417059826, -21.602647433707933, 0.0 ], [ -65.140279111077163, -21.600459777004566, 0.0 ], [ -65.141212505326962, -21.598093547795749, 0.0 ], [ -65.140984268002526, -21.59574226634215, 0.0 ], [ -65.139201938347227, -21.59304878372447, 0.0 ], [ -65.137523121619225, -21.590806682531628, 0.0 ], [ -65.137104032973511, -21.588638934137819, 0.0 ], [ -65.137948605351681, -21.5868171450836, 0.0 ], [ -65.13869503438346, -21.584906065259062, 0.0 ], [ -65.138860695044215, -21.58300244848467, 0.0 ], [ -65.138342171239074, -21.58065488490557, 0.0 ], [ -65.138690780219264, -21.578024539875223, 0.0 ], [ -65.138658878609249, -21.575851818189193, 0.0 ], [ -65.139111175001332, -21.573690984135986, 0.0 ], [ -65.139945014928585, -21.571144950953201, 0.0 ], [ -65.143098939883217, -21.568387981340976, 0.0 ], [ -65.145678728808136, -21.566091090540365, 0.0 ], [ -65.146415640431059, -21.563546281581836, 0.0 ], [ -65.146174099667718, -21.560289703267024, 0.0 ], [ -65.147495631023105, -21.558008998379677, 0.0 ], [ -65.147571071808429, -21.556559275500003, 0.0 ], [ -65.145903265682563, -21.555041464253186, 0.0 ], [ -65.14431629178209, -21.55243602797643, 0.0 ], [ -65.143693085238553, -21.54954653602206, 0.0 ], [ -65.145023894057303, -21.547899563788512, 0.0 ], [ -65.145670646320781, -21.545808655920435, 0.0 ], [ -65.145923664096784, -21.543270077798386, 0.0 ], [ -65.146763916998125, -21.541176676182761, 0.0 ], [ -65.14838224405581, -21.539344887213211, 0.0 ], [ -65.149119016387559, -21.536800073847989, 0.0 ], [ -65.148519796047339, -21.535540136179506, 0.0 ], [ -65.147058542647642, -21.534888909486948, 0.0 ], [ -65.144927170128724, -21.534735243763098, 0.0 ], [ -65.143943619318179, -21.533661323481539, 0.0 ], [ -65.143918357853707, -21.531941250048575, 0.0 ], [ -65.144282785831876, -21.530397260009515, 0.0 ], [ -65.143404000367937, -21.529865271025173, 0.0 ], [ -65.141558987649177, -21.529436235286848, 0.0 ], [ -65.141723287261158, -21.52744208013182, 0.0 ], [ -65.141703372484059, -21.526084124061438, 0.0 ], [ -65.14062448067466, -21.525101949804668, 0.0 ], [ -65.138770253651174, -21.524039161320061, 0.0 ], [ -65.138163230627356, -21.522235989658096, 0.0 ], [ -65.13592999597607, -21.521721309886004, 0.0 ], [ -65.135708697632708, -21.519822638737534, 0.0 ], [ -65.136454896803258, -21.517911581488541, 0.0 ], [ -65.136429744733064, -21.516191495454919, 0.0 ], [ -65.136017607988038, -21.514476362821167, 0.0 ], [ -65.134461724846432, -21.513952982981465, 0.0 ], [ -65.13213188188702, -21.51343947675122, 0.0 ], [ -65.129902756770676, -21.513196296213057, 0.0 ], [ -65.127465645952952, -21.511959706986779, 0.0 ], [ -65.127350452522663, -21.510693500175201, 0.0 ], [ -65.128993793120301, -21.510581998114624, 0.0 ], [ -65.129264244281018, -21.509220324956903, 0.0 ], [ -65.130515313460762, -21.508751620808738, 0.0 ], [ -65.130686367058047, -21.507210118043343, 0.0 ], [ -65.13114368156846, -21.505393316898704, 0.0 ], [ -65.129306919542714, -21.505507303283576, 0.0 ], [ -65.127295112830055, -21.506891178013582, 0.0 ], [ -65.12566234230836, -21.50772691251894, 0.0 ], [ -65.123344454531193, -21.508028058283074, 0.0 ], [ -65.12196639240311, -21.50641571002518, 0.0 ], [ -65.121653830117594, -21.504880356560509, 0.0 ], [ -65.12240541785016, -21.503331477777021, 0.0 ], [ -65.1232708202092, -21.502958279543687, 0.0 ], [ -65.124613340489944, -21.502126264643397, 0.0 ], [ -65.123916439669273, -21.500776903798126, 0.0 ], [ -65.124470565520241, -21.498958884753375, 0.0 ], [ -65.125040465571459, -21.498227244547916, 0.0 ], [ -65.124440318629155, -21.496876653960495, 0.0 ], [ -65.123841500195027, -21.495616589945651, 0.0 ], [ -65.125169483223203, -21.493788726067965, 0.0 ], [ -65.124561469587206, -21.491894942021702, 0.0 ], [ -65.123300003593769, -21.491639337204557, 0.0 ], [ -65.122046420180652, -21.491926915246577, 0.0 ], [ -65.120877753586257, -21.491398467978222, 0.0 ], [ -65.122115576979795, -21.490024515086503, 0.0 ], [ -65.122962514692048, -21.488383876315872, 0.0 ], [ -65.121979457461407, -21.487309782749083, 0.0 ], [ -65.120715410399569, -21.486873090748215, 0.0 ], [ -65.11905527710546, -21.485807571588516, 0.0 ], [ -65.117409576701135, -21.485737889451219, 0.0 ], [ -65.114588737027447, -21.484687029907484, 0.0 ], [ -65.110309184692767, -21.483111255609572, 0.0 ], [ -65.108749801608283, -21.482316000189183, 0.0 ], [ -65.107576039227013, -21.481425316098232, 0.0 ], [ -65.105440237404011, -21.480908946590667, 0.0 ], [ -65.102342387044146, -21.480766852600411, 0.0 ], [ -65.099150406470116, -21.480806983299484, 0.0 ], [ -65.097312595577847, -21.480830061243868, 0.0 ], [ -65.094699670468103, -21.480772287950789, 0.0 ], [ -65.093142975778264, -21.480157944841224, 0.0 ], [ -65.092157592487595, -21.478902584896179, 0.0 ], [ -65.093306653737059, -21.478073244089757, 0.0 ], [ -65.095323632032503, -21.477051916745129, 0.0 ], [ -65.096362971723593, -21.475318434081448, 0.0 ], [ -65.097017994148828, -21.47377086816115, 0.0 ], [ -65.097961869163328, -21.472129125324177, 0.0 ], [ -65.099404898641183, -21.471567706953486, 0.0 ], [ -65.101049149138944, -21.471547048013839, 0.0 ], [ -65.102790117908086, -21.471525154384466, 0.0 ], [ -65.104239624173758, -21.471416363510219, 0.0 ], [ -65.104228956812094, -21.470673991077888, 0.0 ], [ -65.104018609920388, -21.469499493761774, 0.0 ], [ -65.102924804591737, -21.467430614296543, 0.0 ], [ -65.103865976535516, -21.465607778408387, 0.0 ], [ -65.104599390187772, -21.462791507180626, 0.0 ], [ -65.105920862746288, -21.460511127946553, 0.0 ], [ -65.1092836598297, -21.458929402002237, 0.0 ], [ -65.112062202585747, -21.457083343999152, 0.0 ], [ -65.111921138188819, -21.454006444382635, 0.0 ], [ -65.111884617914583, -21.451471520282276, 0.0 ], [ -65.114077536981753, -21.449270633603742, 0.0 ], [ -65.116658511517457, -21.447155364069978, 0.0 ], [ -65.119545219203957, -21.446122775207584, 0.0 ], [ -65.121074127953321, -21.444835711665498, 0.0 ], [ -65.124725177072506, -21.443159504620922, 0.0 ], [ -65.127999849503084, -21.442212402518376, 0.0 ], [ -65.128835982094174, -21.439847496720024, 0.0 ], [ -65.128024312215544, -21.437231901894922, 0.0 ], [ -65.127591578334261, -21.434068190373047, 0.0 ], [ -65.126688002666739, -21.431779727334057, 0.0 ], [ -65.125692225285192, -21.429800296168359, 0.0 ], [ -65.125662067996515, -21.427718048938111, 0.0 ], [ -65.126487687354455, -21.424628895563195, 0.0 ], [ -65.127134333071155, -21.422538053159151, 0.0 ], [ -65.128757002645244, -21.421068649330408, 0.0 ], [ -65.132215329492169, -21.419485320441584, 0.0 ], [ -65.135766308463758, -21.4176290986053, 0.0 ], [ -65.1375848335352, -21.416338216909278, 0.0 ], [ -65.136888302160116, -21.414988874266655, 0.0 ], [ -65.133214417561831, -21.415035702986984, 0.0 ], [ -65.130899317652492, -21.415427366097976, 0.0 ], [ -65.127979188727124, -21.414106253477655, 0.0 ], [ -65.127567549317646, -21.412391047649432, 0.0 ], [ -65.125633950169117, -21.412415593985028, 0.0 ], [ -65.123202552257112, -21.411450384974145, 0.0 ], [ -65.122597621337334, -21.409737612388422, 0.0 ], [ -65.120848259322443, -21.4091259205012, 0.0 ], [ -65.119290959940813, -21.408421229633795, 0.0 ], [ -65.116097980040678, -21.408280488336445, 0.0 ], [ -65.113857453404123, -21.407131622926219, 0.0 ], [ -65.111542400246506, -21.407523013532071, 0.0 ], [ -65.10913845059271, -21.408458791072626, 0.0 ], [ -65.107607178515536, -21.409564661935065, 0.0 ], [ -65.106363327504965, -21.410485805999343, 0.0 ], [ -65.103865203722179, -21.411603798154921, 0.0 ], [ -65.10184526739792, -21.412353555960188, 0.0 ], [ -65.09952620362165, -21.412473185820467, 0.0 ], [ -65.09701247612368, -21.412504671257444, 0.0 ], [ -65.094692107828337, -21.412533701317116, 0.0 ], [ -65.092179660969407, -21.412655649660639, 0.0 ], [ -65.089687815083948, -21.414226114495975, 0.0 ], [ -65.087583938819236, -21.4158822632631, 0.0 ], [ -65.08741244512008, -21.41742376504126, 0.0 ], [ -65.086279225251445, -21.419339453213766, 0.0 ], [ -65.084748941924502, -21.420535670814456, 0.0 ], [ -65.084974457765341, -21.422796635746305, 0.0 ], [ -65.084617267097158, -21.424883753437246, 0.0 ], [ -65.083860447175368, -21.426070336475284, 0.0 ], [ -65.082719415534456, -21.427442798169889, 0.0 ], [ -65.081289566539212, -21.428909394887974, 0.0 ], [ -65.080245184048437, -21.430280639955157, 0.0 ], [ -65.078331803691242, -21.431753222530745, 0.0 ], [ -65.077477691854838, -21.432904768923446, 0.0 ], [ -65.075753802531139, -21.43410331989908, 0.0 ], [ -65.071907633246084, -21.435690344576805, 0.0 ], [ -65.069684837277919, -21.43580839725503, 0.0 ], [ -65.068514238703429, -21.435098455777833, 0.0 ], [ -65.068491264405949, -21.433468812148206, 0.0 ], [ -65.068479779544631, -21.432653991993718, 0.0 ], [ -65.068268521893899, -21.431388880568612, 0.0 ], [ -65.06922271661432, -21.430471573740313, 0.0 ], [ -65.06833969873189, -21.429576970121197, 0.0 ], [ -65.068133551898711, -21.428674001097914, 0.0 ], [ -65.06773401997026, -21.427773419989329, 0.0 ], [ -65.065887917102316, -21.427162347843932, 0.0 ], [ -65.065676693780432, -21.425897230837734, 0.0 ], [ -65.064798818607656, -21.425364748475584, 0.0 ], [ -65.062761916710187, -21.424937094724104, 0.0 ], [ -65.061398055547969, -21.424229475936809, 0.0 ], [ -65.05986495933098, -21.425244412653637, 0.0 ], [ -65.058899302857839, -21.425346841938797, 0.0 ], [ -65.057448912257939, -21.425364668921127, 0.0 ], [ -65.057239032470179, -21.424190071279735, 0.0 ], [ -65.057997339583665, -21.423094129009677, 0.0 ], [ -65.058277258936741, -21.422366272813431, 0.0 ], [ -65.058069918084868, -21.421372748583202, 0.0 ], [ -65.05941215136427, -21.420541279733541, 0.0 ], [ -65.060761991447293, -21.420253020010403, 0.0 ], [ -65.062401892567351, -21.419961177114306, 0.0 ], [ -65.064230071907758, -21.419304791485494, 0.0 ], [ -65.064314034004681, -21.418398238305738, 0.0 ], [ -65.063342067245131, -21.418048007538893, 0.0 ], [ -65.061407042162031, -21.417981282719719, 0.0 ], [ -65.060244249175724, -21.41781448632732, 0.0 ], [ -65.060229008110056, -21.416728049953132, 0.0 ], [ -65.06068957769368, -21.415092447718671, 0.0 ], [ -65.060580190687389, -21.414188273095135, 0.0 ], [ -65.05902687999685, -21.413754612679192, 0.0 ], [ -65.058525691722394, -21.412493043227755, 0.0 ], [ -65.058504124386644, -21.410953922191535, 0.0 ], [ -65.059164409965135, -21.409768630780782, 0.0 ], [ -65.059150452032412, -21.408772728993195, 0.0 ], [ -65.057303354806976, -21.408071002316596, 0.0 ], [ -65.055869602116104, -21.409265778868726, 0.0 ], [ -65.054430761643772, -21.410098399275441, 0.0 ], [ -65.053078464610977, -21.410205528396251, 0.0 ], [ -65.053060752200878, -21.408938012708607, 0.0 ], [ -65.054207014828478, -21.407927887175799, 0.0 ], [ -65.054965271944326, -21.406831960682343, 0.0 ], [ -65.055135841131431, -21.405199928106093, 0.0 ], [ -65.054641051039383, -21.404391024142644, 0.0 ], [ -65.053384221576309, -21.404406429417055, 0.0 ], [ -65.051645257083692, -21.40451828111561, 0.0 ], [ -65.05076377089982, -21.403714098864285, 0.0 ], [ -65.051129006539327, -21.402170235274049, 0.0 ], [ -65.051879679833576, -21.400531101336426, 0.0 ], [ -65.051953607113546, -21.398900251263616, 0.0 ], [ -65.051650944615744, -21.39799843077418, 0.0 ], [ -65.049907003667855, -21.397748110531946, 0.0 ], [ -65.049119720775096, -21.39676165769524, 0.0 ], [ -65.049490010629953, -21.395579945658433, 0.0 ], [ -65.050926223474548, -21.39456630151086, 0.0 ], [ -65.05119729758492, -21.39320469565623, 0.0 ], [ -65.051375484852684, -21.392115885216803, 0.0 ], [ -65.049148258444902, -21.391871463902842, 0.0 ], [ -65.04836605971056, -21.391247153522883, 0.0 ], [ -65.049020050636727, -21.389609212458787, 0.0 ], [ -65.049582405499578, -21.388334601695064, 0.0 ], [ -65.047933990365863, -21.387992531427876, 0.0 ], [ -65.046580626046762, -21.388009055151823, 0.0 ], [ -65.044243583822549, -21.38681509837571, 0.0 ], [ -65.042587650440382, -21.385929746956336, 0.0 ], [ -65.041705073679751, -21.385034964896612, 0.0 ], [ -65.040535019753378, -21.384324781433641, 0.0 ], [ -65.039661251715671, -21.384063749954336, 0.0 ], [ -65.038307917485625, -21.384080204050342, 0.0 ], [ -65.036477513881835, -21.384555207668832, 0.0 ], [ -65.037025298291013, -21.382221336140198, 0.0 ] ] ] ] } },
{ "type": "Feature", "properties": { "fid": 563609, "Nombre": "Guajukaka", "actividades": null, "descripcion": "s/descripcion", "categoria": "Área Protegida", "hectareas": 285117.38266187813 }, "geometry": { "type": "MultiPolygon", "coordinates": [ [ [ [ -62.580106719999947, -19.902616185999928, 0.0 ], [ -62.380192266999977, -19.906037605999916, 0.0 ], [ -62.346676949999953, -19.905740555999945, 0.0 ], [ -62.345424287999954, -19.905733925999989, 0.0 ], [ -62.345241481999949, -19.905732957999941, 0.0 ], [ -62.344928125999964, -20.010102677999953, 0.0 ], [ -62.430375720999955, -20.010346099999918, 0.0 ], [ -62.428409923999943, -20.248161629999963, 0.0 ], [ -62.428389864999986, -20.250583876999944, 0.0 ], [ -62.428099538999966, -20.250582989999938, 0.0 ], [ -62.428088667999987, -20.251895445999942, 0.0 ], [ -62.427111359999969, -20.251892719999933, 0.0 ], [ -62.043854021999955, -20.250301165999925, 0.0 ], [ -62.040291360999952, -20.250281836999935, 0.0 ], [ -62.039200549999975, -20.250273163999964, 0.0 ], [ -62.039151513999975, -20.250273127999936, 0.0 ], [ -62.094177068999954, -20.326271037999952, 0.0 ], [ -62.192752031999987, -20.462000522999972, 0.0 ], [ -62.193148110999978, -20.462544966999921, 0.0 ], [ -62.193152883999979, -20.462551527999953, 0.0 ], [ -62.193155438999959, -20.462555039999931, 0.0 ], [ -62.194126974999961, -20.46389049999993, 0.0 ], [ -62.194603089999987, -20.463900874999979, 0.0 ], [ -62.202308956999964, -20.464068592999972, 0.0 ], [ -62.214322392999975, -20.464248998999949, 0.0 ], [ -62.275232579999965, -20.464274423999942, 0.0 ], [ -62.353117277999957, -20.464291978999935, 0.0 ], [ -62.543311452999944, -20.464207133999942, 0.0 ], [ -62.577468834999941, -20.464169858999984, 0.0 ], [ -62.693031417999975, -20.464010615999943, 0.0 ], [ -62.698217860999932, -20.464003468999977, 0.0 ], [ -62.698363165999979, -20.464003217999959, 0.0 ], [ -62.698378054999978, -20.46316241999995, 0.0 ], [ -62.698637046999984, -20.448534658999968, 0.0 ], [ -62.698775653999974, -20.437942638999967, 0.0 ], [ -62.698596916, -20.428337139999929, 0.0 ], [ -62.698314044999954, -20.413133916999971, 0.0 ], [ -62.697998449999943, -20.390872944999956, 0.0 ], [ -62.697257552999986, -20.341391994999974, 0.0 ], [ -62.69675785, -20.310750542999923, 0.0 ], [ -62.696547782999971, -20.285677060999937, 0.0 ], [ -62.69653536299996, -20.285147166999927, 0.0 ], [ -62.698056251999958, -20.285187583999971, 0.0 ], [ -62.699120107999931, -20.285215847999947, 0.0 ], [ -62.700267524999958, -20.285235939999954, 0.0 ], [ -62.702738427999968, -20.285210548999938, 0.0 ], [ -62.719197012999977, -20.285244648999939, 0.0 ], [ -62.736954938999986, -20.285304548999932, 0.0 ], [ -62.74442987599997, -20.285234448999976, 0.0 ], [ -62.755806366999941, -20.285281448999964, 0.0 ], [ -62.762259846999946, -20.285316151999947, 0.0 ], [ -62.764928076999979, -20.285330411999951, 0.0 ], [ -62.768098918999954, -20.285342243999924, 0.0 ], [ -62.770623247999929, -20.170436425999977, 0.0 ], [ -62.849106474999985, -20.129528609999966, 0.0 ], [ -62.849940715999935, -20.056422004999934, 0.0 ], [ -62.841992147999974, -20.057042348999975, 0.0 ], [ -62.78334060199996, -20.056644051999964, 0.0 ], [ -62.784211812999963, -19.985513491999928, 0.0 ], [ -62.579622116999978, -19.981800186999973, 0.0 ], [ -62.580106719999947, -19.902616185999928, 0.0 ] ] ] ] } },
{ "type": "Feature", "properties": { "fid": 563610, "Nombre": "Bañados de Isoso - Yande Yari", "actividades": "Apoyo al desarrollo de instrumentos de gestión.|Gobernanza ambiental.|Gestión territorial.|Trabajo con las comunidades vinculadas a la zona.", "descripcion": "s/descripcion", "categoria": "Área Protegida", "hectareas": 218932.74943966218 }, "geometry": { "type": "MultiPolygon", "coordinates": [ [ [ [ -61.912959594856048, -18.277125938493143, 0.0 ], [ -61.866446108825677, -18.300839116869888, 0.0 ], [ -61.852522358325523, -18.310302028550844, 0.0 ], [ -61.938469041003856, -18.40518937735769, 0.0 ], [ -61.956993320115366, -18.416289842610649, 0.0 ], [ -62.031819653493862, -18.515683579223037, 0.0 ], [ -62.124439722398584, -18.451414052419867, 0.0 ], [ -62.34739621731282, -18.74160982380441, 0.0 ], [ -62.402402464408546, -18.812791593207969, 0.0 ], [ -62.417261800463827, -18.812903396384677, 0.0 ], [ -62.417279494536615, -18.837066852899113, 0.0 ], [ -62.479923228360207, -18.866893337557226, 0.0 ], [ -62.558121209706428, -18.931714050763144, 0.0 ], [ -62.570033103647106, -18.99003404844251, 0.0 ], [ -62.579225702100224, -19.051961858465443, 0.0 ], [ -62.601931223543254, -19.059694061373392, 0.0 ], [ -62.610453270950636, -19.089626200697882, 0.0 ], [ -62.624380390303884, -19.135655593896729, 0.0 ], [ -62.602301138441177, -19.143562062890968, 0.0 ], [ -62.622888324257438, -19.160414978593202, 0.0 ], [ -62.609375135549527, -19.180268917526895, 0.0 ], [ -62.626277621135202, -19.184099802276805, 0.0 ], [ -62.645497920315101, -19.206111505388229, 0.0 ], [ -62.652146298083117, -19.029615254846409, 0.0 ], [ -62.653424614579713, -18.994778815140052, 0.0 ], [ -62.6547204861482, -18.959427516067016, 0.0 ], [ -62.655657049454923, -18.923647576599151, 0.0 ], [ -62.657011321680265, -18.887313275510802, 0.0 ], [ -62.659913335048095, -18.818302834549129, 0.0 ], [ -62.664447643706353, -18.700509201459209, 0.0 ], [ -62.665117344282713, -18.667009983517744, 0.0 ], [ -62.667581456958814, -18.575715692659781, 0.0 ], [ -62.316194657032213, -18.468252040160802, 0.0 ], [ -62.309483050716011, -18.529551476065656, 0.0 ], [ -62.280329335725384, -18.520526631430677, 0.0 ], [ -62.281252309188623, -18.514168797438582, 0.0 ], [ -62.253722953666831, -18.501657222213378, 0.0 ], [ -62.257012832696795, -18.455072182629422, 0.0 ], [ -62.234964080657768, -18.448940611372588, 0.0 ], [ -62.235022574480723, -18.443438909630455, 0.0 ], [ -62.188580857473404, -18.429037563838524, 0.0 ], [ -62.204657575293126, -18.447495180202012, 0.0 ], [ -62.190748974766734, -18.456032566281529, 0.0 ], [ -62.163758348214401, -18.421501736538882, 0.0 ], [ -62.163637431314832, -18.421333098213427, 0.0 ], [ -62.126355645285656, -18.367009339862108, 0.0 ], [ -62.121079797951751, -18.36710625345129, 0.0 ], [ -62.116611678022075, -18.36082102935065, 0.0 ], [ -62.051543984999952, -18.372197273591507, 0.0 ], [ -61.97436784186867, -18.272838684354443, 0.0 ], [ -61.94114270050148, -18.291713710234372, 0.0 ], [ -61.923049361997244, -18.269453669659899, 0.0 ], [ -61.912959594856048, -18.277125938493143, 0.0 ] ] ] ] } },
{ "type": "Feature", "properties": { "fid": 563611, "Nombre": "ACIE Ñembi Guasu", "actividades": "Apoyo a la gestión del ACIE Ñembi Guasu.|Investigación.|Manejo Integral del Fuego.|Control y vigilancia.|Fortalecimiento de capacidades.|Monitoreo de biodiversidad.", "descripcion": "s/descripcion", "categoria": "Área Protegida", "hectareas": 1202385.3891582855 }, "geometry": { "type": "MultiPolygon", "coordinates": [ [ [ [ -59.697136209576861, -18.44684874533657, 0.0 ], [ -59.695854708545212, -18.44876251050324, 0.0 ], [ -59.692340182181518, -18.452298096905309, 0.0 ], [ -59.691442708686452, -18.461398772714915, 0.0 ], [ -59.692585289313989, -18.477516349884809, 0.0 ], [ -59.692472432850607, -18.477738791986972, 0.0 ], [ -59.692359909776549, -18.477912066632765, 0.0 ], [ -59.692338425305017, -18.478134565745755, 0.0 ], [ -59.692361155277453, -18.478792972236821, 0.0 ], [ -59.692338790170425, -18.478988599737441, 0.0 ], [ -59.692277187223716, -18.47917334099116, 0.0 ], [ -59.69199478205342, -18.479454446123697, 0.0 ], [ -59.691747017961724, -18.479594187943867, 0.0 ], [ -59.691697280401591, -18.479690090510932, 0.0 ], [ -59.691686582186442, -18.479778985387629, 0.0 ], [ -59.69162330912345, -18.479865274990441, 0.0 ], [ -59.691459847526396, -18.479919768641096, 0.0 ], [ -59.691338643481949, -18.479994242804995, 0.0 ], [ -59.691289101071611, -18.480108040099996, 0.0 ], [ -59.69124175892896, -18.480289015354618, 0.0 ], [ -59.691232742565262, -18.480583673457527, 0.0 ], [ -59.691196446374626, -18.480733896852641, 0.0 ], [ -59.691096225568486, -18.480831767699719, 0.0 ], [ -59.690905405020743, -18.480893847064234, 0.0 ], [ -59.690751577810687, -18.480921989840798, 0.0 ], [ -59.690636594790519, -18.480925232005248, 0.0 ], [ -59.690547617258929, -18.481010245650758, 0.0 ], [ -59.69042311609887, -18.481209750875013, 0.0 ], [ -59.690336245516463, -18.481406650383011, 0.0 ], [ -59.690289446342213, -18.481663663004532, 0.0 ], [ -59.69015700085599, -18.482202591134175, 0.0 ], [ -59.690032603534753, -18.482464697944131, 0.0 ], [ -59.689971782442953, -18.482721015558848, 0.0 ], [ -59.689874892396588, -18.48301578580881, 0.0 ], [ -59.68974990324751, -18.48322420757713, 0.0 ], [ -59.689534070560455, -18.483401297027306, 0.0 ], [ -59.689342957452972, -18.483490186506433, 0.0 ], [ -59.689152862649387, -18.483538885233283, 0.0 ], [ -59.688730462316478, -18.483593946748073, 0.0 ], [ -59.688591000071504, -18.48368092595344, 0.0 ], [ -59.688451687153922, -18.483808152982558, 0.0 ], [ -59.688339594317405, -18.483994856902704, 0.0 ], [ -59.688164073384044, -18.48422759882309, 0.0 ], [ -59.688051492488519, -18.484423219794053, 0.0 ], [ -59.687685735000294, -18.484771718417605, 0.0 ], [ -59.687469506434539, -18.484913014254765, 0.0 ], [ -59.686619316410145, -18.485250890904645, 0.0 ], [ -59.68608754545761, -18.485528549883387, 0.0 ], [ -59.685932602389499, -18.48564158533269, 0.0 ], [ -59.685801464667207, -18.485769214860184, 0.0 ], [ -59.685738877218043, -18.485971786088299, 0.0 ], [ -59.685706180452733, -18.486184782515771, 0.0 ], [ -59.685606691212627, -18.486376579919977, 0.0 ], [ -59.685393438849147, -18.48665662695565, 0.0 ], [ -59.685270048106922, -18.486878535788822, 0.0 ], [ -59.685020277344243, -18.487076288421594, 0.0 ], [ -59.684776982707426, -18.487305660355254, 0.0 ], [ -59.684281084561746, -18.487634274260685, 0.0 ], [ -59.68412224830773, -18.487818653332258, 0.0 ], [ -59.683847426825118, -18.488368384509521, 0.0 ], [ -59.683561338105633, -18.488609042991303, 0.0 ], [ -59.68333771151692, -18.488928811578237, 0.0 ], [ -59.683124546999416, -18.489164145364185, 0.0 ], [ -59.683020775745504, -18.489498805915659, 0.0 ], [ -59.683062807769069, -18.489845174852782, 0.0 ], [ -59.683175570392926, -18.49011904537084, 0.0 ], [ -59.683420557444322, -18.490417364531968, 0.0 ], [ -59.683667982212775, -18.490778401015035, 0.0 ], [ -59.683765207254325, -18.490886065719298, 0.0 ], [ -59.683897692351913, -18.491227983238076, 0.0 ], [ -59.684293842356276, -18.491547220740024, 0.0 ], [ -59.684600757285168, -18.491848613954652, 0.0 ], [ -59.685100513381187, -18.492244532705371, 0.0 ], [ -59.685800312574528, -18.492645909533344, 0.0 ], [ -59.686044766708562, -18.492868190837509, 0.0 ], [ -59.686254952035384, -18.493160311414208, 0.0 ], [ -59.686799224488794, -18.493728346028156, 0.0 ], [ -59.686934525316722, -18.493846841802746, 0.0 ], [ -59.687110618939386, -18.493904765422577, 0.0 ], [ -59.687280972655898, -18.494025001539413, 0.0 ], [ -59.687460343730521, -18.494302178574696, 0.0 ], [ -59.687461471619848, -18.494431901509341, 0.0 ], [ -59.687398242862827, -18.494603142338637, 0.0 ], [ -59.687269393026618, -18.494860550440265, 0.0 ], [ -59.687051694662578, -18.495135905198175, 0.0 ], [ -59.686887682258494, -18.495221660833909, 0.0 ], [ -59.686508544028371, -18.49547111644512, 0.0 ], [ -59.686358013104105, -18.495481529276162, 0.0 ], [ -59.686128171018375, -18.495420936127989, 0.0 ], [ -59.686037276540397, -18.495411952626934, 0.0 ], [ -59.685935772125703, -18.495447155043038, 0.0 ], [ -59.685822244732115, -18.495530944037597, 0.0 ], [ -59.685687941186153, -18.495823850028192, 0.0 ], [ -59.685620040871207, -18.496102166724377, 0.0 ], [ -59.685544881975879, -18.496277284426675, 0.0 ], [ -59.685386525579439, -18.496560052799378, 0.0 ], [ -59.685195886280169, -18.496747322085973, 0.0 ], [ -59.684945750869296, -18.496886925019975, 0.0 ], [ -59.684759779621217, -18.496967116083937, 0.0 ], [ -59.684623517119782, -18.497081073871339, 0.0 ], [ -59.684571333198114, -18.497221561187025, 0.0 ], [ -59.684568175823749, -18.497386839739754, 0.0 ], [ -59.684600509960227, -18.497567294186034, 0.0 ], [ -59.68460859789721, -18.497719717418747, 0.0 ], [ -59.684587670912983, -18.497888585409545, 0.0 ], [ -59.684504520713034, -18.49797388077123, 0.0 ], [ -59.684248641425391, -18.498175793836133, 0.0 ], [ -59.683887449848839, -18.49822492560963, 0.0 ], [ -59.683541504760917, -18.498467077061061, 0.0 ], [ -59.68319702031075, -18.498789781509469, 0.0 ], [ -59.683034706570908, -18.498844316614893, 0.0 ], [ -59.682872927393049, -18.498867580454977, 0.0 ], [ -59.682740212096483, -18.498852046812104, 0.0 ], [ -59.682636170266825, -18.498761926258748, 0.0 ], [ -59.682328472979293, -18.498388947924614, 0.0 ], [ -59.682222046520458, -18.498321065119523, 0.0 ], [ -59.682175892143171, -18.498265118100395, 0.0 ], [ -59.682072679571924, -18.498224221572755, 0.0 ], [ -59.681976771815286, -18.498264170810412, 0.0 ], [ -59.681763539384548, -18.498521850883623, 0.0 ], [ -59.681655850947436, -18.498605926097056, 0.0 ], [ -59.681572600703895, -18.498628617521998, 0.0 ], [ -59.68142732483534, -18.498585632033734, 0.0 ], [ -59.68112279880318, -18.498369301382041, 0.0 ], [ -59.68100176894621, -18.498354347199843, 0.0 ], [ -59.680821686589219, -18.49841246945547, 0.0 ], [ -59.680597742907601, -18.498759039077488, 0.0 ], [ -59.680540200303689, -18.498890316208623, 0.0 ], [ -59.680380518152411, -18.499132769908275, 0.0 ], [ -59.68032983923873, -18.499331455203617, 0.0 ], [ -59.680298343853771, -18.499629459790139, 0.0 ], [ -59.680441236461888, -18.499909301079313, 0.0 ], [ -59.680494160305081, -18.50018467243811, 0.0 ], [ -59.680455020655202, -18.50045099883797, 0.0 ], [ -59.68037941428085, -18.500612675814953, 0.0 ], [ -59.680377615219953, -18.500903213857107, 0.0 ], [ -59.680399427254116, -18.501083145209826, 0.0 ], [ -59.680312866356893, -18.501338173139576, 0.0 ], [ -59.680189889182955, -18.501573506715523, 0.0 ], [ -59.6800704158331, -18.501701705630463, 0.0 ], [ -59.679945683771038, -18.501775989307593, 0.0 ], [ -59.679641985335834, -18.502038111705165, 0.0 ], [ -59.679343348607453, -18.502228945949668, 0.0 ], [ -59.678998460243712, -18.502515847228157, 0.0 ], [ -59.678818566818094, -18.502591858720955, 0.0 ], [ -59.678475383015716, -18.502632928808538, 0.0 ], [ -59.678166037277379, -18.502590727310853, 0.0 ], [ -59.678021976207305, -18.502632750424816, 0.0 ], [ -59.677813260790145, -18.502743098146333, 0.0 ], [ -59.677645295804858, -18.502815231106176, 0.0 ], [ -59.677224896560915, -18.50289717223653, 0.0 ], [ -59.67644398893065, -18.502715278105427, 0.0 ], [ -59.676221448878167, -18.502735514013718, 0.0 ], [ -59.675934592221182, -18.502882214753416, 0.0 ], [ -59.675744617961492, -18.503078442802767, 0.0 ], [ -59.675425867738298, -18.503380046275211, 0.0 ], [ -59.675494740723117, -18.503942362323802, 0.0 ], [ -59.67551236002236, -18.504113141509393, 0.0 ], [ -59.674878593055311, -18.504926674670443, 0.0 ], [ -59.6746200549142, -18.50536987451288, 0.0 ], [ -59.674464583303852, -18.50581372753426, 0.0 ], [ -59.674376746014104, -18.506006088678582, 0.0 ], [ -59.674309498294974, -18.506293367687206, 0.0 ], [ -59.674175449837641, -18.506666747287841, 0.0 ], [ -59.673802469137996, -18.507596075800087, 0.0 ], [ -59.673741060607554, -18.507883644866631, 0.0 ], [ -59.673676346417224, -18.508081626669039, 0.0 ], [ -59.673505882686499, -18.50832800238118, 0.0 ], [ -59.673444628915973, -18.508441204911353, 0.0 ], [ -59.673206536064953, -18.508724455632453, 0.0 ], [ -59.673026715523619, -18.50907767093889, 0.0 ], [ -59.672995691601336, -18.509259443725114, 0.0 ], [ -59.672850874749201, -18.509636755924692, 0.0 ], [ -59.672455701321951, -18.510135745905359, 0.0 ], [ -59.671703642367021, -18.510733227775795, 0.0 ], [ -59.671286772798673, -18.510900272953105, 0.0 ], [ -59.671087888079228, -18.510894847522103, 0.0 ], [ -59.670849862878192, -18.510833822303706, 0.0 ], [ -59.670781023609919, -18.510785685563704, 0.0 ], [ -59.670682147539189, -18.510686873475098, 0.0 ], [ -59.670498427896092, -18.510382638852413, 0.0 ], [ -59.670241086439333, -18.510182048189272, 0.0 ], [ -59.669936578680328, -18.50985839107253, 0.0 ], [ -59.669564475676403, -18.50976386585965, 0.0 ], [ -59.669117147027642, -18.509759488619036, 0.0 ], [ -59.668769279288533, -18.509800300833096, 0.0 ], [ -59.668484114197561, -18.509915769807151, 0.0 ], [ -59.668341703575436, -18.509948921995075, 0.0 ], [ -59.668193745961197, -18.509954970825678, 0.0 ], [ -59.667840555436932, -18.510178829663648, 0.0 ], [ -59.667683188836342, -18.510314070100346, 0.0 ], [ -59.667302146827659, -18.510554425043729, 0.0 ], [ -59.666978857863455, -18.5106814066258, 0.0 ], [ -59.6664839852847, -18.510925034525549, 0.0 ], [ -59.666063520148363, -18.511029291300918, 0.0 ], [ -59.665761442933409, -18.511282514961977, 0.0 ], [ -59.665570022788337, -18.511590428075699, 0.0 ], [ -59.665150161098069, -18.511940618866287, 0.0 ], [ -59.664867135029823, -18.512038302214556, 0.0 ], [ -59.664445293954458, -18.512231906341896, 0.0 ], [ -59.663928496747353, -18.512554910633813, 0.0 ], [ -59.66366163652399, -18.512635512543152, 0.0 ], [ -59.663343387788814, -18.512905807937269, 0.0 ], [ -59.663242500477899, -18.5129723193152, 0.0 ], [ -59.663117563972506, -18.513028691362447, 0.0 ], [ -59.662941317686098, -18.513037797623465, 0.0 ], [ -59.662717779337441, -18.513183149175777, 0.0 ], [ -59.662522076128319, -18.513419306451262, 0.0 ], [ -59.662361146266676, -18.513576718109906, 0.0 ], [ -59.662088738042428, -18.513630214148204, 0.0 ], [ -59.661823739992712, -18.513612542951243, 0.0 ], [ -59.661272742542586, -18.513361544289307, 0.0 ], [ -59.661048095404595, -18.51307762287594, 0.0 ], [ -59.660616315154051, -18.512617954902346, 0.0 ], [ -59.660325873320282, -18.51248724041778, 0.0 ], [ -59.660089528492236, -18.512310038530053, 0.0 ], [ -59.659787839615561, -18.512192175855585, 0.0 ], [ -59.659272984974621, -18.511880381630778, 0.0 ], [ -59.659105773469015, -18.511724507917197, 0.0 ], [ -59.658699535884253, -18.511440480210368, 0.0 ], [ -59.658475978819119, -18.511393572872816, 0.0 ], [ -59.658235436893023, -18.511314522744424, 0.0 ], [ -59.658030924805345, -18.51121938389733, 0.0 ], [ -59.657498551320082, -18.510906714386845, 0.0 ], [ -59.656772413319835, -18.510602272169486, 0.0 ], [ -59.656542354288085, -18.510438794209531, 0.0 ], [ -59.656353610255401, -18.510398092089009, 0.0 ], [ -59.65589393027615, -18.510384124751152, 0.0 ], [ -59.655791161385395, -18.510356647404148, 0.0 ], [ -59.65543233302926, -18.510191223158117, 0.0 ], [ -59.655346603098472, -18.510173536899178, 0.0 ], [ -59.654671777553041, -18.510215907917598, 0.0 ], [ -59.654232087219746, -18.510050920999308, 0.0 ], [ -59.65340726217071, -18.509580596855663, 0.0 ], [ -59.653055048422161, -18.509487032503483, 0.0 ], [ -59.652643141781567, -18.509435201283949, 0.0 ], [ -59.652406304876308, -18.509374213774908, 0.0 ], [ -59.651530740598112, -18.509017598162824, 0.0 ], [ -59.651093131587857, -18.508964482464648, 0.0 ], [ -59.650651273780731, -18.508732317944343, 0.0 ], [ -59.650325577722384, -18.508497004717022, 0.0 ], [ -59.650077378174416, -18.508301322292372, 0.0 ], [ -59.64975182135359, -18.508106252947297, 0.0 ], [ -59.649545175225889, -18.508028885032772, 0.0 ], [ -59.649189443790839, -18.508042440608545, 0.0 ], [ -59.648409194434201, -18.508298605138936, 0.0 ], [ -59.648118159879502, -18.508328798721902, 0.0 ], [ -59.647948148834253, -18.508373968734453, 0.0 ], [ -59.647754588154029, -18.508592328038468, 0.0 ], [ -59.64768834954134, -18.508732091548286, 0.0 ], [ -59.647291709808719, -18.509043150157513, 0.0 ], [ -59.647174450728812, -18.509408381480394, 0.0 ], [ -59.647043980797093, -18.5096298863618, 0.0 ], [ -59.64664144216367, -18.509963002010149, 0.0 ], [ -59.646323508867702, -18.510099148986505, 0.0 ], [ -59.645937349354654, -18.510325779255691, 0.0 ], [ -59.645642049156514, -18.510476467244626, 0.0 ], [ -59.64553425933007, -18.510497914026203, 0.0 ], [ -59.645197875082708, -18.510628666940303, 0.0 ], [ -59.645083890476165, -18.51069898327038, 0.0 ], [ -59.644660157402036, -18.511290342717029, 0.0 ], [ -59.644429825686011, -18.511538156050097, 0.0 ], [ -59.644361870857495, -18.511709127101692, 0.0 ], [ -59.644307394377115, -18.51191206644868, 0.0 ], [ -59.644279355619275, -18.512102912447485, 0.0 ], [ -59.644026716071679, -18.512586564797548, 0.0 ], [ -59.643995526126773, -18.512920319991679, 0.0 ], [ -59.643757718449102, -18.513261645358572, 0.0 ], [ -59.643634466494788, -18.513394089388537, 0.0 ], [ -59.643475782902179, -18.513681242355382, 0.0 ], [ -59.643336118175519, -18.514027465928081, 0.0 ], [ -59.643292996910127, -18.514172850113258, 0.0 ], [ -59.642986357617161, -18.514466030043096, 0.0 ], [ -59.642635399774313, -18.514627342523834, 0.0 ], [ -59.642445845111752, -18.51472965004897, 0.0 ], [ -59.642344409855063, -18.514827414981667, 0.0 ], [ -59.642220964420936, -18.515134207994933, 0.0 ], [ -59.6419005983741, -18.515592118486463, 0.0 ], [ -59.641566156590159, -18.515879435369637, 0.0 ], [ -59.641352279120461, -18.516083354290931, 0.0 ], [ -59.641171197604798, -18.516351502405726, 0.0 ], [ -59.641092965037743, -18.516517486178735, 0.0 ], [ -59.640621136719226, -18.516788997182097, 0.0 ], [ -59.640355142462042, -18.516896425768824, 0.0 ], [ -59.639992164459841, -18.51719125356572, 0.0 ], [ -59.63984007564369, -18.517358018574544, 0.0 ], [ -59.639743910038568, -18.517402394720893, 0.0 ], [ -59.639642013457632, -18.517401776103036, 0.0 ], [ -59.639428083120826, -18.517435799421566, 0.0 ], [ -59.63868354327235, -18.517787569163477, 0.0 ], [ -59.638044222549432, -18.517929994544978, 0.0 ], [ -59.63774409795964, -18.518040183443873, 0.0 ], [ -59.637321312364726, -18.518229187888018, 0.0 ], [ -59.63700936832052, -18.518298547842882, 0.0 ], [ -59.636529818854868, -18.518475772930131, 0.0 ], [ -59.636265691854618, -18.518677172500418, 0.0 ], [ -59.635087129842496, -18.518846289399331, 0.0 ], [ -59.634927869980565, -18.518887508861152, 0.0 ], [ -59.634710644844525, -18.519024187469892, 0.0 ], [ -59.634407099268316, -18.519473973541761, 0.0 ], [ -59.634254380287885, -18.519609404613814, 0.0 ], [ -59.634060277465004, -18.519751708410752, 0.0 ], [ -59.633730749792392, -18.519842535910826, 0.0 ], [ -59.633363020911148, -18.51988227557208, 0.0 ], [ -59.63270048053888, -18.5201486960061, 0.0 ], [ -59.632556484948218, -18.520253266242971, 0.0 ], [ -59.63243999031517, -18.520667689389427, 0.0 ], [ -59.632268181756984, -18.52095863768729, 0.0 ], [ -59.632124807926949, -18.521094532883058, 0.0 ], [ -59.632016899389377, -18.52116066881322, 0.0 ], [ -59.631881684637385, -18.521212028345875, 0.0 ], [ -59.631732617054666, -18.521195634603991, 0.0 ], [ -59.631573166003143, -18.521218957737059, 0.0 ], [ -59.631513953931169, -18.521251762973638, 0.0 ], [ -59.631039561157827, -18.521697467256804, 0.0 ], [ -59.630938870820884, -18.521866790001067, 0.0 ], [ -59.630819994690285, -18.52211120429234, 0.0 ], [ -59.630701683674125, -18.522409295629878, 0.0 ], [ -59.630512776154561, -18.522712798017015, 0.0 ], [ -59.630334327910255, -18.52276199303305, 0.0 ], [ -59.630088845367155, -18.522794424301154, 0.0 ], [ -59.62998142593446, -18.522851642114833, 0.0 ], [ -59.629719189912421, -18.523039708966103, 0.0 ], [ -59.629583802925403, -18.523158117245732, 0.0 ], [ -59.629432302460174, -18.523271248447795, 0.0 ], [ -59.629087635276726, -18.523338953405307, 0.0 ], [ -59.628696284902681, -18.52365915061398, 0.0 ], [ -59.628248888789734, -18.523869247602136, 0.0 ], [ -59.627914298257728, -18.524201222881615, 0.0 ], [ -59.627829470123231, -18.524380277228548, 0.0 ], [ -59.627832029105811, -18.524568173069078, 0.0 ], [ -59.628054988192559, -18.524753681527571, 0.0 ], [ -59.628624538628586, -18.524943115673882, 0.0 ], [ -59.629204283697732, -18.525352121404939, 0.0 ], [ -59.629310077395729, -18.525750833282867, 0.0 ], [ -59.62931188455898, -18.52586716107821, 0.0 ], [ -59.629211149063849, -18.52614377486108, 0.0 ], [ -59.628825894101759, -18.526544748137972, 0.0 ], [ -59.628552774104321, -18.526781442757564, 0.0 ], [ -59.628292358606203, -18.526893594209835, 0.0 ], [ -59.628047925597102, -18.526970779512798, 0.0 ], [ -59.627839754083318, -18.526942482238233, 0.0 ], [ -59.62722134571797, -18.526938366874301, 0.0 ], [ -59.627037712649873, -18.526911295917284, 0.0 ], [ -59.62651634363511, -18.526889680141515, 0.0 ], [ -59.625822288261645, -18.526492827964873, 0.0 ], [ -59.625605319592665, -18.52643279432948, 0.0 ], [ -59.625331255417287, -18.526217901246049, 0.0 ], [ -59.624866319799175, -18.52606498613385, 0.0 ], [ -59.62456235650226, -18.526116833910674, 0.0 ], [ -59.623983193211657, -18.526123613283318, 0.0 ], [ -59.623698155008846, -18.526086994799112, 0.0 ], [ -59.623326438006757, -18.526220390422051, 0.0 ], [ -59.622740811466166, -18.526557668238116, 0.0 ], [ -59.622476659619345, -18.526759034787084, 0.0 ], [ -59.622002004012415, -18.526931980631215, 0.0 ], [ -59.621361961517842, -18.527342527370323, 0.0 ], [ -59.62125596457301, -18.527480279688568, 0.0 ], [ -59.620777568947773, -18.52774244539054, 0.0 ], [ -59.620208712126257, -18.528009021104918, 0.0 ], [ -59.619844550808637, -18.528111491836441, 0.0 ], [ -59.619423147609083, -18.528296036472373, 0.0 ], [ -59.619024855243893, -18.528401266221131, 0.0 ], [ -59.618555651714587, -18.528453766983052, 0.0 ], [ -59.618026870167853, -18.528588223908773, 0.0 ], [ -59.617849105467521, -18.528731319168031, 0.0 ], [ -59.617573225015775, -18.529124321382554, 0.0 ], [ -59.617063482172391, -18.529572667202327, 0.0 ], [ -59.616950646342801, -18.529643014233542, 0.0 ], [ -59.616734145146907, -18.529851225094802, 0.0 ], [ -59.616585009523718, -18.5303042210043, 0.0 ], [ -59.616541552683096, -18.530476395674356, 0.0 ], [ -59.616325363670036, -18.530742738243692, 0.0 ], [ -59.616251897672605, -18.531481168813031, 0.0 ], [ -59.616267076012186, -18.53192898474364, 0.0 ], [ -59.616411977962208, -18.532638121333978, 0.0 ], [ -59.616350942071215, -18.53291670792148, 0.0 ], [ -59.616346523447035, -18.532996956398303, 0.0 ], [ -59.616160157970441, -18.5332960863281, 0.0 ], [ -59.616035948496368, -18.533423978914765, 0.0 ], [ -59.615911687365497, -18.533659161734924, 0.0 ], [ -59.615822674823939, -18.533998933680731, 0.0 ], [ -59.615637111313745, -18.534347278641619, 0.0 ], [ -59.615304322385029, -18.53468824472602, 0.0 ], [ -59.615136223736613, -18.535059815995346, 0.0 ], [ -59.615059756080733, -18.535427038450109, 0.0 ], [ -59.614885746130199, -18.535735725724503, 0.0 ], [ -59.614750898201386, -18.535907789116106, 0.0 ], [ -59.614655396585455, -18.535961118752766, 0.0 ], [ -59.614518568455054, -18.535998966600729, 0.0 ], [ -59.614346938746813, -18.53611553828873, 0.0 ], [ -59.614184246444836, -18.536473967519054, 0.0 ], [ -59.613828645291484, -18.536952371027198, 0.0 ], [ -59.613704749070024, -18.537223333198376, 0.0 ], [ -59.613445442325656, -18.537612680913163, 0.0 ], [ -59.613408741624411, -18.537789662224984, 0.0 ], [ -59.613329059781655, -18.53804495861154, 0.0 ], [ -59.613234054353896, -18.538174311279271, 0.0 ], [ -59.612847801462777, -18.538400824692932, 0.0 ], [ -59.612186836592407, -18.538658267995753, 0.0 ], [ -59.611846080320689, -18.538739532531999, 0.0 ], [ -59.611330791058045, -18.538798632984896, 0.0 ], [ -59.610939795864859, -18.538962316415827, 0.0 ], [ -59.610641104421269, -18.539045687898295, 0.0 ], [ -59.609969356884989, -18.538967292998155, 0.0 ], [ -59.609809152662457, -18.538919023217648, 0.0 ], [ -59.609444523374343, -18.538753209211009, 0.0 ], [ -59.608744470568929, -18.538253165503146, 0.0 ], [ -59.608411570141406, -18.537936945531545, 0.0 ], [ -59.607911764944625, -18.537545296114097, 0.0 ], [ -59.607812438662059, -18.537370435725727, 0.0 ], [ -59.607325924220085, -18.537077802680589, 0.0 ], [ -59.606902260450482, -18.536792792441201, 0.0 ], [ -59.606529586112885, -18.536666805374097, 0.0 ], [ -59.60548831966566, -18.536426805783908, 0.0 ], [ -59.605373197985209, -18.536389736366001, 0.0 ], [ -59.604606636625427, -18.536033873029876, 0.0 ], [ -59.604086990146904, -18.535811099806054, 0.0 ], [ -59.603517472466073, -18.535621585284225, 0.0 ], [ -59.603281511352627, -18.535502454496626, 0.0 ], [ -59.602811802318193, -18.535224069072363, 0.0 ], [ -59.602720172244474, -18.53514347380208, 0.0 ], [ -59.602442763320497, -18.534968617060045, 0.0 ], [ -59.602223408392767, -18.534930785946788, 0.0 ], [ -59.601981792096993, -18.534829251631553, 0.0 ], [ -59.601537672609496, -18.534681789610985, 0.0 ], [ -59.601143489266889, -18.534648594461991, 0.0 ], [ -59.600808032071157, -18.534506585026342, 0.0 ], [ -59.600267368737853, -18.53436768662112, 0.0 ], [ -59.599686428299094, -18.534258057825923, 0.0 ], [ -59.59952125377027, -18.534236355252837, 0.0 ], [ -59.599142694061975, -18.53430228775655, 0.0 ], [ -59.599034770807087, -18.534368396009228, 0.0 ], [ -59.59857540676326, -18.534327452452661, 0.0 ], [ -59.598014331897218, -18.534388689772317, 0.0 ], [ -59.597753349297236, -18.534447112215865, 0.0 ], [ -59.597194547769355, -18.534700685403628, 0.0 ], [ -59.597094004085427, -18.534802925707115, 0.0 ], [ -59.596706217710569, -18.534993559325056, 0.0 ], [ -59.596343824852177, -18.535382162105662, 0.0 ], [ -59.596260865386057, -18.535547869184615, 0.0 ], [ -59.596171942122197, -18.535673043291069, 0.0 ], [ -59.595884698938946, -18.535761435162438, 0.0 ], [ -59.595674018052662, -18.53580002774218, 0.0 ], [ -59.595323495326966, -18.535952294711439, 0.0 ], [ -59.595263783776929, -18.535993999296469, 0.0 ], [ -59.595186664542226, -18.53615999879332, 0.0 ], [ -59.595221157563167, -18.536362896589857, 0.0 ], [ -59.595279575437544, -18.536450766898398, 0.0 ], [ -59.595577017893454, -18.536729456703604, 0.0 ], [ -59.595709783340567, -18.5368076509228, 0.0 ], [ -59.595869909934997, -18.537048150972307, 0.0 ], [ -59.595924015663876, -18.537426378348965, 0.0 ], [ -59.595847690181266, -18.537811464126523, 0.0 ], [ -59.595465293754025, -18.538413633953663, 0.0 ], [ -59.595427593087422, -18.538523498597915, 0.0 ], [ -59.59520054196097, -18.538816076835612, 0.0 ], [ -59.595181281543923, -18.539186147348659, 0.0 ], [ -59.595154526449882, -18.539309972093701, 0.0 ], [ -59.594983130052491, -18.539506997641904, 0.0 ], [ -59.594818557391207, -18.539771420822664, 0.0 ], [ -59.594502552052298, -18.540698784419394, 0.0 ], [ -59.594323525271164, -18.540949069573742, 0.0 ], [ -59.594208140127002, -18.54134113115083, 0.0 ], [ -59.593835941184075, -18.541800754342482, 0.0 ], [ -59.593733168565336, -18.542028046932071, 0.0 ], [ -59.593573003619319, -18.542551967681405, 0.0 ], [ -59.593573424135634, -18.542735271990225, 0.0 ], [ -59.593628930192082, -18.543194034928877, 0.0 ], [ -59.593699263554797, -18.543532844021939, 0.0 ], [ -59.593695013840836, -18.543630977049126, 0.0 ], [ -59.593617274374324, -18.543765650614798, 0.0 ], [ -59.59356001015896, -18.543932645224636, 0.0 ], [ -59.593573398266372, -18.544241770767808, 0.0 ], [ -59.593591165976314, -18.544323129797633, 0.0 ], [ -59.593592439574579, -18.544618235096628, 0.0 ], [ -59.593413028198533, -18.545002606825207, 0.0 ], [ -59.593025126370762, -18.545555312701605, 0.0 ], [ -59.592815893931238, -18.545821955939818, 0.0 ], [ -59.592557016732023, -18.546287267594877, 0.0 ], [ -59.592547107275109, -18.54640299774179, 0.0 ], [ -59.592509337862623, -18.546535209315749, 0.0 ], [ -59.592242847699694, -18.546798972494546, 0.0 ], [ -59.592066756829347, -18.54708069069336, 0.0 ], [ -59.591944225493691, -18.547432156290238, 0.0 ], [ -59.591520040296295, -18.547835510322432, 0.0 ], [ -59.591287670632148, -18.548181452400517, 0.0 ], [ -59.590875651194125, -18.548661410700625, 0.0 ], [ -59.590417574025189, -18.549063055844581, 0.0 ], [ -59.590299304433302, -18.549146514395161, 0.0 ], [ -59.589790415978229, -18.549661830179129, 0.0 ], [ -59.589290459961617, -18.549994310239331, 0.0 ], [ -59.588874522193741, -18.550205845416343, 0.0 ], [ -59.588386366724421, -18.550579147878338, 0.0 ], [ -59.588120840176359, -18.55091000369611, 0.0 ], [ -59.587735954525158, -18.551132037102782, 0.0 ], [ -59.587500225022659, -18.551178292424062, 0.0 ], [ -59.587030749454208, -18.551637464427309, 0.0 ], [ -59.586224729772333, -18.552249570412872, 0.0 ], [ -59.585904160166152, -18.552537417661686, 0.0 ], [ -59.585791159571819, -18.552737363896014, 0.0 ], [ -59.585736090742188, -18.552949164846524, 0.0 ], [ -59.585616571679033, -18.553139842191264, 0.0 ], [ -59.585461817467866, -18.553310864324871, 0.0 ], [ -59.585268736931724, -18.553560422985964, 0.0 ], [ -59.585189491905012, -18.553806769441987, 0.0 ], [ -59.585112776971627, -18.553986188997321, 0.0 ], [ -59.585093012296056, -18.554597618248824, 0.0 ], [ -59.585195638024437, -18.555157093687917, 0.0 ], [ -59.5852896805266, -18.555532857583842, 0.0 ], [ -59.585345938211994, -18.555638504157606, 0.0 ], [ -59.58539626387708, -18.555936073218295, 0.0 ], [ -59.585402252535339, -18.556209060549413, 0.0 ], [ -59.585376040131848, -18.556301616146829, 0.0 ], [ -59.585255167036927, -18.556474343287174, 0.0 ], [ -59.584584214914166, -18.556360108670326, 0.0 ], [ -59.584105611721803, -18.556412012907359, 0.0 ], [ -59.58380136188714, -18.556468222169194, 0.0 ], [ -59.583613169277655, -18.556481100037253, 0.0 ], [ -59.583475663464164, -18.556425005798868, 0.0 ], [ -59.583179633681297, -18.55622682385048, 0.0 ], [ -59.583023744040709, -18.556142982080402, 0.0 ], [ -59.582596532548777, -18.555965018373808, 0.0 ], [ -59.582317510924568, -18.555946500714978, 0.0 ], [ -59.581922367295228, -18.555993660494615, 0.0 ], [ -59.581691473105785, -18.556142963559875, 0.0 ], [ -59.581454613510417, -18.556654052586921, 0.0 ], [ -59.58123718135365, -18.556835323480268, 0.0 ], [ -59.581028072483925, -18.556887377754698, 0.0 ], [ -59.580958885016393, -18.55688836405006, 0.0 ], [ -59.580810769904247, -18.55702395219026, 0.0 ], [ -59.580814231421009, -18.55727892811602, 0.0 ], [ -59.580745870874765, -18.557476645248336, 0.0 ], [ -59.580644559712383, -18.55759223920073, 0.0 ], [ -59.580488279406822, -18.557642481911738, 0.0 ], [ -59.580359483507394, -18.557725399629, 0.0 ], [ -59.580235296020085, -18.55783090064217, 0.0 ], [ -59.5800020450828, -18.558065014962036, 0.0 ], [ -59.579679132760361, -18.558267791318457, 0.0 ], [ -59.57920931933387, -18.558668797675725, 0.0 ], [ -59.578701290309787, -18.559188571716025, 0.0 ], [ -59.578318714296934, -18.559410689964075, 0.0 ], [ -59.578148624301363, -18.559625631100374, 0.0 ], [ -59.578069643701539, -18.55969764525021, 0.0 ], [ -59.577984457936758, -18.559733584998433, 0.0 ], [ -59.577853092716673, -18.559735907861729, 0.0 ], [ -59.577519181413805, -18.559862131538949, 0.0 ], [ -59.577188150619982, -18.560042141813373, 0.0 ], [ -59.576818146897658, -18.560121843743993, 0.0 ], [ -59.576359290008448, -18.560134485218885, 0.0 ], [ -59.576046002127711, -18.560163401231144, 0.0 ], [ -59.575734080291063, -18.560125333321334, 0.0 ], [ -59.575563119500039, -18.560080957513666, 0.0 ], [ -59.575049020166418, -18.55988518518534, 0.0 ], [ -59.574509511569055, -18.559746243361289, 0.0 ], [ -59.573983664355723, -18.559572227576037, 0.0 ], [ -59.573814529245027, -18.559621815401588, 0.0 ], [ -59.573664023042618, -18.559694692592803, 0.0 ], [ -59.57350095771352, -18.559825048125958, 0.0 ], [ -59.573480922079767, -18.560038604188808, 0.0 ], [ -59.573516527191146, -18.560326487363298, 0.0 ], [ -59.573500205890213, -18.560705625719475, 0.0 ], [ -59.573421137404502, -18.560884916007275, 0.0 ], [ -59.573272272977768, -18.561033867466858, 0.0 ], [ -59.573006198349887, -18.561141148759525, 0.0 ], [ -59.572678300571248, -18.561053098181855, 0.0 ], [ -59.572432690969329, -18.560960255545854, 0.0 ], [ -59.572223892288477, -18.56098549085463, 0.0 ], [ -59.571633138798077, -18.561179215370274, 0.0 ], [ -59.571191611091621, -18.561259767923346, 0.0 ], [ -59.570805672328483, -18.561119616828176, 0.0 ], [ -59.570577021365288, -18.560594026271097, 0.0 ], [ -59.570364647748775, -18.560408984145948, 0.0 ], [ -59.570109472319423, -18.560467639945177, 0.0 ], [ -59.569879847081545, -18.56065721652271, 0.0 ], [ -59.569340984791516, -18.561161985146608, 0.0 ], [ -59.568578961604764, -18.561570565652243, 0.0 ], [ -59.568253069222948, -18.561594360552736, 0.0 ], [ -59.567547714683784, -18.561889570313685, 0.0 ], [ -59.566375163796657, -18.562791488237707, 0.0 ], [ -59.566132635754784, -18.562917825399683, 0.0 ], [ -59.565865907816544, -18.562931189325905, 0.0 ], [ -59.565599088132458, -18.563051829622975, 0.0 ], [ -59.564842371376685, -18.56378696845729, 0.0 ], [ -59.564461867389845, -18.564013620851505, 0.0 ], [ -59.56425553538925, -18.564226711367787, 0.0 ], [ -59.563856864918186, -18.564738528259149, 0.0 ], [ -59.563722072290787, -18.5650982682142, 0.0 ], [ -59.56370751516959, -18.565656287900705, 0.0 ], [ -59.563502321766059, -18.565954364361961, 0.0 ], [ -59.563123064787881, -18.566306235941852, 0.0 ], [ -59.562973582363654, -18.566423851687034, 0.0 ], [ -59.562525092521604, -18.566714115710159, 0.0 ], [ -59.562375789039386, -18.566849619981074, 0.0 ], [ -59.562349960895297, -18.567040527805116, 0.0 ], [ -59.56234875421648, -18.567357838409784, 0.0 ], [ -59.562423253196449, -18.567683440531127, 0.0 ], [ -59.562413962297207, -18.567893062932235, 0.0 ], [ -59.562287847596174, -18.568011856818821, 0.0 ], [ -59.562021650254657, -18.568078879496081, 0.0 ], [ -59.561369023353656, -18.568014641587048, 0.0 ], [ -59.560904786579492, -18.568102953305953, 0.0 ], [ -59.56053595403538, -18.568330181279126, 0.0 ], [ -59.560225834622507, -18.568618483124062, 0.0 ], [ -59.560101532259658, -18.5688312363793, 0.0 ], [ -59.560003886019125, -18.568964875336196, 0.0 ], [ -59.559989490996124, -18.569160828523735, 0.0 ], [ -59.560034113231005, -18.569243542635437, 0.0 ], [ -59.560086063041389, -18.569299805467558, 0.0 ], [ -59.560137160948919, -18.569329205964912, 0.0 ], [ -59.560212192751457, -18.569328524308645, 0.0 ], [ -59.560314416347232, -18.569302396532212, 0.0 ], [ -59.560556668226837, -18.569117947996162, 0.0 ], [ -59.560798506749457, -18.569067579262551, 0.0 ], [ -59.560855268661854, -18.569079385747749, 0.0 ], [ -59.560946769796061, -18.569119765070159, 0.0 ], [ -59.561000066931946, -18.569193976913656, 0.0 ], [ -59.561027505416725, -18.569544022988957, 0.0 ], [ -59.560978962420847, -18.56997516305842, 0.0 ], [ -59.560684069196839, -18.570326813796761, 0.0 ], [ -59.560256021510462, -18.570501878748701, 0.0 ], [ -59.560022607855586, -18.570548201831759, 0.0 ], [ -59.559787749092223, -18.570683851452543, 0.0 ], [ -59.559673879704377, -18.570771970290817, 0.0 ], [ -59.559526601394282, -18.571081902660524, 0.0 ], [ -59.559322174049264, -18.571429177355842, 0.0 ], [ -59.558690883464742, -18.572774050137813, 0.0 ], [ -59.558521397539415, -18.573082858026758, 0.0 ], [ -59.558259320709766, -18.573476387800422, 0.0 ], [ -59.557682443853182, -18.573778024064584, 0.0 ], [ -59.557440181161837, -18.573962463623392, 0.0 ], [ -59.556680988785189, -18.574487322955274, 0.0 ], [ -59.556307095365334, -18.575205975949572, 0.0 ], [ -59.556188604520244, -18.575798963532524, 0.0 ], [ -59.556196453347532, -18.576353636506457, 0.0 ], [ -59.556264659980371, -18.576518002263004, 0.0 ], [ -59.556379996114273, -18.576635579419641, 0.0 ], [ -59.556374375201685, -18.576863264110024, 0.0 ], [ -59.556021994939464, -18.577426551753227, 0.0 ], [ -59.555827526107784, -18.577573172794459, 0.0 ], [ -59.555708017656272, -18.57759395249818, 0.0 ], [ -59.555451363723542, -18.577594390736266, 0.0 ], [ -59.555193013081556, -18.577688612392613, 0.0 ], [ -59.555079631912356, -18.57776781149942, 0.0 ], [ -59.555019614982371, -18.577898876681925, 0.0 ], [ -59.554975041566898, -18.578173760462228, 0.0 ], [ -59.554909434136093, -18.578447581695979, 0.0 ], [ -59.554811882457443, -18.578621448910646, 0.0 ], [ -59.554683701599487, -18.578798238503254, 0.0 ], [ -59.554655449125434, -18.579011367524636, 0.0 ], [ -59.554704250709946, -18.579250741944868, 0.0 ], [ -59.554719345604738, -18.579653801489432, 0.0 ], [ -59.55463347837793, -18.579828258558162, 0.0 ], [ -59.554498177292295, -18.579964457680632, 0.0 ], [ -59.55435699664946, -18.580037779430899, 0.0 ], [ -59.554264754028651, -18.58015827564536, 0.0 ], [ -59.55420416887489, -18.580320600604495, 0.0 ], [ -59.55414472133868, -18.580715420880047, 0.0 ], [ -59.553913385015633, -18.580913813234922, 0.0 ], [ -59.553543946628885, -18.581172271566366, 0.0 ], [ -59.553527978106544, -18.581269802873528, 0.0 ], [ -59.553573483058948, -18.581441961320206, 0.0 ], [ -59.55354728042844, -18.581597085047537, 0.0 ], [ -59.553459710560951, -18.58171781507793, 0.0 ], [ -59.553386445186952, -18.581749870218463, 0.0 ], [ -59.553306309833545, -18.581736878673613, 0.0 ], [ -59.553151280173068, -18.58167987059333, 0.0 ], [ -59.552998729996503, -18.581725796996682, 0.0 ], [ -59.55282610235178, -18.581837756079221, 0.0 ], [ -59.552746605614331, -18.581918665473047, 0.0 ], [ -59.55264571976506, -18.581962733219463, 0.0 ], [ -59.552530279736352, -18.581952426160097, 0.0 ], [ -59.552404713076541, -18.581892437099892, 0.0 ], [ -59.552192458818702, -18.581600097873043, 0.0 ], [ -59.551948477781544, -18.58114076807091, 0.0 ], [ -59.551776841896782, -18.580939881296125, 0.0 ], [ -59.551450177672905, -18.580239464168574, 0.0 ], [ -59.551411544490598, -18.580112353127227, 0.0 ], [ -59.551201312606757, -18.579846935696228, 0.0 ], [ -59.550955032769508, -18.579597576710871, 0.0 ], [ -59.550770403462877, -18.579440732393966, 0.0 ], [ -59.550572106530382, -18.579318956790232, 0.0 ], [ -59.550308158924452, -18.57926090859463, 0.0 ], [ -59.549915035092972, -18.57924996679083, 0.0 ], [ -59.549432536935228, -18.579265792797941, 0.0 ], [ -59.549132399722431, -18.57941599935662, 0.0 ], [ -59.548892953033459, -18.579739129827509, 0.0 ], [ -59.548753755766228, -18.579776787927361, 0.0 ], [ -59.548702339864043, -18.579774186942089, 0.0 ], [ -59.548634174878195, -18.57981990810012, 0.0 ], [ -59.54851742490083, -18.580001737451393, 0.0 ], [ -59.548462997106853, -18.580137550851301, 0.0 ], [ -59.548250674698522, -18.580310076330637, 0.0 ], [ -59.548155915024466, -18.580412559524376, 0.0 ], [ -59.547992634315321, -18.58067249291264, 0.0 ], [ -59.547625244838088, -18.581020437372114, 0.0 ], [ -59.546861085171209, -18.581254437661464, 0.0 ], [ -59.546545722572652, -18.581193783280483, 0.0 ], [ -59.546336307112021, -18.581187656911712, 0.0 ], [ -59.546047178225869, -18.581329472298599, 0.0 ], [ -59.54581672345887, -18.581469785862353, 0.0 ], [ -59.545589498320169, -18.581404649226979, 0.0 ], [ -59.545099122629985, -18.580888150148336, 0.0 ], [ -59.545036915497171, -18.580679388983889, 0.0 ], [ -59.544953106539523, -18.580500823265119, 0.0 ], [ -59.54483459481186, -18.580356260287473, 0.0 ], [ -59.544712682977206, -18.580251754222854, 0.0 ], [ -59.544563078658221, -18.580181605948315, 0.0 ], [ -59.544348213850121, -18.580126033874652, 0.0 ], [ -59.544109091699802, -18.580127341762402, 0.0 ], [ -59.543942985461754, -18.580101055415259, 0.0 ], [ -59.543655216386426, -18.579965805855402, 0.0 ], [ -59.543130415356124, -18.579836438697413, 0.0 ], [ -59.542311759522683, -18.579575980372514, 0.0 ], [ -59.541937243417735, -18.579378230500268, 0.0 ], [ -59.541845923546951, -18.579355728829402, 0.0 ], [ -59.541622658624505, -18.57951428030016, 0.0 ], [ -59.541531691431352, -18.579527554187706, 0.0 ], [ -59.541440299848617, -18.579527397521318, 0.0 ], [ -59.541360064631156, -18.579474168173, 0.0 ], [ -59.541278733630037, -18.579398534249677, 0.0 ], [ -59.541007288814043, -18.579349033888864, 0.0 ], [ -59.540813493043409, -18.579357102228936, 0.0 ], [ -59.540388522553755, -18.579728931518297, 0.0 ], [ -59.540309149892977, -18.58006014762487, 0.0 ], [ -59.539986694930391, -18.580316480370367, 0.0 ], [ -59.539708269450017, -18.580329201671361, 0.0 ], [ -59.539383558928904, -18.580415565144737, 0.0 ], [ -59.539119599998067, -18.580652507996078, 0.0 ], [ -59.539005923614347, -18.580821073766394, 0.0 ], [ -59.538883899502743, -18.581328921169643, 0.0 ], [ -59.538724783955779, -18.581597989938235, 0.0 ], [ -59.538450510991964, -18.581914864589894, 0.0 ], [ -59.538046326862492, -18.582144702675194, 0.0 ], [ -59.537665305450652, -18.582295257168031, 0.0 ], [ -59.537331710297238, -18.582309648583827, 0.0 ], [ -59.536919182582288, -18.582373679321485, 0.0 ], [ -59.536812658916432, -18.582497906659523, 0.0 ], [ -59.536756703116289, -18.582597877375335, 0.0 ], [ -59.536695297572059, -18.582648403571465, 0.0 ], [ -59.536603759883519, -18.582692934470309, 0.0 ], [ -59.536428702097929, -18.582617020472309, 0.0 ], [ -59.536302575564072, -18.582588282159037, 0.0 ], [ -59.536022629958921, -18.582565161571384, 0.0 ], [ -59.535691182764836, -18.582709281862982, 0.0 ], [ -59.535242810867089, -18.582869826895493, 0.0 ], [ -59.534643875374101, -18.583040620125075, 0.0 ], [ -59.534265934805049, -18.583177912042842, 0.0 ], [ -59.533618159173827, -18.583131678977661, 0.0 ], [ -59.533344159034655, -18.583149083231447, 0.0 ], [ -59.533157068483121, -18.583036798583912, 0.0 ], [ -59.532977882034452, -18.582866807506232, 0.0 ], [ -59.531711953190481, -18.58180143493302, 0.0 ], [ -59.531504200895121, -18.58157635903892, 0.0 ], [ -59.531052879083951, -18.581285302346924, 0.0 ], [ -59.53002793900832, -18.580437746423577, 0.0 ], [ -59.529831221879263, -18.580056791366413, 0.0 ], [ -59.529642592865798, -18.579846093648271, 0.0 ], [ -59.529498245983994, -18.579744913668723, 0.0 ], [ -59.529254257696991, -18.579665500819367, 0.0 ], [ -59.528945754972945, -18.579587287542644, 0.0 ], [ -59.528516074741759, -18.579328613307389, 0.0 ], [ -59.528061168079205, -18.579207220332609, 0.0 ], [ -59.527827301771758, -18.579177485236691, 0.0 ], [ -59.527653475942309, -18.57922677859078, 0.0 ], [ -59.527304087045437, -18.579356564790935, 0.0 ], [ -59.527118556629269, -18.579552763702878, 0.0 ], [ -59.526954576182511, -18.579593616501619, 0.0 ], [ -59.526721133018711, -18.579577310326655, 0.0 ], [ -59.526477771311114, -18.579591789443203, 0.0 ], [ -59.526141805346633, -18.57969096601375, 0.0 ], [ -59.525607798768974, -18.579811386066922, 0.0 ], [ -59.525143277658486, -18.579841466272811, 0.0 ], [ -59.524618542093002, -18.579774629118301, 0.0 ], [ -59.524211598827094, -18.579780807933432, 0.0 ], [ -59.523675255143182, -18.579691031463881, 0.0 ], [ -59.523498620381709, -18.579601618927139, 0.0 ], [ -59.522836833055237, -18.579702141495513, 0.0 ], [ -59.522281572883415, -18.579888517329401, 0.0 ], [ -59.521852827570562, -18.580054491888728, 0.0 ], [ -59.521531528794569, -18.580310838182751, 0.0 ], [ -59.521164611149764, -18.580439720504998, 0.0 ], [ -59.520960058379885, -18.58045168997328, 0.0 ], [ -59.520607239323049, -18.580348867185599, 0.0 ], [ -59.520360824514768, -18.580229093976737, 0.0 ], [ -59.520028718655801, -18.579944067437744, 0.0 ], [ -59.519888781931151, -18.579785001082836, 0.0 ], [ -59.519791308211538, -18.579578923511907, 0.0 ], [ -59.519755462192037, -18.57946536456015, 0.0 ], [ -59.519709797491792, -18.579212750861469, 0.0 ], [ -59.519652595457252, -18.579124926540921, 0.0 ], [ -59.519477457578979, -18.579008769139232, 0.0 ], [ -59.519105028838098, -18.578900480014092, 0.0 ], [ -59.518787366753777, -18.578839665347715, 0.0 ], [ -59.518440120129931, -18.57888908794181, 0.0 ], [ -59.518129417246428, -18.578913547164255, 0.0 ], [ -59.517832886778173, -18.578894029681226, 0.0 ], [ -59.517372008875725, -18.578817005132553, 0.0 ], [ -59.517182452917901, -18.5787492801478, 0.0 ], [ -59.516875633302831, -18.578662195240419, 0.0 ], [ -59.516685558393661, -18.57854080928167, 0.0 ], [ -59.516604717813628, -18.578393679901623, 0.0 ], [ -59.516358114570821, -18.578193442680771, 0.0 ], [ -59.516261883000347, -18.578175149366253, 0.0 ], [ -59.515925825322761, -18.578234074293995, 0.0 ], [ -59.515741661095547, -18.578300708992643, 0.0 ], [ -59.515673840308821, -18.578382188183809, 0.0 ], [ -59.515608725366654, -18.578562134347802, 0.0 ], [ -59.515570972627479, -18.57894459894187, 0.0 ], [ -59.515513884621001, -18.579169648206758, 0.0 ], [ -59.515346717025466, -18.579393578530055, 0.0 ], [ -59.515079312972908, -18.579607950411308, 0.0 ], [ -59.514631572382825, -18.579862331826789, 0.0 ], [ -59.514446465158649, -18.579861873335428, 0.0 ], [ -59.514365671286811, -18.579839892894768, 0.0 ], [ -59.514267924687019, -18.579785765903754, 0.0 ], [ -59.514086322149055, -18.579785484743738, 0.0 ], [ -59.513730399638582, -18.579843395811761, 0.0 ], [ -59.513644953723613, -18.579883752627435, 0.0 ], [ -59.513530621481301, -18.579895825576266, 0.0 ], [ -59.513316283295666, -18.579831308282873, 0.0 ], [ -59.513182370535574, -18.579690423071025, 0.0 ], [ -59.513095616896031, -18.579565340441874, 0.0 ], [ -59.513011233545328, -18.579292884606922, 0.0 ], [ -59.512856593225095, -18.579061556521626, 0.0 ], [ -59.51272636018161, -18.578938736242137, 0.0 ], [ -59.511896211646899, -18.578655228064598, 0.0 ], [ -59.511336797644148, -18.578622350264386, 0.0 ], [ -59.510931674734998, -18.578785026282418, 0.0 ], [ -59.510702481060044, -18.578965574414912, 0.0 ], [ -59.510266735073074, -18.5794038004667, 0.0 ], [ -59.509979983679976, -18.579670813697302, 0.0 ], [ -59.509813597441862, -18.580006513620543, 0.0 ], [ -59.509717482733777, -18.580091020583289, 0.0 ], [ -59.509502785437384, -18.580200790766177, 0.0 ], [ -59.509137748349872, -18.580463825327868, 0.0 ], [ -59.508605897081367, -18.58077648654762, 0.0 ], [ -59.50849775262455, -18.580824626045494, 0.0 ], [ -59.507003483100092, -18.580851502505354, 0.0 ], [ -59.506560737067744, -18.580806657154369, 0.0 ], [ -59.506292676141243, -18.580801974913264, 0.0 ], [ -59.506110098942528, -18.58088208522534, 0.0 ], [ -59.506024920141499, -18.580980554476771, 0.0 ], [ -59.505963145998976, -18.581205356699911, 0.0 ], [ -59.505807591411141, -18.581514782542616, 0.0 ], [ -59.505604130773314, -18.581821773294934, 0.0 ], [ -59.505491502313561, -18.581950132213919, 0.0 ], [ -59.505318864570434, -18.582062033750613, 0.0 ], [ -59.504886402526196, -18.582084747188421, 0.0 ], [ -59.503812473446722, -18.582012282077102, 0.0 ], [ -59.503503424285903, -18.581965286253901, 0.0 ], [ -59.50326784712918, -18.582029290419221, 0.0 ], [ -59.502973789029831, -18.582175240791145, 0.0 ], [ -59.502664199397323, -18.582284645887349, 0.0 ], [ -59.502339231266276, -18.582312817850603, 0.0 ], [ -59.501956248073547, -18.582288876626251, 0.0 ], [ -59.501287487461326, -18.583121937939008, 0.0 ], [ -59.50094742338392, -18.583189563732809, 0.0 ], [ -59.500792914144391, -18.583061033472692, 0.0 ], [ -59.50067174414486, -18.583090626731973, 0.0 ], [ -59.500575686935626, -18.583090211536867, 0.0 ], [ -59.500383151446918, -18.583075950930898, 0.0 ], [ -59.500201552612339, -18.583075654966905, 0.0 ], [ -59.499877238884537, -18.58305022230245, 0.0 ], [ -59.499695967494539, -18.58302312627535, 0.0 ], [ -59.499564266471523, -18.582989611900544, 0.0 ], [ -59.499419963142003, -18.582950987189758, 0.0 ], [ -59.499169398537404, -18.582822040007226, 0.0 ], [ -59.498990355742919, -18.58269226003037, 0.0 ], [ -59.498823417206836, -18.582576504428722, 0.0 ], [ -59.498618607929323, -18.582530332298411, 0.0 ], [ -59.498448459870062, -18.582597657452926, 0.0 ], [ -59.498234444513272, -18.582443751878735, 0.0 ], [ -59.498115894319795, -18.582258947175831, 0.0 ], [ -59.49799957297099, -18.58197146011684, 0.0 ], [ -59.497943351224414, -18.581740663008425, 0.0 ], [ -59.497897988447775, -18.581546173272919, 0.0 ], [ -59.497818370198623, -18.581189043155579, 0.0 ], [ -59.497785516400924, -18.580959435088136, 0.0 ], [ -59.497716443717543, -18.580727983867622, 0.0 ], [ -59.497647121031399, -18.580500989733558, 0.0 ], [ -59.49749400461986, -18.580242917901149, 0.0 ], [ -59.49738822927101, -18.580081109646301, 0.0 ], [ -59.497246391248737, -18.579872774192026, 0.0 ], [ -59.49717839373394, -18.579601153909785, 0.0 ], [ -59.497145945820918, -18.57932240393859, 0.0 ], [ -59.497137550273166, -18.579116386141575, 0.0 ], [ -59.497116457505591, -18.578865029307728, 0.0 ], [ -59.497072745936372, -18.578599113934573, 0.0 ], [ -59.497014952212858, -18.57841740099094, 0.0 ], [ -59.496897229565349, -18.578196884187125, 0.0 ], [ -59.496780411622339, -18.577918312134422, 0.0 ], [ -59.496676943464344, -18.577631480030028, 0.0 ], [ -59.496668859108233, -18.577336091692349, 0.0 ], [ -59.496684981652116, -18.57706875065465, 0.0 ], [ -59.496686118503369, -18.576943667244155, 0.0 ], [ -59.496677878048075, -18.576692964636052, 0.0 ], [ -59.496669885796102, -18.576437804908419, 0.0 ], [ -59.496613072808842, -18.576175693410953, 0.0 ], [ -59.496485147587848, -18.575865271159991, 0.0 ], [ -59.496239579777807, -18.57531199146716, 0.0 ], [ -59.496134632987953, -18.575114472128867, 0.0 ], [ -59.496017410474451, -18.574885043767686, 0.0 ], [ -59.49592364817066, -18.574697032216047, 0.0 ], [ -59.495807252227834, -18.574431890121961, 0.0 ], [ -59.495664592704841, -18.574259269934185, 0.0 ], [ -59.4954755899128, -18.573972558466046, 0.0 ], [ -59.4952867593164, -18.573703733118517, 0.0 ], [ -59.495097757672006, -18.573417021462827, 0.0 ], [ -59.494896995715081, -18.573152059313671, 0.0 ], [ -59.494695579703716, -18.572940695096925, 0.0 ], [ -59.494576054959303, -18.572836290829315, 0.0 ], [ -59.494410779125296, -18.572649111388916, 0.0 ], [ -59.494171651883782, -18.572462645825834, 0.0 ], [ -59.493979786602097, -18.572394785438444, 0.0 ], [ -59.493849561364065, -18.572209388718242, 0.0 ], [ -59.493732934699899, -18.572011275888151, 0.0 ], [ -59.493506816203961, -18.571780778404996, 0.0 ], [ -59.493377339588392, -18.571582012059601, 0.0 ], [ -59.493356123745677, -18.571500485817165, 0.0 ], [ -59.493280435384385, -18.571156968244061, 0.0 ], [ -59.493127733939566, -18.57084975686335, 0.0 ], [ -59.493021295470122, -18.570678979222667, 0.0 ], [ -59.492879311494121, -18.570515330761957, 0.0 ], [ -59.49266562575162, -18.570272057990753, 0.0 ], [ -59.492594829141183, -18.570134377814107, 0.0 ], [ -59.49244057093302, -18.569938820988892, 0.0 ], [ -59.492286156365239, -18.569787948768216, 0.0 ], [ -59.491939227495138, -18.5696228143903, 0.0 ], [ -59.491783910951639, -18.569529996893237, 0.0 ], [ -59.491640868484311, -18.569469089281998, 0.0 ], [ -59.491497156313464, -18.56939920776826, 0.0 ], [ -59.491244390164006, -18.56937294223583, 0.0 ], [ -59.490896247264217, -18.569355231354944, 0.0 ], [ -59.490474254413783, -18.569338231673331, 0.0 ], [ -59.490209479360935, -18.569338168443693, 0.0 ], [ -59.489801007959542, -18.569330793780349, 0.0 ], [ -59.489511465127578, -18.569396508832014, 0.0 ], [ -59.489221016681363, -18.56952027732612, 0.0 ], [ -59.489026537223822, -18.569666805648595, 0.0 ], [ -59.488759703272486, -18.569787306085448, 0.0 ], [ -59.488433195243729, -18.569864545057911, 0.0 ], [ -59.487637401945761, -18.57001622511418, 0.0 ], [ -59.486803162520317, -18.57026873618425, 0.0 ], [ -59.486189827990131, -18.570237517876052, 0.0 ], [ -59.485695262471182, -18.570324073921796, 0.0 ], [ -59.484864884806456, -18.570277332677037, 0.0 ], [ -59.484263893327103, -18.570193105855861, 0.0 ], [ -59.483962917851485, -18.570253758655621, 0.0 ], [ -59.483488681334904, -18.570605026745231, 0.0 ], [ -59.482917331121172, -18.57105860807998, 0.0 ], [ -59.482551975918547, -18.571348378188674, 0.0 ], [ -59.482247867324048, -18.571632327747636, 0.0 ], [ -59.482051327595272, -18.571961977150401, 0.0 ], [ -59.481912722530645, -18.572428652186499, 0.0 ], [ -59.481774694890419, -18.572864072634893, 0.0 ], [ -59.48157682445391, -18.573238344685329, 0.0 ], [ -59.481355338248918, -18.573615883423745, 0.0 ], [ -59.480894505989575, -18.573873968634398, 0.0 ], [ -59.480371365089326, -18.574303175337011, 0.0 ], [ -59.479775300357048, -18.574800172402806, 0.0 ], [ -59.479352159266938, -18.574908219896347, 0.0 ], [ -59.478914945516529, -18.575225599689851, 0.0 ], [ -59.478648439366744, -18.57538184869367, 0.0 ], [ -59.478502255703845, -18.575481659236079, 0.0 ], [ -59.478405299130742, -18.575539286725718, 0.0 ], [ -59.478236248148988, -18.575628994431192, 0.0 ], [ -59.478148575218562, -18.575834577133989, 0.0 ], [ -59.478121900731701, -18.576038798739656, 0.0 ], [ -59.478070282815956, -18.576290910283959, 0.0 ], [ -59.478080493354547, -18.576505950527562, 0.0 ], [ -59.478125003689236, -18.576736145163608, 0.0 ], [ -59.478133715306711, -18.576977923757614, 0.0 ], [ -59.478153869524, -18.577287323171483, 0.0 ], [ -59.478150737030056, -18.577573189199576, 0.0 ], [ -59.478135495543299, -18.577782462511323, 0.0 ], [ -59.478110719795083, -18.57784823741952, 0.0 ], [ -59.477986095491275, -18.578190480204114, 0.0 ], [ -59.477502951382185, -18.57834462286068, 0.0 ], [ -59.477344250983343, -18.57847954645726, 0.0 ], [ -59.477270254959315, -18.578650071700846, 0.0 ], [ -59.477240926101167, -18.579006109366617, 0.0 ], [ -59.477237872543839, -18.579269633100651, 0.0 ], [ -59.477329207888971, -18.579605005828494, 0.0 ], [ -59.477411511380367, -18.579787967195902, 0.0 ], [ -59.477468788876543, -18.580041159358824, 0.0 ], [ -59.477357582896346, -18.580290232627007, 0.0 ], [ -59.477186866091408, -18.58045135804414, 0.0 ], [ -59.476967991318368, -18.580551929312566, 0.0 ], [ -59.476592330584943, -18.580774113376869, 0.0 ], [ -59.476398247517388, -18.580934046268162, 0.0 ], [ -59.476033275974508, -18.581237217956442, 0.0 ], [ -59.475984545848043, -18.581270486796203, 0.0 ], [ -59.475751921509023, -18.581553589689836, 0.0 ], [ -59.475604243944304, -18.581805269989655, 0.0 ], [ -59.47549145302051, -18.582103420743898, 0.0 ], [ -59.475488312649198, -18.58238928491836, 0.0 ], [ -59.475400628894022, -18.582594863238601, 0.0 ], [ -59.475255684811202, -18.582672385861454, 0.0 ], [ -59.475159134511109, -18.582680869938699, 0.0 ], [ -59.47502686639038, -18.582678595181669, 0.0 ], [ -59.474918302272322, -18.582713281206914, 0.0 ], [ -59.474436138112253, -18.582787014908867, 0.0 ], [ -59.474290606169582, -18.582833222865009, 0.0 ], [ -59.474166960362147, -18.583095064429159, 0.0 ], [ -59.473958445210528, -18.58336598519579, 0.0 ], [ -59.47376435585992, -18.583525913513249, 0.0 ], [ -59.473546145319901, -18.583635450808028, 0.0 ], [ -59.473207511866384, -18.583698623002377, 0.0 ], [ -59.472990463531893, -18.583745651563238, 0.0 ], [ -59.472640065412342, -18.583830568475999, 0.0 ], [ -59.472348511412072, -18.58405702862278, 0.0 ], [ -59.472107341207888, -18.584053664273299, 0.0 ], [ -59.471709706450852, -18.584082541023378, 0.0 ], [ -59.470867281578435, -18.584061909762994, 0.0 ], [ -59.47004202621229, -18.583693563268668, 0.0 ], [ -59.469106792355802, -18.583364293276251, 0.0 ], [ -59.468750030544847, -18.583082414290253, 0.0 ], [ -59.468631603977421, -18.582875263569345, 0.0 ], [ -59.468405445964599, -18.582667084097249, 0.0 ], [ -59.468215176445042, -18.582550117662471, 0.0 ], [ -59.46807089247131, -18.582511472056073, 0.0 ], [ -59.467698795451682, -18.582461200888645, 0.0 ], [ -59.467373265084092, -18.582457995385585, 0.0 ], [ -59.467226491091971, -18.582651612628766, 0.0 ], [ -59.467063546316517, -18.583175113213571, 0.0 ], [ -59.466633570217816, -18.583801179674932, 0.0 ], [ -59.466367291816276, -18.583890376515253, 0.0 ], [ -59.466112282942674, -18.584091874414476, 0.0 ], [ -59.465917936508212, -18.584193679278791, 0.0 ], [ -59.465653822757531, -18.584202543371045, 0.0 ], [ -59.465217229124114, -18.584403707567457, 0.0 ], [ -59.464952697834754, -18.584399141848696, 0.0 ], [ -59.464687333717144, -18.584430284584709, 0.0 ], [ -59.464159435820392, -18.584296077563515, 0.0 ], [ -59.463571624669441, -18.584185623832095, 0.0 ], [ -59.4631734948182, -18.584160827160535, 0.0 ], [ -59.462803398980206, -18.583949762799314, 0.0 ], [ -59.462491053484698, -18.583920406407646, 0.0 ], [ -59.462118292724568, -18.583861151274263, 0.0 ], [ -59.46177114949586, -18.583762982283584, 0.0 ], [ -59.461590484869028, -18.58370459787432, 0.0 ], [ -59.461279142250383, -18.583594849489462, 0.0 ], [ -59.461146961458724, -18.583570223315149, 0.0 ], [ -59.460884018206144, -18.583454007553058, 0.0 ], [ -59.460680739817562, -18.583381060807085, 0.0 ], [ -59.46036697964125, -18.583356098178545, 0.0 ], [ -59.460055221912164, -18.583295486262568, 0.0 ], [ -59.459682799657472, -18.583209430033254, 0.0 ], [ -59.45938447646332, -18.583055654232702, 0.0 ], [ -59.459193633553525, -18.5829073680897, 0.0 ], [ -59.458894143920091, -18.582753532714499, 0.0 ], [ -59.458680187190183, -18.582599597274911, 0.0 ], [ -59.458378780677251, -18.582584201286817, 0.0 ], [ -59.457982496531393, -18.582568427022927, 0.0 ], [ -59.457404133818564, -18.582561225987597, 0.0 ], [ -59.456659047969417, -18.58251869107465, 0.0 ], [ -59.456049483174098, -18.582107687315766, 0.0 ], [ -59.455679489333981, -18.58187427416259, 0.0 ], [ -59.455394528077619, -18.581587109194512, 0.0 ], [ -59.4550604188777, -18.581319778036544, 0.0 ], [ -59.454811424421237, -18.581038919734446, 0.0 ], [ -59.454609657811261, -18.580876666754893, 0.0 ], [ -59.454334543511521, -18.580768761637, 0.0 ], [ -59.453988755474583, -18.580500832833948, 0.0 ], [ -59.453860257131552, -18.580181443213359, 0.0 ], [ -59.453840152458497, -18.579872061255568, 0.0 ], [ -59.453736187318, -18.579491361090465, 0.0 ], [ -59.453631971241414, -18.579177680803141, 0.0 ], [ -59.453539352448118, -18.578949503076608, 0.0 ], [ -59.45342295426795, -18.578581574460699, 0.0 ], [ -59.453294122391547, -18.578351546119613, 0.0 ], [ -59.452914965984853, -18.577885281109538, 0.0 ], [ -59.452546240622368, -18.577504459208811, 0.0 ], [ -59.452212308322906, -18.577317576095634, 0.0 ], [ -59.451829397513116, -18.577105845767175, 0.0 ], [ -59.451733858094187, -18.577033930627721, 0.0 ], [ -59.451530513601348, -18.576920753552209, 0.0 ], [ -59.451015515439543, -18.576787180637616, 0.0 ], [ -59.450801743563204, -18.576588562121156, 0.0 ], [ -59.450572696953678, -18.576599200796938, 0.0 ], [ -59.44984700288461, -18.57681683340342, 0.0 ], [ -59.449495208667877, -18.577031232223259, 0.0 ], [ -59.448932790271677, -18.577699622459249, 0.0 ], [ -59.448805102347528, -18.578282982910729, 0.0 ], [ -59.448503502203685, -18.579250710288914, 0.0 ], [ -59.447643364402659, -18.579608927242923, 0.0 ], [ -59.447102745671408, -18.579576813584929, 0.0 ], [ -59.446584824039135, -18.579536921900747, 0.0 ], [ -59.44635661257216, -18.579511844837857, 0.0 ], [ -59.445923467962352, -18.579485224721093, 0.0 ], [ -59.445309083164084, -18.579556585230424, 0.0 ], [ -59.444863502226134, -18.579605296073009, 0.0 ], [ -59.444537577144111, -18.579651187933461, 0.0 ], [ -59.44426097074691, -18.579632570081301, 0.0 ], [ -59.444056539754264, -18.579622113452025, 0.0 ], [ -59.44393579729018, -18.579665094070741, 0.0 ], [ -59.443909336734599, -18.579802272893176, 0.0 ], [ -59.443931436951232, -18.579950873680492, 0.0 ], [ -59.444014704340105, -18.580053446809007, 0.0 ], [ -59.444143937361282, -18.58029690450169, 0.0 ], [ -59.444117892533527, -18.58044751189907, 0.0 ], [ -59.443984213674923, -18.580512174123243, 0.0 ], [ -59.443768436588655, -18.580474322995638, 0.0 ], [ -59.443589634298263, -18.580299830795713, 0.0 ], [ -59.443409149520711, -18.58032187837475, 0.0 ], [ -59.443313107871887, -18.5803214343501, 0.0 ], [ -59.443230347791001, -18.580147385918803, 0.0 ], [ -59.443232362991488, -18.579986612241104, 0.0 ], [ -59.443141776764129, -18.579597661647565, 0.0 ], [ -59.443142869325769, -18.579494935387988, 0.0 ], [ -59.443121104864815, -18.579319539300943, 0.0 ], [ -59.443003304299758, -18.579081135877686, 0.0 ], [ -59.44286104360485, -18.579006826235965, 0.0 ], [ -59.44263158221294, -18.579004025231285, 0.0 ], [ -59.442426897718917, -18.579060585207959, 0.0 ], [ -59.442014350030476, -18.579271854747351, 0.0 ], [ -59.441807233099325, -18.579475759796093, 0.0 ], [ -59.441328560062907, -18.580112645712962, 0.0 ], [ -59.441035731653145, -18.580486444814593, 0.0 ], [ -59.440895663048572, -18.581060217903058, 0.0 ], [ -59.440916079397844, -18.581342794840726, 0.0 ], [ -59.440900202015577, -18.581583296739591, 0.0 ], [ -59.440742314619541, -18.581745029503754, 0.0 ], [ -59.440427138963052, -18.581912119011662, 0.0 ], [ -59.44018599315369, -18.581908715450275, 0.0 ], [ -59.440005177276994, -18.581894992464903, 0.0 ], [ -59.439836708680907, -18.581890839087059, 0.0 ], [ -59.439269794950384, -18.582013760346101, 0.0 ], [ -59.438944540869556, -18.582006049336758, 0.0 ], [ -59.43877472714999, -18.582109075745656, 0.0 ], [ -59.438590966218925, -18.582314169540862, 0.0 ], [ -59.438443998486484, -18.582552426782051, 0.0 ], [ -59.438393752340808, -18.582674980045006, 0.0 ], [ -59.437839865587293, -18.582691312133033, 0.0 ], [ -59.43753007185029, -18.582492233935945, 0.0 ], [ -59.437303799507625, -18.582328713071114, 0.0 ], [ -59.43670253771225, -18.582208555262607, 0.0 ], [ -59.436271076993357, -18.582110495815378, 0.0 ], [ -59.43607622892732, -18.582221174603951, 0.0 ], [ -59.435882297296146, -18.582336368995289, 0.0 ], [ -59.435737947389498, -18.582320040119065, 0.0 ], [ -59.435465382724843, -18.582042428762541, 0.0 ], [ -59.435189799619629, -18.581880850042396, 0.0 ], [ -59.435011166468257, -18.58178679713885, 0.0 ], [ -59.434746246069281, -18.581768762417905, 0.0 ], [ -59.434493171981849, -18.581769208209202, 0.0 ], [ -59.434385363673954, -18.581790499433684, 0.0 ], [ -59.433898355778332, -18.582158804583866, 0.0 ], [ -59.433544688612869, -18.582489249329427, 0.0 ], [ -59.433483086311675, -18.582646967149181, 0.0 ], [ -59.433480221253923, -18.58284344311728, 0.0 ], [ -59.433560874145989, -18.583075477460632, 0.0 ], [ -59.433472454661434, -18.58345972511578, 0.0 ], [ -59.433350030126398, -18.583574109614563, 0.0 ], [ -59.433190707584451, -18.583802789345683, 0.0 ], [ -59.433187580443544, -18.584066281860594, 0.0 ], [ -59.43264684453932, -18.584847416034197, 0.0 ], [ -59.431983208130447, -18.58502344569003, 0.0 ], [ -59.431242092051392, -18.585472561146965, 0.0 ], [ -59.430696494185185, -18.585819973942503, 0.0 ], [ -59.430128741988234, -18.585916004017371, 0.0 ], [ -59.429707950890524, -18.585898909434675, 0.0 ], [ -59.429290796616392, -18.585609411830674, 0.0 ], [ -59.429053453637287, -18.585351472669842, 0.0 ], [ -59.428826787669031, -18.58511195530938, 0.0 ], [ -59.428633943203359, -18.585186975859198, 0.0 ], [ -59.428378999037676, -18.585366061509614, 0.0 ], [ -59.428043935885789, -18.585179080388251, 0.0 ], [ -59.427325317516953, -18.5848964723004, 0.0 ], [ -59.426955475387025, -18.584640677653972, 0.0 ], [ -59.426680996395447, -18.584438925924893, 0.0 ], [ -59.426019751185237, -18.584364812528431, 0.0 ], [ -59.425730956306388, -18.584417036897179, 0.0 ], [ -59.425198497223839, -18.584572953017769, 0.0 ], [ -59.425090688820497, -18.584594237545236, 0.0 ], [ -59.424765015632595, -18.584635632480779, 0.0 ], [ -59.423793000223711, -18.584380238758531, 0.0 ], [ -59.422908652287624, -18.583879096880963, 0.0 ], [ -59.421972771338254, -18.583647892257495, 0.0 ], [ -59.420924951528434, -18.583656713227366, 0.0 ], [ -59.419635040102179, -18.58384525872556, 0.0 ], [ -59.418564348939903, -18.584612543858814, 0.0 ], [ -59.417645632563215, -18.585883624777331, 0.0 ], [ -59.41751563638924, -18.586547233766296, 0.0 ], [ -59.417077135597367, -18.586989459268128, 0.0 ], [ -59.416435248244184, -18.587278251326335, 0.0 ], [ -59.416019781901852, -18.587685905674892, 0.0 ], [ -59.41574053260382, -18.587921809707762, 0.0 ], [ -59.415256031722343, -18.588120366652905, 0.0 ], [ -59.414543509899545, -18.588249125295295, 0.0 ], [ -59.414423533703705, -18.588216155238406, 0.0 ], [ -59.414065131596985, -18.588027953438132, 0.0 ], [ -59.41390937506587, -18.58794399330823, 0.0 ], [ -59.413729411868836, -18.58789453768242, 0.0 ], [ -59.413345026602315, -18.587834588016126, 0.0 ], [ -59.413092029675411, -18.587875220837613, 0.0 ], [ -59.412729624789279, -18.587986199517477, 0.0 ], [ -59.412380014486345, -18.58799505980145, 0.0 ], [ -59.412033963356905, -18.587816426001982, 0.0 ], [ -59.411677383508064, -18.58740935916914, 0.0 ], [ -59.411539439108637, -18.586906276567781, 0.0 ], [ -59.411328892045439, -18.586444150011665, 0.0 ], [ -59.411165034135948, -18.586109538161214, 0.0 ], [ -59.410988921037067, -18.585743017946218, 0.0 ], [ -59.410654556861182, -18.585564984267478, 0.0 ], [ -59.410379677522414, -18.585412347637888, 0.0 ], [ -59.410164011227849, -18.585352119714379, 0.0 ], [ -59.409985167247584, -18.585199945731457, 0.0 ], [ -59.409828804545597, -18.585209789685472, 0.0 ], [ -59.409598150151957, -18.585331997665914, 0.0 ], [ -59.409244538429263, -18.585640034689064, 0.0 ], [ -59.409207534833605, -18.58577665575292, 0.0 ], [ -59.409157358883469, -18.585876853436883, 0.0 ], [ -59.409143537935421, -18.586059349040898, 0.0 ], [ -59.409150361474282, -18.586394832682565, 0.0 ], [ -59.409190482059891, -18.586991196677335, 0.0 ], [ -59.409164043315485, -18.587231134764199, 0.0 ], [ -59.409159939976398, -18.587552651294612, 0.0 ], [ -59.408961731035184, -18.587971442012055, 0.0 ], [ -59.408882487617134, -18.588441025871816, 0.0 ], [ -59.40904531346311, -18.588856017654997, 0.0 ], [ -59.409306642840896, -18.589124142852278, 0.0 ], [ -59.409495781993023, -18.589446649208487, 0.0 ], [ -59.409599486680079, -18.589746893729934, 0.0 ], [ -59.409703857036043, -18.590056109824431, 0.0 ], [ -59.409819817953341, -18.590388262743609, 0.0 ], [ -59.409979890612981, -18.591080158406342, 0.0 ], [ -59.410106688238564, -18.5914486170531, 0.0 ], [ -59.410271207764247, -18.59179220167913, 0.0 ], [ -59.410458840033073, -18.592141442851439, 0.0 ], [ -59.410673126477434, -18.592371404104302, 0.0 ], [ -59.410791915531348, -18.592466875182424, 0.0 ], [ -59.411030591814658, -18.592617657546889, 0.0 ], [ -59.411280860089839, -18.592791376487931, 0.0 ], [ -59.411482370263649, -18.593060897753737, 0.0 ], [ -59.411563237797523, -18.593288475859669, 0.0 ], [ -59.411765000388591, -18.593553541280773, 0.0 ], [ -59.411907728573304, -18.593681521080843, 0.0 ], [ -59.412134565393224, -18.59381382050011, 0.0 ], [ -59.412334980421363, -18.594123502745809, 0.0 ], [ -59.412512394061594, -18.594342633075406, 0.0 ], [ -59.412690491520763, -18.594508177212557, 0.0 ], [ -59.412893463084252, -18.594648187642022, 0.0 ], [ -59.413072748366368, -18.594751234007209, 0.0 ], [ -59.41319323135118, -18.594775296019652, 0.0 ], [ -59.413541669758892, -18.594828937743273, 0.0 ], [ -59.413720201419409, -18.594945350730729, 0.0 ], [ -59.413811116212351, -18.595347715838319, 0.0 ], [ -59.41367587451137, -18.595564195099136, 0.0 ], [ -59.413458987670701, -18.595629021184852, 0.0 ], [ -59.413193721436897, -18.595637740222998, 0.0 ], [ -59.412953418928637, -18.595598587500234, 0.0 ], [ -59.41273639008152, -18.595582972055645, 0.0 ], [ -59.412555808173764, -18.59562731819782, 0.0 ], [ -59.412516425775621, -18.595888936585794, 0.0 ], [ -59.412354165423231, -18.596314044893479, 0.0 ], [ -59.412120502947545, -18.596655052528163, 0.0 ], [ -59.41172943755172, -18.597086281073338, 0.0 ], [ -59.411471471798386, -18.597484128330084, 0.0 ], [ -59.411261652750738, -18.597879980434136, 0.0 ], [ -59.411174300255169, -18.5980989162368, 0.0 ], [ -59.411085990275978, -18.598438452058556, 0.0 ], [ -59.410864325598183, -18.598815820358666, 0.0 ], [ -59.410801706043067, -18.598928783078996, 0.0 ], [ -59.410651508540809, -18.599430471542131, 0.0 ], [ -59.410403867141333, -18.599873530636177, 0.0 ], [ -59.410231373620675, -18.600168523058599, 0.0 ], [ -59.410072414439291, -18.600410588695038, 0.0 ], [ -59.409997838048518, -18.600589963063683, 0.0 ], [ -59.409909362367088, -18.600911614710579, 0.0 ], [ -59.409905429257734, -18.60118845729583, 0.0 ], [ -59.410023263676479, -18.601404530571852, 0.0 ], [ -59.41014070572389, -18.601544619996975, 0.0 ], [ -59.4102570773548, -18.601890203613767, 0.0 ], [ -59.41042075077231, -18.602269497824125, 0.0 ], [ -59.410416909264363, -18.602524002808654, 0.0 ], [ -59.410377426091173, -18.602807955627213, 0.0 ], [ -59.410193930294895, -18.603048759583046, 0.0 ], [ -59.409972686364299, -18.603376993270757, 0.0 ], [ -59.40984808272804, -18.603674444374629, 0.0 ], [ -59.409804661856377, -18.604235239276946, 0.0 ], [ -59.409874116609089, -18.604395205058278, 0.0 ], [ -59.409820889796606, -18.604839316682742, 0.0 ], [ -59.409674039235185, -18.605032849216538, 0.0 ], [ -59.409467035643978, -18.605192010253493, 0.0 ], [ -59.409319772558639, -18.605372116067947, 0.0 ], [ -59.409268533181724, -18.605615247334505, 0.0 ], [ -59.409264091437791, -18.605901000912521, 0.0 ], [ -59.40929653031376, -18.606197586918451, 0.0 ], [ -59.409243572182099, -18.606574683967118, 0.0 ], [ -59.409227013174132, -18.606908966515459, 0.0 ], [ -59.409282724169543, -18.60722909154957, 0.0 ], [ -59.409364410580146, -18.607483525313988, 0.0 ], [ -59.409430864555645, -18.607862292066738, 0.0 ], [ -59.409428711637695, -18.608045388971551, 0.0 ], [ -59.409375935451401, -18.608377810592582, 0.0 ], [ -59.409010731641054, -18.608703106388234, 0.0 ], [ -59.408669577937786, -18.608976016033107, 0.0 ], [ -59.407992792126272, -18.609258477726971, 0.0 ], [ -59.407748032336571, -18.609277170729175, 0.0 ], [ -59.40720060370866, -18.609302641602895, 0.0 ], [ -59.406394541814358, -18.608970740915385, 0.0 ], [ -59.405726660783827, -18.608453801752788, 0.0 ], [ -59.405086393552224, -18.608608545255514, 0.0 ], [ -59.404626539277309, -18.60876362865465, 0.0 ], [ -59.40415913495076, -18.608596597197781, 0.0 ], [ -59.403623318049114, -18.608189220600753, 0.0 ], [ -59.403172583027882, -18.607665572335765, 0.0 ], [ -59.402816148140587, -18.607338917009525, 0.0 ], [ -59.402566821639667, -18.607107139437186, 0.0 ], [ -59.401883860836968, -18.60679496369179, 0.0 ], [ -59.401621054266982, -18.606884216352707, 0.0 ], [ -59.401264513958253, -18.607035669963512, 0.0 ], [ -59.400757247445483, -18.607241925617497, 0.0 ], [ -59.400437316751066, -18.607243336794774, 0.0 ], [ -59.399773945335966, -18.606999188065121, 0.0 ], [ -59.39911191803246, -18.606938309446221, 0.0 ], [ -59.398830327315324, -18.607048931124019, 0.0 ], [ -59.398551020791707, -18.607284784460003, 0.0 ], [ -59.398213263192936, -18.607414855862192, 0.0 ], [ -59.39791225116047, -18.607475324482714, 0.0 ], [ -59.397564790076252, -18.607466377441586, 0.0 ], [ -59.397211981014635, -18.607282888354444, 0.0 ], [ -59.396901352814204, -18.606623458880943, 0.0 ], [ -59.39631622205831, -18.605328802874467, 0.0 ], [ -59.395971359291018, -18.604922307470122, 0.0 ], [ -59.394828548514582, -18.604103864568405, 0.0 ], [ -59.393955878700453, -18.603790840467973, 0.0 ], [ -59.393520340908687, -18.603723733577695, 0.0 ], [ -59.393244747431687, -18.603687203149271, 0.0 ], [ -59.393087961648433, -18.603683598620485, 0.0 ], [ -59.392942604820675, -18.603685050731112, 0.0 ], [ -59.392870497309715, -18.603717084641595, 0.0 ], [ -59.388405748961709, -18.604336109521284, 0.0 ], [ -59.384320317033662, -18.604836046840759, 0.0 ], [ -59.383798823095773, -18.604322136134169, 0.0 ], [ -59.383586160816698, -18.604105638346581, 0.0 ], [ -59.383355502506475, -18.603834594805964, 0.0 ], [ -59.38325848511095, -18.603789380799114, 0.0 ], [ -59.38320885584519, -18.603755545327022, 0.0 ], [ -59.382835370920333, -18.603606717998762, 0.0 ], [ -59.382608344931995, -18.603581611492221, 0.0 ], [ -59.382284711861949, -18.603524715397366, 0.0 ], [ -59.382008656800124, -18.603434527105367, 0.0 ], [ -59.381771624506506, -18.603234645269961, 0.0 ], [ -59.381462075588352, -18.603053365545733, 0.0 ], [ -59.381137308536168, -18.602933856213436, 0.0 ], [ -59.380926070762371, -18.602878284629753, 0.0 ], [ -59.380602092644743, -18.602848177607477, 0.0 ], [ -59.380277895464076, -18.602759973597191, 0.0 ], [ -59.379777912631816, -18.602796749778619, 0.0 ], [ -59.379409163459506, -18.603019016759166, 0.0 ], [ -59.379138816299111, -18.603344655564921, 0.0 ], [ -59.378883844820088, -18.603626405732143, 0.0 ], [ -59.378708589729364, -18.603845243536611, 0.0 ], [ -59.378518716321196, -18.60409460443071, 0.0 ], [ -59.37802004985604, -18.604314635553319, 0.0 ], [ -59.377331130524851, -18.604708044826122, 0.0 ], [ -59.376853568724201, -18.605237459929388, 0.0 ], [ -59.376662557181724, -18.605424204254909, 0.0 ], [ -59.376433406566186, -18.605622385478025, 0.0 ], [ -59.376298620931664, -18.60582990285388, 0.0 ], [ -59.376102682733929, -18.606020860249536, 0.0 ], [ -59.375980683819975, -18.606188823351594, 0.0 ], [ -59.375859068818244, -18.606267443169468, 0.0 ], [ -59.375615489220245, -18.606451473994323, 0.0 ], [ -59.3753739670085, -18.606537311642164, 0.0 ], [ -59.375156313223535, -18.606615444428098, 0.0 ], [ -59.374925904932184, -18.606670578166057, 0.0 ], [ -59.374673940568925, -18.606630769706637, 0.0 ], [ -59.374268398030672, -18.606386440098948, 0.0 ], [ -59.373564215376902, -18.605872020314145, 0.0 ], [ -59.372883930864923, -18.605452661395436, 0.0 ], [ -59.372298133674448, -18.605123070900369, 0.0 ], [ -59.371784063257124, -18.604850797631688, 0.0 ], [ -59.371258060444248, -18.604582376148148, 0.0 ], [ -59.370912354615882, -18.604336663942181, 0.0 ], [ -59.370747450855177, -18.604104750049121, 0.0 ], [ -59.370641144381239, -18.603831179784127, 0.0 ], [ -59.370606151821015, -18.603601503486168, 0.0 ], [ -59.370431470704204, -18.603252916000692, 0.0 ], [ -59.370302898897897, -18.603103302802726, 0.0 ], [ -59.370044586562642, -18.60280401578833, 0.0 ], [ -59.369588003282303, -18.60269555781823, 0.0 ], [ -59.368948493085718, -18.602363190046898, 0.0 ], [ -59.368829423871453, -18.602231939238692, 0.0 ], [ -59.368572188246418, -18.601955047175291, 0.0 ], [ -59.368507006960705, -18.601844450002467, 0.0 ], [ -59.368228866013425, -18.601646903937144, 0.0 ], [ -59.36794048814604, -18.601547125529613, 0.0 ], [ -59.367718966877916, -18.601549094595459, 0.0 ], [ -59.367319944404144, -18.601747429092498, 0.0 ], [ -59.367151200744566, -18.601810205470855, 0.0 ], [ -59.367020943579668, -18.601834756909248, 0.0 ], [ -59.36689977730213, -18.601864245526308, 0.0 ], [ -59.366815833300492, -18.601877783816168, 0.0 ], [ -59.366659917303132, -18.601838458322081, 0.0 ], [ -59.366366244693573, -18.601666916058598, 0.0 ], [ -59.366259386538637, -18.601630123266265, 0.0 ], [ -59.366006349207353, -18.601733226914032, 0.0 ], [ -59.365797154609226, -18.601910081618882, 0.0 ], [ -59.365629287827353, -18.60203992165582, 0.0 ], [ -59.365398442984301, -18.602144170447598, 0.0 ], [ -59.365037299573139, -18.602067438157928, 0.0 ], [ -59.364728874951908, -18.602011299546458, 0.0 ], [ -59.364337830549182, -18.601986638422435, 0.0 ], [ -59.363842735445907, -18.602247020393278, 0.0 ], [ -59.36333792359715, -18.602430943816568, 0.0 ], [ -59.362034971816101, -18.603940835552113, 0.0 ], [ -59.360776311718247, -18.605041945379448, 0.0 ], [ -59.360360819851039, -18.605529823230555, 0.0 ], [ -59.360175303102764, -18.605846397966822, 0.0 ], [ -59.359941756154832, -18.606245379834519, 0.0 ], [ -59.359783928251439, -18.606322115066241, 0.0 ], [ -59.359409755893708, -18.606392137804917, 0.0 ], [ -59.35896289503664, -18.606360107810708, 0.0 ], [ -59.358588774741719, -18.60609950471477, 0.0 ], [ -59.358317501568557, -18.605884427769325, 0.0 ], [ -59.358201089212287, -18.605789052793412, 0.0 ], [ -59.357802344775671, -18.605549515146762, 0.0 ], [ -59.357509727419099, -18.605565666296123, 0.0 ], [ -59.357190076967406, -18.605830623372189, 0.0 ], [ -59.356856128861303, -18.60626462016279, 0.0 ], [ -59.35670475997771, -18.606413172408686, 0.0 ], [ -59.356540642020285, -18.606538725856652, 0.0 ], [ -59.356335824251772, -18.60651473412792, 0.0 ], [ -59.356066088790143, -18.60637568830138, 0.0 ], [ -59.35591220263165, -18.606300714341536, 0.0 ], [ -59.355707539937825, -18.606294601275422, 0.0 ], [ -59.355645140664983, -18.606403072718734, 0.0 ], [ -59.355659733099237, -18.606537863920753, 0.0 ], [ -59.355661829841146, -18.606645201984801, 0.0 ], [ -59.355664290853028, -18.606828513438142, 0.0 ], [ -59.355667061897819, -18.607047583474515, 0.0 ], [ -59.355515593825984, -18.607218468222509, 0.0 ], [ -59.355223902006401, -18.607341891848804, 0.0 ], [ -59.355020309075414, -18.607358173024267, 0.0 ], [ -59.354739370722399, -18.607374921950036, 0.0 ], [ -59.354149479206711, -18.6071388968039, 0.0 ], [ -59.353743227284802, -18.606907899417596, 0.0 ], [ -59.35353946914536, -18.606803537509201, 0.0 ], [ -59.353431458046309, -18.606869438236739, 0.0 ], [ -59.353344794018, -18.607074946815402, 0.0 ], [ -59.353258536171886, -18.607293879180663, 0.0 ], [ -59.353195881006378, -18.607406803907569, 0.0 ], [ -59.353171969481387, -18.607477052984265, 0.0 ], [ -59.352883099863, -18.607859754089276, 0.0 ], [ -59.352732179149044, -18.607959177786082, 0.0 ], [ -59.352536410039498, -18.60800266718125, 0.0 ], [ -59.352331493992445, -18.608001004572646, 0.0 ], [ -59.352103515463483, -18.607931130571611, 0.0 ], [ -59.351779956253637, -18.607811635124442, 0.0 ], [ -59.351434094712346, -18.607610562857438, 0.0 ], [ -59.351134856269482, -18.607434242531369, 0.0 ], [ -59.350788236053553, -18.607246534439465, 0.0 ], [ -59.35050280657687, -18.607012845335262, 0.0 ], [ -59.350264308746659, -18.606839666033292, 0.0 ], [ -59.350180915783618, -18.60678173735807, 0.0 ], [ -59.350038252292649, -18.606653726172674, 0.0 ], [ -59.349688702958829, -18.60659990067861, 0.0 ], [ -59.34945910778935, -18.606579087750472, 0.0 ], [ -59.349125449633831, -18.60647246901047, 0.0 ], [ -59.348753048586758, -18.606408524335073, 0.0 ], [ -59.348285675876404, -18.606263712076291, 0.0 ], [ -59.347866292733492, -18.606099043534421, 0.0 ], [ -59.347326704566314, -18.605905815192695, 0.0 ], [ -59.347076732603917, -18.605687361547005, 0.0 ], [ -59.346792073933635, -18.605440305786814, 0.0 ], [ -59.346392505510437, -18.605339209779519, 0.0 ], [ -59.346208360083395, -18.605240324515286, 0.0 ], [ -59.345612521960845, -18.605191618699035, 0.0 ], [ -59.345337786828168, -18.605181868223916, 0.0 ], [ -59.345139887106036, -18.605180561977971, 0.0 ], [ -59.344864184283523, -18.605126083216401, 0.0 ], [ -59.344771197556206, -18.605072124944993, 0.0 ], [ -59.344646868396744, -18.604869108441189, 0.0 ], [ -59.34458292081969, -18.604696022716773, 0.0 ], [ -59.344597536843175, -18.604562746176079, 0.0 ], [ -59.344639363233895, -18.604301311329984, 0.0 ], [ -59.344681749584318, -18.604071181138895, 0.0 ], [ -59.344694021985553, -18.603835023751159, 0.0 ], [ -59.344688050823152, -18.603446017572232, 0.0 ], [ -59.344547362222201, -18.603139395944066, 0.0 ], [ -59.344285056780237, -18.602911368089597, 0.0 ], [ -59.344068357778539, -18.602725909591101, 0.0 ], [ -59.343806053634559, -18.602497881278509, 0.0 ], [ -59.343512569212784, -18.602241432245702, 0.0 ], [ -59.343174502264546, -18.602027354170481, 0.0 ], [ -59.342989194091132, -18.601928407848096, 0.0 ], [ -59.342879490327597, -18.601694874031285, 0.0 ], [ -59.342755371027039, -18.601549949515224, 0.0 ], [ -59.342658668511248, -18.601334959564554, 0.0 ], [ -59.342491328187243, -18.601085039463733, 0.0 ], [ -59.342323641456808, -18.600964666548972, 0.0 ], [ -59.342208466165189, -18.600909560498753, 0.0 ], [ -59.341870156519995, -18.600802694535155, 0.0 ], [ -59.341708831342615, -18.600879230561947, 0.0 ], [ -59.341587670177489, -18.600908701415385, 0.0 ], [ -59.341358342463742, -18.600883427539056, 0.0 ], [ -59.341017939778695, -18.600566467795073, 0.0 ], [ -59.340831815139488, -18.600337913954228, 0.0 ], [ -59.340768071935805, -18.600120162758852, 0.0 ], [ -59.340521981191195, -18.599977859169282, 0.0 ], [ -59.340306665383046, -18.59985055244664, 0.0 ], [ -59.339694293441994, -18.599640141231237, 0.0 ], [ -59.339154987363074, -18.599236932771916, 0.0 ], [ -59.338615429620248, -18.598838177545005, 0.0 ], [ -59.337772983414474, -18.598615850911255, 0.0 ], [ -59.337008696076417, -18.598522663119326, 0.0 ], [ -59.336795371303495, -18.598525020058375, 0.0 ], [ -59.336314338002055, -18.598517980739977, 0.0 ], [ -59.336133260895636, -18.598571150454177, 0.0 ], [ -59.335878962116745, -18.59869647867837, 0.0 ], [ -59.335684481623808, -18.598820437819857, 0.0 ], [ -59.335429066552955, -18.59898591602407, 0.0 ], [ -59.335174259802095, -18.599120152706409, 0.0 ], [ -59.334600395326198, -18.598871512959551, 0.0 ], [ -59.334154595077287, -18.598513346993435, 0.0 ], [ -59.334043437846915, -18.598449509966599, 0.0 ], [ -59.333600898056417, -18.598404247781133, 0.0 ], [ -59.333319634249946, -18.598447758239168, 0.0 ], [ -59.332960731991378, -18.598661483495658, 0.0 ], [ -59.332701660728866, -18.598808897625304, 0.0 ], [ -59.332491640800257, -18.598958851994649, 0.0 ], [ -59.332164372955653, -18.599151875582049, 0.0 ], [ -59.331952979289674, -18.599140923670699, 0.0 ], [ -59.331631853385389, -18.599164494241382, 0.0 ], [ -59.331099741658882, -18.599190534149553, 0.0 ], [ -59.33069747137079, -18.599178624936837, 0.0 ], [ -59.330568340828741, -18.599265753896187, 0.0 ], [ -59.330489583237636, -18.599373363522226, 0.0 ], [ -59.330420423102389, -18.599477002399912, 0.0 ], [ -59.330282050178383, -18.599644068858151, 0.0 ], [ -59.329737596670419, -18.600174305565719, 0.0 ], [ -59.329450540924832, -18.600463226211687, 0.0 ], [ -59.329011502838682, -18.600726398807499, 0.0 ], [ -59.328541844794181, -18.600889694813166, 0.0 ], [ -59.32819207585905, -18.601045801073333, 0.0 ], [ -59.32787115152847, -18.601127451695227, 0.0 ], [ -59.327716983931879, -18.601222214885027, 0.0 ], [ -59.327493705677945, -18.601358071123293, 0.0 ], [ -59.326771320501202, -18.60145464822245, 0.0 ], [ -59.326472381202954, -18.601582112115267, 0.0 ], [ -59.326223810315767, -18.601832811502284, 0.0 ], [ -59.326037854264385, -18.601930390981799, 0.0 ], [ -59.325685348752422, -18.60186743780519, 0.0 ], [ -59.325523213940897, -18.601814354649907, 0.0 ], [ -59.325292524879572, -18.60183366597974, 0.0 ], [ -59.325044107574143, -18.601999487306191, 0.0 ], [ -59.324877743408685, -18.602308057148804, 0.0 ], [ -59.324651052587917, -18.602626901164761, 0.0 ], [ -59.324243939999164, -18.603007869063205, 0.0 ], [ -59.323963937665361, -18.603131840875314, 0.0 ], [ -59.323794790331455, -18.603181146545182, 0.0 ], [ -59.323564299647671, -18.603258543180928, 0.0 ], [ -59.323445724114272, -18.603386419828773, 0.0 ], [ -59.323426069467601, -18.603443477985767, 0.0 ], [ -59.323357459747086, -18.603578413673631, 0.0 ], [ -59.323279705711691, -18.603770953062021, 0.0 ], [ -59.323203544863745, -18.604530953658934, 0.0 ], [ -59.323047550861894, -18.605376164554144, 0.0 ], [ -59.322719295960233, -18.605627189226933, 0.0 ], [ -59.321202178917673, -18.607313154292065, 0.0 ], [ -59.320737730682112, -18.608718663009643, 0.0 ], [ -59.320985921564052, -18.609008529720807, 0.0 ], [ -59.321007482637761, -18.609246427804436, 0.0 ], [ -59.321001353882025, -18.609661590437064, 0.0 ], [ -59.320842748842665, -18.609854398526149, 0.0 ], [ -59.320560736933885, -18.610156957386039, 0.0 ], [ -59.320450016680887, -18.610352249426526, 0.0 ], [ -59.320432101651981, -18.610789137139669, 0.0 ], [ -59.320524596115867, -18.611097729881418, 0.0 ], [ -59.320566915603642, -18.611443926402689, 0.0 ], [ -59.320564249113154, -18.611716307768774, 0.0 ], [ -59.320463831300764, -18.611956809516329, 0.0 ], [ -59.320366522584166, -18.612081317443202, 0.0 ], [ -59.32010923840744, -18.612340481156206, 0.0 ], [ -59.319939364780296, -18.612443352247642, 0.0 ], [ -59.319636746782152, -18.612552733672754, 0.0 ], [ -59.319359523895315, -18.612627693110291, 0.0 ], [ -59.319201224842374, -18.612753501185193, 0.0 ], [ -59.319172813602208, -18.612984336515915, 0.0 ], [ -59.319216654839089, -18.613303806494653, 0.0 ], [ -59.31921490981896, -18.613477949179387, 0.0 ], [ -59.31914034510622, -18.613634909152957, 0.0 ], [ -59.319005300585935, -18.613784260508957, 0.0 ], [ -59.318764744346801, -18.613811979646275, 0.0 ], [ -59.318308738834659, -18.613694486245379, 0.0 ], [ -59.317901442060887, -18.613503573709721, 0.0 ], [ -59.317697707718828, -18.613501929604237, 0.0 ], [ -59.317573520174889, -18.61372779175667, 0.0 ], [ -59.31751103887688, -18.613898780215628, 0.0 ], [ -59.317205594294698, -18.614262656903762, 0.0 ], [ -59.317154791928417, -18.614434251093751, 0.0 ], [ -59.316897394889423, -18.614715739010354, 0.0 ], [ -59.316836497514842, -18.614797459215954, 0.0 ], [ -59.31664188379213, -18.614943714923083, 0.0 ], [ -59.31636173969207, -18.615192747648102, 0.0 ], [ -59.316019019222139, -18.615532347283633, 0.0 ], [ -59.315641049788624, -18.615914788938042, 0.0 ], [ -59.315348458829007, -18.616176575273983, 0.0 ], [ -59.315263392336036, -18.616230233862154, 0.0 ], [ -59.314922913171721, -18.616489531424357, 0.0 ], [ -59.314185874018982, -18.617456424254957, 0.0 ], [ -59.31381936469657, -18.61788412967665, 0.0 ], [ -59.313487997958184, -18.618291321808986, 0.0 ], [ -59.313281337432855, -18.618463749887635, 0.0 ], [ -59.313073343195732, -18.618720989975049, 0.0 ], [ -59.312877852231992, -18.618902933010158, 0.0 ], [ -59.312598670273779, -18.619093928104697, 0.0 ], [ -59.312381003619613, -18.619171966212669, 0.0 ], [ -59.312186802744385, -18.619228885794652, 0.0 ], [ -59.31195853666523, -18.619225958145506, 0.0 ], [ -59.311729102196047, -18.61922296939516, 0.0 ], [ -59.311429501444763, -18.619135919803288, 0.0 ], [ -59.31114219573594, -18.619018236906648, 0.0 ], [ -59.311024308943843, -18.618846815140163, 0.0 ], [ -59.310953483933346, -18.618753785253102, 0.0 ], [ -59.310786015874505, -18.618691472369083, 0.0 ], [ -59.310689222146834, -18.618704311722048, 0.0 ], [ -59.310604258750054, -18.618735635042771, 0.0 ], [ -59.310409846995213, -18.618837216297141, 0.0 ], [ -59.310178911426561, -18.619003909739071, 0.0 ], [ -59.310057168927358, -18.619104800258469, 0.0 ], [ -59.309961034939967, -18.619126607507159, 0.0 ], [ -59.309792336820607, -18.61912677397256, 0.0 ], [ -59.309460270627049, -18.619136317145848, 0.0 ], [ -59.309285627452766, -18.619158510753508, 0.0 ], [ -59.309101068914103, -18.619251666925056, 0.0 ], [ -59.308866161456947, -18.619467293561964, 0.0 ], [ -59.308683663522451, -18.619667774409944, 0.0 ], [ -59.308407621860766, -18.619885728850019, 0.0 ], [ -59.30824638190618, -18.62018559748908, 0.0 ], [ -59.307962482482992, -18.620581838699572, 0.0 ], [ -59.307686862346522, -18.620710464859361, 0.0 ], [ -59.307260081262186, -18.620491707597967, 0.0 ], [ -59.307000662703501, -18.620357598559018, 0.0 ], [ -59.306844620753964, -18.620300343871872, 0.0 ], [ -59.30649563055826, -18.620380478733608, 0.0 ], [ -59.30626802506486, -18.620386512226574, 0.0 ], [ -59.306040482859231, -18.620330005518202, 0.0 ], [ -59.305958320863873, -18.620312330660269, 0.0 ], [ -59.305659851313017, -18.620430830111218, 0.0 ], [ -59.305485207906408, -18.620453019879609, 0.0 ], [ -59.305444965297021, -18.620562610821487, 0.0 ], [ -59.305295037983086, -18.620889866631128, 0.0 ], [ -59.305027508951142, -18.620938496245035, 0.0 ], [ -59.304852800383941, -18.621023224241405, 0.0 ], [ -59.304638678184709, -18.621141641333718, 0.0 ], [ -59.304515105160093, -18.621233495572454, 0.0 ], [ -59.304382295503693, -18.621302533005068, 0.0 ], [ -59.304018017776045, -18.621158498150617, 0.0 ], [ -59.303913942602584, -18.62103246566106, 0.0 ], [ -59.303734992628399, -18.620781919553181, 0.0 ], [ -59.303559648925955, -18.620754929207756, 0.0 ], [ -59.30339445659768, -18.620755271383686, 0.0 ], [ -59.303322125591713, -18.620831921017963, 0.0 ], [ -59.303231956552025, -18.620974653273464, 0.0 ], [ -59.303178822868283, -18.621043366647868, 0.0 ], [ -59.302977891107638, -18.620992707719502, 0.0 ], [ -59.302863134489613, -18.620950999165281, 0.0 ], [ -59.302696031747978, -18.620861893512366, 0.0 ], [ -59.302585371878756, -18.620891875366461, 0.0 ], [ -59.302431621577298, -18.62104023361444, 0.0 ], [ -59.30217149310154, -18.620713986281075, 0.0 ], [ -59.301888977379512, -18.620574202806115, 0.0 ], [ -59.301660501405031, -18.620615923703799, 0.0 ], [ -59.301502203431774, -18.620884662694177, 0.0 ], [ -59.301628360806717, -18.621034181755256, 0.0 ], [ -59.301727292239654, -18.621209088021843, 0.0 ], [ -59.301757717608695, -18.621393832023276, 0.0 ], [ -59.301493371725918, -18.621509630874083, 0.0 ], [ -59.301389168473442, -18.621508675609316, 0.0 ], [ -59.301091971169221, -18.621604895328783, 0.0 ], [ -59.300858863505489, -18.621686579484958, 0.0 ], [ -59.300581883324341, -18.621757045878031, 0.0 ], [ -59.300197762320245, -18.622000629399739, 0.0 ], [ -59.299757629542675, -18.622035799555718, 0.0 ], [ -59.299524669323475, -18.62213535922729, 0.0 ], [ -59.29922621144523, -18.62239679893294, 0.0 ], [ -59.299013105759208, -18.62249739034775, 0.0 ], [ -59.298795797799073, -18.62254862260421, 0.0 ], [ -59.298404383471301, -18.622510380784227, 0.0 ], [ -59.298242467297676, -18.622412606745513, 0.0 ], [ -59.297956049002728, -18.622259211534196, 0.0 ], [ -59.297732955725479, -18.622104645307957, 0.0 ], [ -59.297516253262962, -18.621981683097232, 0.0 ], [ -59.297068754992296, -18.621654612349975, 0.0 ], [ -59.296394999274945, -18.621248754100023, 0.0 ], [ -59.296077629243939, -18.621022269975825, 0.0 ], [ -59.295840632357908, -18.620844642397639, 0.0 ], [ -59.29549742255643, -18.6205989428321, 0.0 ], [ -59.295197251199795, -18.620440362877176, 0.0 ], [ -59.294809644086889, -18.620438051914615, 0.0 ], [ -59.294670887412984, -18.620529106927432, 0.0 ], [ -59.294453299783122, -18.620687533635909, 0.0 ], [ -59.294156979633932, -18.620748048366274, 0.0 ], [ -59.293809682884735, -18.620962261419045, 0.0 ], [ -59.293630262684026, -18.621006525689953, 0.0 ], [ -59.293450254083261, -18.620979283389151, 0.0 ], [ -59.292855933745429, -18.621109154289808, 0.0 ], [ -59.292698528035899, -18.621239441233431, 0.0 ], [ -59.292570800698712, -18.621465086352572, 0.0 ], [ -59.292422530384108, -18.621783473017036, 0.0 ], [ -59.292028798403869, -18.621888049188275, 0.0 ], [ -59.291752548088624, -18.621904931140218, 0.0 ], [ -59.291399577687073, -18.621891013167392, 0.0 ], [ -59.291221464138836, -18.62181026061862, 0.0 ], [ -59.291158334200063, -18.622012464591325, 0.0 ], [ -59.291333871624374, -18.622383453371508, 0.0 ], [ -59.291493236809686, -18.622668723143896, 0.0 ], [ -59.291370502997786, -18.622827617699468, 0.0 ], [ -59.291020176702347, -18.622460925505639, 0.0 ], [ -59.29085195639891, -18.622411956901676, 0.0 ], [ -59.290720637117595, -18.622414051533397, 0.0 ], [ -59.290642060818662, -18.622476966395784, 0.0 ], [ -59.290594909976356, -18.622563854515725, 0.0 ], [ -59.290514328878565, -18.62270260763249, 0.0 ], [ -59.289951111048325, -18.623066381866288, 0.0 ], [ -59.289767024011773, -18.623253348473128, 0.0 ], [ -59.289590568935644, -18.623552392427438, 0.0 ], [ -59.289435097868449, -18.62381232487515, 0.0 ], [ -59.289052138418754, -18.624198887856007, 0.0 ], [ -59.288776287903083, -18.624229186063541, 0.0 ], [ -59.288615585455027, -18.624171672932285, 0.0 ], [ -59.288546384591584, -18.624132328963359, 0.0 ], [ -59.288337063548198, -18.623982938326328, 0.0 ], [ -59.288145811247027, -18.62386575961424, 0.0 ], [ -59.287848972290554, -18.623792217447843, 0.0 ], [ -59.287682980407965, -18.623765699113658, 0.0 ], [ -59.287389172201991, -18.623741452949119, 0.0 ], [ -59.287215041652956, -18.623754714881994, 0.0 ], [ -59.286980435211298, -18.623760356570308, 0.0 ], [ -59.286648525797396, -18.623787730443787, 0.0 ], [ -59.286316690795488, -18.623895516763749, 0.0 ], [ -59.286200776386643, -18.623996687328713, 0.0 ], [ -59.286099022591031, -18.624116464860712, 0.0 ], [ -59.286066615758557, -18.624293462474693, 0.0 ], [ -59.286087025158146, -18.624754646111136, 0.0 ], [ -59.286040091562079, -18.624939820906651, 0.0 ], [ -59.285779791276717, -18.625087070824865, 0.0 ], [ -59.285598615597692, -18.625059758624666, 0.0 ], [ -59.285424482994863, -18.624930068026266, 0.0 ], [ -59.285299514565878, -18.624923553583912, 0.0 ], [ -59.285217285073514, -18.624968405525625, 0.0 ], [ -59.285170861260923, -18.625144672756729, 0.0 ], [ -59.284999541848492, -18.62525188766039, 0.0 ], [ -59.284819863234127, -18.625300594574085, 0.0 ], [ -59.284692229028927, -18.625075049222556, 0.0 ], [ -59.284529958487184, -18.624861100858983, 0.0 ], [ -59.284265824786843, -18.624789258016314, 0.0 ], [ -59.284101950591001, -18.624950466604904, 0.0 ], [ -59.284043518426138, -18.625193113227155, 0.0 ], [ -59.284060307167728, -18.625390543417051, 0.0 ], [ -59.283772741540325, -18.625665915505035, 0.0 ], [ -59.283604194785035, -18.62568393090741, 0.0 ], [ -59.283356812922058, -18.625626360928354, 0.0 ], [ -59.283104468190956, -18.625389845819374, 0.0 ], [ -59.282881979634006, -18.625163822719365, 0.0 ], [ -59.282500398296094, -18.625076918374326, 0.0 ], [ -59.282216885463015, -18.625097872389315, 0.0 ], [ -59.282078559240546, -18.625099593696859, 0.0 ], [ -59.281895782712184, -18.624875639359527, 0.0 ], [ -59.281946772090741, -18.624579001188593, 0.0 ], [ -59.282036483642052, -18.624485401522954, 0.0 ], [ -59.282046485688959, -18.624208961016453, 0.0 ], [ -59.282067913052181, -18.623794635316742, 0.0 ], [ -59.282062914301804, -18.623432536811947, 0.0 ], [ -59.281989155639039, -18.623084721675166, 0.0 ], [ -59.281812000323569, -18.622762784636411, 0.0 ], [ -59.281538348154214, -18.622489422625893, 0.0 ], [ -59.281351229002759, -18.622341184718085, 0.0 ], [ -59.281164987818507, -18.622014308046314, 0.0 ], [ -59.281038932336038, -18.621373403485485, 0.0 ], [ -59.280998568376333, -18.620933520944412, 0.0 ], [ -59.280974847413646, -18.620673191260405, 0.0 ], [ -59.28095725676895, -18.620448918899502, 0.0 ], [ -59.280940541543174, -18.620188954321566, 0.0 ], [ -59.280935140402718, -18.61981343483442, 0.0 ], [ -59.280940031138165, -18.619626070267678, 0.0 ], [ -59.280915432795588, -18.61940143187735, 0.0 ], [ -59.280926199735752, -18.619111631312958, 0.0 ], [ -59.280901417736793, -18.618828910419712, 0.0 ], [ -59.280793900713235, -18.618599948875193, 0.0 ], [ -59.280697732996977, -18.618438586036156, 0.0 ], [ -59.280458320389556, -18.618140208798291, 0.0 ], [ -59.280191426416629, -18.61787166729642, 0.0 ], [ -59.280070260223965, -18.61761519202615, 0.0 ], [ -59.280040990661583, -18.617533257843689, 0.0 ], [ -59.280012341582612, -18.617420086389945, 0.0 ], [ -59.279994860270278, -18.617173484886621, 0.0 ], [ -59.279875191048255, -18.61699302830046, 0.0 ], [ -59.279532498050663, -18.616698199662331, 0.0 ], [ -59.279289548559824, -18.616502381315208, 0.0 ], [ -59.279049227266185, -18.616342437033033, 0.0 ], [ -59.278673290287415, -18.616157552307335, 0.0 ], [ -59.278442568448526, -18.615993640638987, 0.0 ], [ -59.278222394972126, -18.615584589205586, 0.0 ], [ -59.278122837530162, -18.615400714374879, 0.0 ], [ -59.278066672208858, -18.615277174084877, 0.0 ], [ -59.277866754496777, -18.614882580109139, 0.0 ], [ -59.277726578737351, -18.61469212098557, 0.0 ], [ -59.277578083181943, -18.614483358579616, 0.0 ], [ -59.276454276272027, -18.613450934210064, 0.0 ], [ -59.276019121919184, -18.613053008264554, 0.0 ], [ -59.275381829947356, -18.612523929465269, 0.0 ], [ -59.27512728919379, -18.612122020755258, 0.0 ], [ -59.275026828967484, -18.611504795705823, 0.0 ], [ -59.275077266622048, -18.611176864859249, 0.0 ], [ -59.275166825534058, -18.610922446830621, 0.0 ], [ -59.275366083611793, -18.610593342248958, 0.0 ], [ -59.275372945126399, -18.610432885646777, 0.0 ], [ -59.275390463001578, -18.61029085347025, 0.0 ], [ -59.275386195331578, -18.610018140780419, 0.0 ], [ -59.275328462659949, -18.609881118933153, 0.0 ], [ -59.274332888777415, -18.609431633985373, 0.0 ], [ -59.274193557715385, -18.60945117038829, 0.0 ], [ -59.274036308175553, -18.609456370882345, 0.0 ], [ -59.273795634932029, -18.609466153765162, 0.0 ], [ -59.273417454207738, -18.609504501247528, 0.0 ], [ -59.273176525872699, -18.609518737301546, 0.0 ], [ -59.272917167960422, -18.60952754509249, 0.0 ], [ -59.272649672138741, -18.609576130365255, 0.0 ], [ -59.272389949756104, -18.609611720493664, 0.0 ], [ -59.272113405503383, -18.609552625108016, 0.0 ], [ -59.271705194652426, -18.609522396426136, 0.0 ], [ -59.271403031666459, -18.60954236986699, 0.0 ], [ -59.271257055410985, -18.609677698963605, 0.0 ], [ -59.270988457409722, -18.609949575058106, 0.0 ], [ -59.270681904176165, -18.610290941560461, 0.0 ], [ -59.270557964541581, -18.610552495446733, 0.0 ], [ -59.270471101976717, -18.610780246537509, 0.0 ], [ -59.270358728616749, -18.611064738879495, 0.0 ], [ -59.270317478667735, -18.611375275750007, 0.0 ], [ -59.27036513181006, -18.611565376002677, 0.0 ], [ -59.270405155826495, -18.611786347742964, 0.0 ], [ -59.270391456023731, -18.612147459368607, 0.0 ], [ -59.270449619652403, -18.612338108286682, 0.0 ], [ -59.270527158382386, -18.61257890544481, 0.0 ], [ -59.270604005350293, -18.612770529487207, 0.0 ], [ -59.270487759377637, -18.613081620555825, 0.0 ], [ -59.270301666317465, -18.613344396896203, 0.0 ], [ -59.270197138079666, -18.613553358264355, 0.0 ], [ -59.27007053291733, -18.613738832103074, 0.0 ], [ -59.269970640834465, -18.613907832504346, 0.0 ], [ -59.269954284088278, -18.614049922510926, 0.0 ], [ -59.269948106516296, -18.614259549188311, 0.0 ], [ -59.269922621524834, -18.614499436624911, 0.0 ], [ -59.269785343936547, -18.614952373370674, 0.0 ], [ -59.269709275564146, -18.615216423156202, 0.0 ], [ -59.26957485872294, -18.615374686758781, 0.0 ], [ -59.269477632239791, -18.615476819914175, 0.0 ], [ -59.269390805343491, -18.615601830741994, 0.0 ], [ -59.269364850227753, -18.615747886862799, 0.0 ], [ -59.269302325682325, -18.615918836306211, 0.0 ], [ -59.269238700669078, -18.616170133636807, 0.0 ], [ -59.269150841702157, -18.616455902104242, 0.0 ], [ -59.268979342131722, -18.616647965251182, 0.0 ], [ -59.268602085444236, -18.616873956587046, 0.0 ], [ -59.268212926803358, -18.617143995927755, 0.0 ], [ -59.26806671784454, -18.617323976090223, 0.0 ], [ -59.267944086805976, -18.617460517971352, 0.0 ], [ -59.267688024114634, -18.61769730067488, 0.0 ], [ -59.267396604119888, -18.617856298140161, 0.0 ], [ -59.267369544328098, -18.618082700429422, 0.0 ], [ -59.267292367695866, -18.618427095087302, 0.0 ], [ -59.267216882037239, -18.618619700243769, 0.0 ], [ -59.266948481615351, -18.618846903398889, 0.0 ], [ -59.266644055541938, -18.619130293852542, 0.0 ], [ -59.266509232131945, -18.619275131287964, 0.0 ], [ -59.266253676347723, -18.619503002414053, 0.0 ], [ -59.265849458025578, -18.619933056460788, 0.0 ], [ -59.265543302530865, -18.620328027864876, 0.0 ], [ -59.264943112491594, -18.621029261181402, 0.0 ], [ -59.264480173996631, -18.621380304690692, 0.0 ], [ -59.264139424370363, -18.621684125824203, 0.0 ], [ -59.264016898621229, -18.621798332412379, 0.0 ], [ -59.26343366993661, -18.622143088049793, 0.0 ], [ -59.2627358605693, -18.622973216400105, 0.0 ], [ -59.262462516901117, -18.623530701363865, 0.0 ], [ -59.262289447384745, -18.623892412789491, 0.0 ], [ -59.261797613106033, -18.62464395717226, 0.0 ], [ -59.261380581288428, -18.625989039846946, 0.0 ], [ -59.261360148850734, -18.626751814878666, 0.0 ], [ -59.261162340376515, -18.627013958100711, 0.0 ], [ -59.260719281403922, -18.62726328301169, 0.0 ], [ -59.260347226251071, -18.627377843222057, 0.0 ], [ -59.25991731971169, -18.627520646720431, 0.0 ], [ -59.259586763475127, -18.627606105103911, 0.0 ], [ -59.259287431781843, -18.627800401829401, 0.0 ], [ -59.259232949145307, -18.627994096465645, 0.0 ], [ -59.259135429853728, -18.628243611537183, 0.0 ], [ -59.259109661882896, -18.628487943434013, 0.0 ], [ -59.25902955349499, -18.628943845529083, 0.0 ], [ -59.258947704633236, -18.629328186065152, 0.0 ], [ -59.258470607968597, -18.629883937105507, 0.0 ], [ -59.258359296636485, -18.630088060049157, 0.0 ], [ -59.258283391497855, -18.630267234108068, 0.0 ], [ -59.25815074173974, -18.630394304621657, 0.0 ], [ -59.257955855360258, -18.630585123322636, 0.0 ], [ -59.257509531213508, -18.630646654476308, 0.0 ], [ -59.257266614617429, -18.63063395170753, 0.0 ], [ -59.257108409705943, -18.630594409709435, 0.0 ], [ -59.256805818158348, -18.630600920171553, 0.0 ], [ -59.256619786723185, -18.630658193363413, 0.0 ], [ -59.256477852541323, -18.630865180028774, 0.0 ], [ -59.256366538181048, -18.631069301240071, 0.0 ], [ -59.256151082263841, -18.631169704631521, 0.0 ], [ -59.2560221040765, -18.631171891682744, 0.0 ], [ -59.255906770023607, -18.631201594297938, 0.0 ], [ -59.255619646323389, -18.63124464566457, 0.0 ], [ -59.255305491716769, -18.631411354502013, 0.0 ], [ -59.255059782337099, -18.631304697734102, 0.0 ], [ -59.254538115267955, -18.631067467731256, 0.0 ], [ -59.254363932177284, -18.631000287208703, 0.0 ], [ -59.254135088532948, -18.631068718538351, 0.0 ], [ -59.253848535201428, -18.631183266168172, 0.0 ], [ -59.253618637940924, -18.631229307926652, 0.0 ], [ -59.253359771304503, -18.631229165216975, 0.0 ], [ -59.253087032479733, -18.631246163514991, 0.0 ], [ -59.252914588157026, -18.631250541865121, 0.0 ], [ -59.252698933228189, -18.631252659581371, 0.0 ], [ -59.252552609998297, -18.631128866254507, 0.0 ], [ -59.252434600669119, -18.630859148295489, 0.0 ], [ -59.252342740596177, -18.630501463222608, 0.0 ], [ -59.252367125002721, -18.630118592793, 0.0 ], [ -59.252363281223992, -18.62981911415114, 0.0 ], [ -59.252358524718616, -18.629515121355968, 0.0 ], [ -59.252325882438328, -18.629227536500451, 0.0 ], [ -59.25225054267883, -18.628928785308069, 0.0 ], [ -59.252075936749563, -18.628807979031489, 0.0 ], [ -59.251974391378624, -18.628699930045787, 0.0 ], [ -59.251757629997812, -18.628599252766893, 0.0 ], [ -59.251627801222362, -18.628494189737513, 0.0 ], [ -59.251354099509506, -18.628609407221163, 0.0 ], [ -59.250643032292125, -18.628406929021615, 0.0 ], [ -59.249749617162834, -18.628136838746851, 0.0 ], [ -59.248928836236146, -18.628009015820496, 0.0 ], [ -59.248663855261967, -18.627972813956827, 0.0 ], [ -59.248219167164557, -18.628128212064098, 0.0 ], [ -59.247701026113852, -18.628074291900653, 0.0 ], [ -59.247096161677845, -18.627756758534577, 0.0 ], [ -59.246842603529245, -18.627725618447382, 0.0 ], [ -59.246470179925772, -18.627866927164458, 0.0 ], [ -59.246157064223198, -18.627832669051326, 0.0 ], [ -59.245612587584866, -18.627585294298658, 0.0 ], [ -59.245322208923632, -18.627400355978185, 0.0 ], [ -59.244853681412245, -18.627603630919342, 0.0 ], [ -59.244629836801835, -18.628154719867766, 0.0 ], [ -59.244234339404855, -18.628330548998786, 0.0 ], [ -59.24374222347636, -18.628577250612715, 0.0 ], [ -59.243408404256193, -18.629024309715533, 0.0 ], [ -59.243003232102105, -18.629489964596701, 0.0 ], [ -59.242309453568481, -18.630105770232174, 0.0 ], [ -59.241913218827847, -18.630152017663114, 0.0 ], [ -59.241285732070303, -18.630145950036113, 0.0 ], [ -59.240563512091391, -18.630117051499727, 0.0 ], [ -59.240058209701402, -18.630246913988284, 0.0 ], [ -59.239457735858508, -18.630483456885614, 0.0 ], [ -59.239049924437808, -18.630689890818491, 0.0 ], [ -59.238653317400015, -18.63076291026719, 0.0 ], [ -59.23796557209343, -18.6306643400331, 0.0 ], [ -59.237483642727952, -18.63061228531507, 0.0 ], [ -59.236929757676407, -18.630650259233409, 0.0 ], [ -59.23644951762563, -18.630812690759758, 0.0 ], [ -59.235737766868979, -18.63070392071042, 0.0 ], [ -59.235353707609463, -18.630924988738986, 0.0 ], [ -59.235065895883317, -18.631101967840035, 0.0 ], [ -59.234669876461453, -18.631286675036669, 0.0 ], [ -59.234000315709956, -18.631867969285512, 0.0 ], [ -59.233718156352197, -18.632616970490385, 0.0 ], [ -59.23347098101614, -18.633287404257423, 0.0 ], [ -59.233221747279522, -18.633770131055037, 0.0 ], [ -59.23305752901328, -18.634301981394877, 0.0 ], [ -59.233122946531417, -18.634792274061805, 0.0 ], [ -59.233281534285695, -18.635068587074127, 0.0 ], [ -59.233381287096343, -18.635471347363232, 0.0 ], [ -59.233372571986877, -18.635886286924492, 0.0 ], [ -59.233496591972099, -18.636294786788167, 0.0 ], [ -59.233787729852011, -18.636466385086457, 0.0 ], [ -59.234166710626134, -18.637084786432119, 0.0 ], [ -59.234541841428559, -18.637323322717165, 0.0 ], [ -59.234808737717096, -18.637529382995655, 0.0 ], [ -59.234594554837741, -18.637830816551702, 0.0 ], [ -59.234041745370071, -18.637971560356707, 0.0 ], [ -59.233404056596754, -18.638081051558128, 0.0 ], [ -59.232792851400646, -18.638442059419557, 0.0 ], [ -59.232289553456944, -18.638719391858135, 0.0 ], [ -59.231811265121294, -18.639172231768743, 0.0 ], [ -59.231680902678676, -18.639482522851761, 0.0 ], [ -59.231091583709372, -18.639545407013063, 0.0 ], [ -59.230858545525471, -18.639077588260832, 0.0 ], [ -59.230324882460302, -18.638643131827209, 0.0 ], [ -59.229495318456493, -18.638809538843631, 0.0 ], [ -59.228999000960911, -18.638560168644961, 0.0 ], [ -59.228754774632286, -18.638265960217037, 0.0 ], [ -59.228489957377619, -18.638287797294169, 0.0 ], [ -59.228072371634752, -18.63870361047287, 0.0 ], [ -59.22749692347741, -18.638972672901399, 0.0 ], [ -59.226953726064572, -18.638886100585957, 0.0 ], [ -59.226530634086821, -18.6387075666341, 0.0 ], [ -59.226240438568517, -18.638580672290011, 0.0 ], [ -59.225821638195058, -18.638916015497976, 0.0 ], [ -59.225641995557211, -18.639045049352479, 0.0 ], [ -59.225254316353279, -18.638841572155609, 0.0 ], [ -59.224470137694659, -18.638688745307093, 0.0 ], [ -59.223486356453563, -18.639213281988841, 0.0 ], [ -59.22196292379239, -18.639995330098785, 0.0 ], [ -59.220983362997366, -18.640953318399859, 0.0 ], [ -59.220641184357277, -18.641725916608692, 0.0 ], [ -59.220937286000776, -18.642540971620022, 0.0 ], [ -59.22121817178153, -18.643011307701968, 0.0 ], [ -59.221286190759542, -18.643881382197982, 0.0 ], [ -59.220845468980791, -18.644555006756601, 0.0 ], [ -59.220391644698609, -18.644968884898933, 0.0 ], [ -59.220083082918975, -18.645524386161721, 0.0 ], [ -59.220148882031076, -18.646108486638855, 0.0 ], [ -59.220056367253761, -18.646675338033972, 0.0 ], [ -59.219576354679575, -18.646873442859071, 0.0 ], [ -59.218999078342577, -18.646910109387978, 0.0 ], [ -59.218568187132433, -18.647271585405822, 0.0 ], [ -59.218331606277815, -18.6477772640654, 0.0 ], [ -59.217817606979906, -18.648299629203844, 0.0 ], [ -59.217325532404509, -18.648523890383906, 0.0 ], [ -59.216907617028994, -18.648903907343147, 0.0 ], [ -59.21637813485053, -18.649045802585071, 0.0 ], [ -59.215702171569468, -18.6489254073674, 0.0 ], [ -59.215048796208002, -18.648515879368414, 0.0 ], [ -59.214204583360335, -18.648489364070343, 0.0 ], [ -59.213327533084787, -18.648746968213533, 0.0 ], [ -59.212791704594878, -18.649545081593008, 0.0 ], [ -59.212508969995234, -18.650200176263915, 0.0 ], [ -59.212258833893209, -18.650615798141018, 0.0 ], [ -59.211806192227314, -18.651150294862777, 0.0 ], [ -59.211236724565616, -18.652245877405914, 0.0 ], [ -59.210396161034019, -18.652621503633465, 0.0 ], [ -59.209302110180566, -18.652822998775182, 0.0 ], [ -59.208572019191116, -18.653333950586173, 0.0 ], [ -59.208228966798778, -18.654119846948525, 0.0 ], [ -59.20780126399945, -18.654789628366366, 0.0 ], [ -59.207282096563205, -18.65479357173847, 0.0 ], [ -59.206992453364556, -18.654738131216877, 0.0 ], [ -59.206693675377409, -18.654901060421057, 0.0 ], [ -59.206055702755663, -18.655055069479658, 0.0 ], [ -59.205223359719298, -18.654863868741373, 0.0 ], [ -59.204896034055814, -18.654650119931333, 0.0 ], [ -59.204571033351719, -18.654780400731017, 0.0 ], [ -59.204164310051446, -18.654986772448829, 0.0 ], [ -59.203754015375324, -18.654991969989869, 0.0 ], [ -59.203463981001782, -18.654923104787734, 0.0 ], [ -59.203045742289412, -18.655227125583473, 0.0 ], [ -59.202648727468684, -18.655367010100584, 0.0 ], [ -59.202216541488433, -18.655487174872203, 0.0 ], [ -59.201781425018872, -18.65537493689871, 0.0 ], [ -59.201559596526337, -18.654755838462446, 0.0 ], [ -59.200994144425586, -18.654851118245809, 0.0 ], [ -59.200330677557332, -18.654798312728875, 0.0 ], [ -59.199841333483995, -18.653883749560997, 0.0 ], [ -59.19906276679157, -18.652967354515379, 0.0 ], [ -59.198051501125889, -18.653115073117981, 0.0 ], [ -59.196947325117478, -18.653673251216471, 0.0 ], [ -59.196601796834877, -18.654137403043347, 0.0 ], [ -59.195819506885272, -18.65415424923259, 0.0 ], [ -59.195254084976249, -18.654329904112945, 0.0 ], [ -59.194661137807699, -18.65399048929353, 0.0 ], [ -59.194199457182705, -18.653488275129732, 0.0 ], [ -59.193267719832079, -18.653113140926692, 0.0 ], [ -59.192878730439176, -18.652690682515836, 0.0 ], [ -59.192226148533642, -18.652491040187652, 0.0 ], [ -59.191728279979721, -18.6519869172059, 0.0 ], [ -59.191529703050428, -18.651310987826015, 0.0 ], [ -59.190887707580679, -18.650888592383264, 0.0 ], [ -59.19076245708294, -18.650261191092909, 0.0 ], [ -59.190068739965469, -18.649518970315459, 0.0 ], [ -59.189761961212632, -18.648850739384695, 0.0 ], [ -59.189598233544579, -18.647957808303644, 0.0 ], [ -59.189652132646529, -18.647210332966846, 0.0 ], [ -59.189681630427849, -18.646439240527073, 0.0 ], [ -59.1895455431928, -18.646039045025187, 0.0 ], [ -59.189168758433858, -18.645568105199381, 0.0 ], [ -59.189033065750174, -18.645181329757104, 0.0 ], [ -59.188981988667166, -18.64487047286384, 0.0 ], [ -59.188786765599822, -18.644560950690362, 0.0 ], [ -59.188363499710633, -18.644426988889535, 0.0 ], [ -59.188143609631439, -18.644058107611073, 0.0 ], [ -59.187624335894057, -18.643923550970232, 0.0 ], [ -59.186704945791355, -18.643357017651983, 0.0 ], [ -59.18624977421122, -18.642279017004046, 0.0 ], [ -59.185773438837082, -18.64160632084176, 0.0 ], [ -59.185216363334057, -18.641255394180078, 0.0 ], [ -59.184433910784563, -18.641316865473886, 0.0 ], [ -59.184094288101754, -18.640972935254347, 0.0 ], [ -59.18344070642263, -18.640670510858868, 0.0 ], [ -59.182912048033728, -18.640798950664589, 0.0 ], [ -59.182466780982033, -18.640802268849392, 0.0 ], [ -59.182029338868865, -18.640448712380707, 0.0 ], [ -59.181543477653605, -18.639980951146264, 0.0 ], [ -59.180978759461965, -18.640125347394743, 0.0 ], [ -59.180558563555309, -18.640241636243349, 0.0 ], [ -59.180075121555468, -18.64009555555964, 0.0 ], [ -59.179419958790348, -18.639618861924369, 0.0 ], [ -59.178998970814348, -18.639668114369744, 0.0 ], [ -59.178636567791692, -18.639474823177693, 0.0 ], [ -59.178275265299916, -18.639545085529782, 0.0 ], [ -59.177537905173025, -18.639273955327678, 0.0 ], [ -59.176972675651761, -18.63942724434655, 0.0 ], [ -59.176600356693797, -18.639546048877484, 0.0 ], [ -59.176176983871194, -18.639354002841351, 0.0 ], [ -59.175381944222785, -18.639289724681145, 0.0 ], [ -59.174636124237438, -18.639446874628927, 0.0 ], [ -59.174056833622622, -18.639358247749612, 0.0 ], [ -59.173210100716062, -18.638974147343347, 0.0 ], [ -59.172508158669366, -18.638597686458493, 0.0 ], [ -59.171653481074387, -18.638673156208082, 0.0 ], [ -59.171294816770896, -18.638940046306239, 0.0 ], [ -59.17066289842635, -18.639737357094294, 0.0 ], [ -59.16964804760034, -18.64083599366953, 0.0 ], [ -59.169377290125809, -18.641585374152267, 0.0 ], [ -59.169007636162299, -18.642141961396245, 0.0 ], [ -59.168623510472294, -18.642282450191367, 0.0 ], [ -59.168239789162833, -18.642516744738579, 0.0 ], [ -59.167703036650977, -18.643127025227422, 0.0 ], [ -59.166981600077165, -18.643307750628701, 0.0 ], [ -59.1663580025199, -18.643618686592429, 0.0 ], [ -59.16580628578658, -18.643982541527709, 0.0 ], [ -59.165448148125876, -18.644441473653949, 0.0 ], [ -59.16504343395745, -18.644915806217551, 0.0 ], [ -59.164348370305596, -18.645428386596883, 0.0 ], [ -59.163965160833612, -18.645693954816434, 0.0 ], [ -59.163560449546544, -18.646248667385084, 0.0 ], [ -59.162968570421839, -18.64611467310483, 0.0 ], [ -59.162450001429725, -18.64602921012073, 0.0 ], [ -59.161929738142774, -18.645872202566942, 0.0 ], [ -59.161686320410681, -18.645586919050544, 0.0 ], [ -59.161144010781285, -18.645486800431698, 0.0 ], [ -59.160732202020768, -18.645237274616761, 0.0 ], [ -59.160572324464916, -18.644844759696223, 0.0 ], [ -59.160547010253836, -18.644696048283514, 0.0 ], [ -59.160245236091342, -18.644608643720286, 0.0 ], [ -59.159604314227693, -18.644311278303629, 0.0 ], [ -59.158842082698591, -18.643904784341867, 0.0 ], [ -59.158113824504902, -18.643276794142277, 0.0 ], [ -59.157314232149268, -18.642787936957596, 0.0 ], [ -59.156936917068627, -18.64222762370855, 0.0 ], [ -59.157002754907616, -18.641538903483664, 0.0 ], [ -59.156773114323791, -18.641379390411863, 0.0 ], [ -59.156173267527642, -18.641704939036945, 0.0 ], [ -59.155773937859806, -18.641523055488292, 0.0 ], [ -59.155497096073809, -18.641570938078932, 0.0 ], [ -59.155379847441147, -18.641895206360122, 0.0 ], [ -59.155116639363939, -18.642091179672438, 0.0 ], [ -59.154582891080558, -18.641683361927122, 0.0 ], [ -59.154259493486322, -18.641947602749912, 0.0 ], [ -59.154288209864795, -18.642520741807232, 0.0 ], [ -59.153715362086153, -18.643146914016228, 0.0 ], [ -59.152947507109147, -18.643521615487142, 0.0 ], [ -59.15252091829354, -18.643043541673272, 0.0 ], [ -59.152230691744471, -18.642778105429826, 0.0 ], [ -59.151737985127575, -18.642953000274076, 0.0 ], [ -59.151296280617025, -18.643438727575418, 0.0 ], [ -59.150695640116375, -18.643697222617924, 0.0 ], [ -59.150662581063287, -18.644124185184236, 0.0 ], [ -59.150439216004692, -18.644782228042814, 0.0 ], [ -59.149564850464714, -18.645396888302091, 0.0 ], [ -59.148976136687537, -18.645651539486362, 0.0 ], [ -59.14819424526501, -18.645703936173, 0.0 ], [ -59.147227606939751, -18.645389293519365, 0.0 ], [ -59.146479183675844, -18.645188910839426, 0.0 ], [ -59.145987380671436, -18.645488871549663, 0.0 ], [ -59.145445106283717, -18.645469093394134, 0.0 ], [ -59.144937208397963, -18.645201056328329, 0.0 ], [ -59.144551390591545, -18.645189559868186, 0.0 ], [ -59.143865120015384, -18.645309520480339, 0.0 ], [ -59.143235540184683, -18.644959120019312, 0.0 ], [ -59.14256055840638, -18.644825130466575, 0.0 ], [ -59.141534144980568, -18.64459214567059, 0.0 ], [ -59.14066017240296, -18.6437331095077, 0.0 ], [ -59.139945120579064, -18.643221878192797, 0.0 ], [ -59.13914782533228, -18.642916173416648, 0.0 ], [ -59.138426930427705, -18.643208440691726, 0.0 ], [ -59.138028413572435, -18.643133740170303, 0.0 ], [ -59.137714091417337, -18.64296079194774, 0.0 ], [ -59.137584504028545, -18.642552021588259, 0.0 ], [ -59.136638934870909, -18.642600166821158, 0.0 ], [ -59.136143260006072, -18.642444400792307, 0.0 ], [ -59.136395841035096, -18.642230039006673, 0.0 ], [ -59.135851005289283, -18.641973425203876, 0.0 ], [ -59.135336807350392, -18.64107092499847, 0.0 ], [ -59.134705465220144, -18.640430152428348, 0.0 ], [ -59.13328112280346, -18.640153720871485, 0.0 ], [ -59.132523283626192, -18.640216263988169, 0.0 ], [ -59.131809569137388, -18.639923898791317, 0.0 ], [ -59.130842910967687, -18.639470760677135, 0.0 ], [ -59.130094175881034, -18.639256914238938, 0.0 ], [ -59.129358660091114, -18.639298301207376, 0.0 ], [ -59.128746756173605, -18.639529323928631, 0.0 ], [ -59.128238527332343, -18.639328221767716, 0.0 ], [ -59.127301030537311, -18.639519647249102, 0.0 ], [ -59.126600433378627, -18.639303875407787, 0.0 ], [ -59.125697067817256, -18.639331878564832, 0.0 ], [ -59.124967339415996, -18.640016580435844, 0.0 ], [ -59.124162658542971, -18.64038025266553, 0.0 ], [ -59.123345541205332, -18.640555711629027, 0.0 ], [ -59.122562800222461, -18.640724059590212, 0.0 ], [ -59.121671128770522, -18.640591904468039, 0.0 ], [ -59.120805736569721, -18.640952336209217, 0.0 ], [ -59.120206654461207, -18.641304569657194, 0.0 ], [ -59.119517758823058, -18.641009013893349, 0.0 ], [ -59.118921018767672, -18.640298599603369, 0.0 ], [ -59.118006511593087, -18.640317040266591, 0.0 ], [ -59.117226715129846, -18.640815957324435, 0.0 ], [ -59.116037783704577, -18.641342265085488, 0.0 ], [ -59.115327205726658, -18.64127774375709, 0.0 ], [ -59.114642889647882, -18.64166561531173, 0.0 ], [ -59.11387059822863, -18.641414731871919, 0.0 ], [ -59.113351616468663, -18.641338050383766, 0.0 ], [ -59.112583378341299, -18.64169912835057, 0.0 ], [ -59.111562936486216, -18.642247744119377, 0.0 ], [ -59.110622916187559, -18.642081708817251, 0.0 ], [ -59.109655566493437, -18.641722208148703, 0.0 ], [ -59.10913837524533, -18.641815292500198, 0.0 ], [ -59.108404170674845, -18.641914703502394, 0.0 ], [ -59.10769711551162, -18.642471013292884, 0.0 ], [ -59.106805719330687, -18.642454896802956, 0.0 ], [ -59.106195075420196, -18.642824315105376, 0.0 ], [ -59.105618805170266, -18.643186627085822, 0.0 ], [ -59.105199883967671, -18.643521578716193, 0.0 ], [ -59.104515946497877, -18.64388262694402, 0.0 ], [ -59.10403644146448, -18.644232214518254, 0.0 ], [ -59.103716033138276, -18.644844777466965, 0.0 ], [ -59.103007457479862, -18.64514645872659, 0.0 ], [ -59.102321524988341, -18.645141239098905, 0.0 ], [ -59.101731919495066, -18.645351005485917, 0.0 ], [ -59.101312360527523, -18.645596604271987, 0.0 ], [ -59.100602404001499, -18.645701730662964, 0.0 ], [ -59.099941594502127, -18.645867514994308, 0.0 ], [ -59.099342187330812, -18.646344661597876, 0.0 ], [ -59.098757503365754, -18.647050312585041, 0.0 ], [ -59.098244444681278, -18.64765260674152, 0.0 ], [ -59.097791181533346, -18.648253613482201, 0.0 ], [ -59.09783189522777, -18.64877820665944, 0.0 ], [ -59.09789594620397, -18.649344228027534, 0.0 ], [ -59.097395930903986, -18.650103490189451, 0.0 ], [ -59.097233199474871, -18.65078246744741, 0.0 ], [ -59.09702117235944, -18.65146328508585, 0.0 ], [ -59.0966492072412, -18.651675676377693, 0.0 ], [ -59.095794951917206, -18.651884719476747, 0.0 ], [ -59.095218659101434, -18.652166602859772, 0.0 ], [ -59.095125065104668, -18.652384878638721, 0.0 ], [ -59.095296668778339, -18.652853925003381, 0.0 ], [ -59.095395305356035, -18.653109225016976, 0.0 ], [ -59.095097606051489, -18.653513100447405, 0.0 ], [ -59.0944822221634, -18.65350266338482, 0.0 ], [ -59.093832052640344, -18.653566278776644, 0.0 ], [ -59.093343083275997, -18.654156431331643, 0.0 ], [ -59.092395066553827, -18.654646227371821, 0.0 ], [ -59.091882548581808, -18.655418188204262, 0.0 ], [ -59.091877209828922, -18.656248416598753, 0.0 ], [ -59.091748103817167, -18.656732703779888, 0.0 ], [ -59.091765656422922, -18.657372151485436, 0.0 ], [ -59.091503882082165, -18.657742207612689, 0.0 ], [ -59.090868735006659, -18.658208465853498, 0.0 ], [ -59.090428192345676, -18.658970855061373, 0.0 ], [ -59.090299503741164, -18.659347998000893, 0.0 ], [ -59.09000088442049, -18.659707156741675, 0.0 ], [ -59.089448660725651, -18.660057266100821, 0.0 ], [ -59.089065718297668, -18.660416393311763, 0.0 ], [ -59.088972078365863, -18.660715029792861, 0.0 ], [ -59.088492248114569, -18.661028805621598, 0.0 ], [ -59.088242410775706, -18.661354838022177, 0.0 ], [ -59.087945857640428, -18.662057911842442, 0.0 ], [ -59.087096066476754, -18.662668982998113, 0.0 ], [ -59.086025618349993, -18.662928938909147, 0.0 ], [ -59.084903088244822, -18.662699419471647, 0.0 ], [ -59.083898945155887, -18.662288674863341, 0.0 ], [ -59.082727599892877, -18.66187347559525, 0.0 ], [ -59.082647929507907, -18.660976220896707, 0.0 ], [ -59.082108257728493, -18.659795466276591, 0.0 ], [ -59.081476566321243, -18.659065237998313, 0.0 ], [ -59.081253637047581, -18.65829429711097, 0.0 ], [ -59.080692186644427, -18.657424935653385, 0.0 ], [ -59.080730819369677, -18.656208049710013, 0.0 ], [ -59.08062177892787, -18.654474279419457, 0.0 ], [ -59.07993060909719, -18.653959670950339, 0.0 ], [ -59.078964240926318, -18.653644704633741, 0.0 ], [ -59.078408277048325, -18.653360551523839, 0.0 ], [ -59.077515624802075, -18.653286154289269, 0.0 ], [ -59.07614913436737, -18.652606034175367, 0.0 ], [ -59.074948456984906, -18.651555234284057, 0.0 ], [ -59.073701329102988, -18.650877007603214, 0.0 ], [ -59.071805847427946, -18.650391892449871, 0.0 ], [ -59.069635533398888, -18.650200171147773, 0.0 ], [ -59.067732423951583, -18.650303974501281, 0.0 ], [ -59.06601552565153, -18.651065100538172, 0.0 ], [ -59.065529392966091, -18.652124098108796, 0.0 ], [ -59.065743496453941, -18.653282993645455, 0.0 ], [ -59.066539268618214, -18.654865858042932, 0.0 ], [ -59.066608238399176, -18.656003613251151, 0.0 ], [ -59.065901039302766, -18.656559670671736, 0.0 ], [ -59.064658842091632, -18.656475464796493, 0.0 ], [ -59.063835835342815, -18.655953768129198, 0.0 ], [ -59.063135384521992, -18.655737758601862, 0.0 ], [ -59.06236509089878, -18.655893059479158, 0.0 ], [ -59.061737905053441, -18.655725607053792, 0.0 ], [ -59.060967514274367, -18.655822853854346, 0.0 ], [ -59.060159854378838, -18.655757373811564, 0.0 ], [ -59.059779726221258, -18.654933400921362, 0.0 ], [ -59.059485636595213, -18.654279223217898, 0.0 ], [ -59.058309781005555, -18.653426124248789, 0.0 ], [ -59.057970482494333, -18.653162430753969, 0.0 ], [ -59.057457740215717, -18.652224219124392, 0.0 ], [ -59.056292306119758, -18.651094860769149, 0.0 ], [ -59.055080066495016, -18.650204094683797, 0.0 ], [ -59.054787699940881, -18.649759853989117, 0.0 ], [ -59.054846358542036, -18.649459389329099, 0.0 ], [ -59.05484209108171, -18.648954648270607, 0.0 ], [ -59.055153141566805, -18.648663207378132, 0.0 ], [ -59.054738320015339, -18.648011511714987, 0.0 ], [ -59.054286376230834, -18.647174779337259, 0.0 ], [ -59.053577833837394, -18.645962692100564, 0.0 ], [ -59.052625544090724, -18.645809104134308, 0.0 ], [ -59.051806813732135, -18.645952854608797, 0.0 ], [ -59.050949503278595, -18.645737365188502, 0.0 ], [ -59.050215265068523, -18.645778473571944, 0.0 ], [ -59.049118804077395, -18.645786816386916, 0.0 ], [ -59.047888684692701, -18.645698711379161, 0.0 ], [ -59.046973628644274, -18.645788176778609, 0.0 ], [ -59.046266510940853, -18.646263786400077, 0.0 ], [ -59.045581231574978, -18.646428038077772, 0.0 ], [ -59.044739734438004, -18.646700008459039, 0.0 ], [ -59.045035328012098, -18.647546238444605, 0.0 ], [ -59.045306435134783, -18.648350978162597, 0.0 ], [ -59.045022006718405, -18.649005452511709, 0.0 ], [ -59.044411130683933, -18.649437086797771, 0.0 ], [ -59.043573372920761, -18.650142310262108, 0.0 ], [ -59.042287698902939, -18.650738727635659, 0.0 ], [ -59.040603710475011, -18.651139691485216, 0.0 ], [ -59.039403404837344, -18.651678146525398, 0.0 ], [ -59.038142162062556, -18.65217761099948, 0.0 ], [ -59.037082416657299, -18.652357480350226, 0.0 ], [ -59.035856436552422, -18.652675767719302, 0.0 ], [ -59.035586279616091, -18.653643489006647, 0.0 ], [ -59.035424879086015, -18.654692932141757, 0.0 ], [ -59.034695357711151, -18.655408351280926, 0.0 ], [ -59.033149472266174, -18.65654432896314, 0.0 ], [ -59.032077413689592, -18.656495807282678, 0.0 ], [ -59.031629009813663, -18.656177120105983, 0.0 ], [ -59.030627134656683, -18.655931451829488, 0.0 ], [ -59.030292638026957, -18.654654546622602, 0.0 ], [ -59.030134645403081, -18.653025483154355, 0.0 ], [ -59.029968572357141, -18.651632603759516, 0.0 ], [ -59.029507634110331, -18.651268602513667, 0.0 ], [ -59.028741494063063, -18.65040162159632, 0.0 ], [ -59.028614130036729, -18.649484051076374, 0.0 ], [ -59.028595602295887, -18.648527670451653, 0.0 ], [ -59.028214138320493, -18.647471479685994, 0.0 ], [ -59.027770224367032, -18.646144079446607, 0.0 ], [ -59.027546597767554, -18.645270462974171, 0.0 ], [ -59.027432834453826, -18.644558989552529, 0.0 ], [ -59.025419672093108, -18.642741234732569, 0.0 ], [ -59.024759162229692, -18.641473664776093, 0.0 ], [ -59.024402816023411, -18.640508118350091, 0.0 ], [ -59.023904094223177, -18.639892092108244, 0.0 ], [ -59.023658251838725, -18.639097651402981, 0.0 ], [ -59.022907214365972, -18.638610961868288, 0.0 ], [ -59.02258998676087, -18.638093950952513, 0.0 ], [ -59.02183998056281, -18.637629636818026, 0.0 ], [ -59.021224053426323, -18.637551977736276, 0.0 ], [ -59.021246309646841, -18.637254059956923, 0.0 ], [ -59.021521558476145, -18.636974167764237, 0.0 ], [ -59.021528176786354, -18.636782556347317, 0.0 ], [ -59.0210856221927, -18.636723119107447, 0.0 ], [ -59.020905250957526, -18.636704522032826, 0.0 ], [ -59.020975151212646, -18.636333264480765, 0.0 ], [ -59.021189770614811, -18.636148338415744, 0.0 ], [ -59.020958279747546, -18.635984142146508, 0.0 ], [ -59.020439454035198, -18.635590255922772, 0.0 ], [ -59.019549078539448, -18.635779134349438, 0.0 ], [ -59.019164125844647, -18.635874568749092, 0.0 ], [ -59.018333094923783, -18.635950550049472, 0.0 ], [ -59.017046972509775, -18.636278908488375, 0.0 ], [ -59.016408186768658, -18.636271438417857, 0.0 ], [ -59.015803189800323, -18.635988992760293, 0.0 ], [ -59.015090273604116, -18.635749864919603, 0.0 ], [ -59.014270748472903, -18.635710372963828, 0.0 ], [ -59.013835213200373, -18.635472726264453, 0.0 ], [ -59.013112061127572, -18.635407149288501, 0.0 ], [ -59.012621165472325, -18.635849560397336, 0.0 ], [ -59.011887475267514, -18.636002159271882, 0.0 ], [ -59.011275124916686, -18.636201443796061, 0.0 ], [ -59.010992201908927, -18.636333582570391, 0.0 ], [ -59.010831468892562, -18.636418706779601, 0.0 ], [ -59.010496136994803, -18.636744457596166, 0.0 ], [ -59.01025629927306, -18.636999440459181, 0.0 ], [ -59.009788395999088, -18.637210933432478, 0.0 ], [ -59.009416218588555, -18.637387384477616, 0.0 ], [ -59.00918788071256, -18.637526912318737, 0.0 ], [ -59.008742158705068, -18.637561024066567, 0.0 ], [ -59.008537055313226, -18.63750537356227, 0.0 ], [ -59.008392984458624, -18.637506568460651, 0.0 ], [ -59.008274105382895, -18.637794824329049, 0.0 ], [ -59.00822813917668, -18.63803788793367, 0.0 ], [ -59.008167537337116, -18.638092669867802, 0.0 ], [ -59.007625886940453, -18.638085915008833, 0.0 ], [ -59.00744476559052, -18.638040478328982, 0.0 ], [ -59.007313405129203, -18.638203066192499, 0.0 ], [ -59.006992518359013, -18.638779575676605, 0.0 ], [ -59.006546383949015, -18.638840443706613, 0.0 ], [ -59.006353907409043, -18.638888144145287, 0.0 ], [ -59.006260088479472, -18.639128636414263, 0.0 ], [ -59.00623676671583, -18.639265773550456, 0.0 ], [ -59.006032931636184, -18.639406610794687, 0.0 ], [ -59.005961351116333, -18.639567942399715, 0.0 ], [ -59.006011896914423, -18.639762615628488, 0.0 ], [ -59.006216936335917, -18.639898622090282, 0.0 ], [ -59.006291778195674, -18.640197275907664, 0.0 ], [ -59.006244935072573, -18.640395648651367, 0.0 ], [ -59.005871333687551, -18.640397908942926, 0.0 ], [ -59.005582105825098, -18.640458269373912, 0.0 ], [ -59.005511395040621, -18.640664288429324, 0.0 ], [ -59.005635761650453, -18.641135240375306, 0.0 ], [ -59.005518845848954, -18.641548593627956, 0.0 ], [ -59.005278828781378, -18.641687486012867, 0.0 ], [ -59.005039272809135, -18.641897829766204, 0.0 ], [ -59.005041918515289, -18.642308674462608, 0.0 ], [ -59.004513342804259, -18.642476709586461, 0.0 ], [ -59.004079430667154, -18.642489117025281, 0.0 ], [ -59.003704414951521, -18.642317192701331, 0.0 ], [ -59.003690183241886, -18.641963760486821, 0.0 ], [ -59.003722190048123, -18.641362819486964, 0.0 ], [ -59.003670990104496, -18.641020794117217, 0.0 ], [ -59.003191254184614, -18.641253947671423, 0.0 ], [ -59.002793294601062, -18.641232570735362, 0.0 ], [ -59.002646873801432, -18.641095246197782, 0.0 ], [ -59.002441839632077, -18.640959236163802, 0.0 ], [ -59.00229525621188, -18.640705834982359, 0.0 ], [ -59.002102122622176, -18.640606177838599, 0.0 ], [ -59.001909037143875, -18.640604734073452, 0.0 ], [ -59.001812814273407, -18.640608493055709, 0.0 ], [ -59.001168696431577, -18.640631924530432, 0.0 ], [ -59.000809502094398, -18.640469775101398, 0.0 ], [ -59.000654173817246, -18.640443573254725, 0.0 ], [ -59.000592665201353, -18.640493837985613, 0.0 ], [ -59.000533551493199, -18.640780830241471, 0.0 ], [ -59.000440877094228, -18.640882989221485, 0.0 ], [ -59.000333065888334, -18.640944158947075, 0.0 ], [ -59.00014680041965, -18.641005576560378, 0.0 ], [ -58.999991255254805, -18.641082037885639, 0.0 ], [ -58.999744397158508, -18.641336620318995, 0.0 ], [ -58.999715611075516, -18.641486853242771, 0.0 ], [ -58.999735886402974, -18.641737932424515, 0.0 ], [ -58.999862842187568, -18.641887605327252, 0.0 ], [ -59.000098365594496, -18.64200293534887, 0.0 ], [ -59.000645453552821, -18.642175182127268, 0.0 ], [ -59.000724676340468, -18.642340147456384, 0.0 ], [ -59.000696646186967, -18.642517206296592, 0.0 ], [ -59.000496695330199, -18.642810022434883, 0.0 ], [ -59.000266172354493, -18.6430654827899, 0.0 ], [ -59.000049950798591, -18.64327707008162, 0.0 ], [ -58.999943087113266, -18.643440963962021, 0.0 ], [ -58.999851886518996, -18.643636947853803, 0.0 ], [ -58.999839254991691, -18.643850546014754, 0.0 ], [ -58.999965043933763, -18.644000157257331, 0.0 ], [ -59.000214299125837, -18.643982302650475, 0.0 ], [ -59.000416415510742, -18.643890488948426, 0.0 ], [ -59.000603062471235, -18.643842484937299, 0.0 ], [ -59.000837043610872, -18.64394434037521, 0.0 ], [ -59.000901884641827, -18.644095140407853, 0.0 ], [ -59.000985502033188, -18.644581758062841, 0.0 ], [ -59.0009522537107, -18.644946029841133, 0.0 ], [ -59.000907242604882, -18.645113248208901, 0.0 ], [ -59.00072146348883, -18.64520593984717, 0.0 ], [ -59.000253394517138, -18.645122753527215, 0.0 ], [ -59.000066140281625, -18.645121618892642, 0.0 ], [ -58.999910967206468, -18.645211489941133, 0.0 ], [ -58.999757155816873, -18.645377324463311, 0.0 ], [ -58.999665952582788, -18.645573307979205, 0.0 ], [ -58.999621317134604, -18.645753937206557, 0.0 ], [ -58.999639062572811, -18.645928991799778, 0.0 ], [ -58.999704358880109, -18.646151242526376, 0.0 ], [ -58.99980014713416, -18.646352810816698, 0.0 ], [ -58.999956841206966, -18.646454978871798, 0.0 ], [ -59.00014436116728, -18.646451664347143, 0.0 ], [ -59.000314707016507, -18.646362609138563, 0.0 ], [ -59.000437614492469, -18.646244218762892, 0.0 ], [ -59.000562033411107, -18.646179478670188, 0.0 ], [ -59.000655661609926, -18.646180046783822, 0.0 ], [ -59.000703179133545, -18.64626741798245, 0.0 ], [ -59.00072172463755, -18.646567510726836, 0.0 ], [ -59.000583461224316, -18.646747573994432, 0.0 ], [ -59.000261039442904, -18.64709184010708, 0.0 ], [ -59.000184893289706, -18.647270776821429, 0.0 ], [ -58.999940593750168, -18.647699593696938, 0.0 ], [ -58.99981779755192, -18.647835845359065, 0.0 ], [ -58.999677301575908, -18.647895255530504, 0.0 ], [ -58.999537516910699, -18.647883278006148, 0.0 ], [ -58.999208543522485, -18.647704887611166, 0.0 ], [ -58.998879386969385, -18.647588985194762, 0.0 ], [ -58.998755265087219, -18.647609097336169, 0.0 ], [ -58.998661338659197, -18.647653153751587, 0.0 ], [ -58.998631565312273, -18.64774083575093, 0.0 ], [ -58.998648553601946, -18.647889063748327, 0.0 ], [ -58.998744410457938, -18.648010283075259, 0.0 ], [ -58.998917900426363, -18.648184781225037, 0.0 ], [ -58.999074595277825, -18.648286950220854, 0.0 ], [ -58.99918536102097, -18.648413434941023, 0.0 ], [ -58.999233369751252, -18.648532082532938, 0.0 ], [ -58.999234317047033, -18.648634808002896, 0.0 ], [ -58.999156842722606, -18.648697605203999, 0.0 ], [ -58.998923428124222, -18.648685057984189, 0.0 ], [ -58.998813758331508, -18.6486389861753, 0.0 ], [ -58.998688846416208, -18.648672447707053, 0.0 ], [ -58.9986276756552, -18.648776297668611, 0.0 ], [ -58.998646208051717, -18.648938001680012, 0.0 ], [ -58.998787845086071, -18.649057218686021, 0.0 ], [ -58.998975936786529, -18.649143219858569, 0.0 ], [ -58.999271092875937, -18.649141229169864, 0.0 ], [ -58.999380763122531, -18.649187301694408, 0.0 ], [ -58.999475718228233, -18.649304008562662, 0.0 ], [ -58.999462212761237, -18.64947291886687, 0.0 ], [ -58.999045397826968, -18.6497897849341, 0.0 ], [ -58.999083908867995, -18.650385581888838, 0.0 ], [ -58.998945489325024, -18.650587953504807, 0.0 ], [ -58.998743854391165, -18.650711036342443, 0.0 ], [ -58.998688851890769, -18.65073040019562, 0.0 ], [ -58.998454381028935, -18.650735650979939, 0.0 ], [ -58.998284328569198, -18.650780077886214, 0.0 ], [ -58.998175455240911, -18.650859042271346, 0.0 ], [ -58.998099488126108, -18.650975488076217, 0.0 ], [ -58.998085489467712, -18.651113122860458, 0.0 ], [ -58.998134933533876, -18.651365771117248, 0.0 ], [ -58.998135879848711, -18.65146849554645, 0.0 ], [ -58.998058780630764, -18.651544704283744, 0.0 ], [ -58.997654142005217, -18.651576516545617, 0.0 ], [ -58.997577910695149, -18.651697412450758, 0.0 ], [ -58.997578970034951, -18.651818000481345, 0.0 ], [ -58.997627695210248, -18.652003648128353, 0.0 ], [ -58.997784276758622, -18.652087956782811, 0.0 ], [ -58.997986596692662, -18.652072051187318, 0.0 ], [ -58.998112493021928, -18.65210114083914, 0.0 ], [ -58.998253640413601, -18.65218908352232, 0.0 ], [ -58.99825458573531, -18.65229180883987, 0.0 ], [ -58.998132651664065, -18.652472744988479, 0.0 ], [ -58.99800819153446, -18.652577654797948, 0.0 ], [ -58.997963848180518, -18.652713658164767, 0.0 ], [ -58.997949322106543, -18.652860191963459, 0.0 ], [ -58.998014009287111, -18.653033306202236, 0.0 ], [ -58.99835842379418, -18.653208068639518, 0.0 ], [ -58.99853221450811, -18.653337944180151, 0.0 ], [ -58.998847537476721, -18.653707563519585, 0.0 ], [ -58.998803193347442, -18.653843566221838, 0.0 ], [ -58.998385722914477, -18.654151462949017, 0.0 ], [ -58.998276732747648, -18.654212564183297, 0.0 ], [ -58.998216048482135, -18.654347687716214, 0.0 ], [ -58.998233709924477, -18.654464704257723, 0.0 ], [ -58.99829824768667, -18.65466013086364, 0.0 ], [ -58.99829832550548, -18.654718168747618, 0.0 ], [ -58.998019768493918, -18.654854969018626, 0.0 ], [ -58.997832844268693, -18.654907414827505, 0.0 ], [ -58.997663091737948, -18.655045600998836, 0.0 ], [ -58.997528061189399, -18.655507069226481, 0.0 ], [ -58.997515758109792, -18.655774253580805, 0.0 ], [ -58.997548592320236, -18.655892086348754, 0.0 ], [ -58.997599240591661, -18.656243009476512, 0.0 ], [ -58.997820852233787, -18.656554022487182, 0.0 ], [ -58.998182556323165, -18.656832392555554, 0.0 ], [ -58.998479759865646, -18.65687516033805, 0.0 ], [ -58.998981330829885, -18.657085162288336, 0.0 ], [ -58.999246723994865, -18.657170859542706, 0.0 ], [ -58.999387874851756, -18.657258803114367, 0.0 ], [ -58.999467658850413, -18.657374696426245, 0.0 ], [ -58.999484757738685, -18.65754078908418, 0.0 ], [ -58.999424939039542, -18.657720601274789, 0.0 ], [ -58.999286168837095, -18.65786938265812, 0.0 ], [ -58.99900869985013, -18.658086595632039, 0.0 ], [ -58.998544414499897, -18.658374114842641, 0.0 ], [ -58.997877990586375, -18.658753433811963, 0.0 ], [ -58.997649504844389, -18.659151842397602, 0.0 ], [ -58.997636331805751, -18.659374338347437, 0.0 ], [ -58.997513711399307, -18.659586484241366, 0.0 ], [ -58.997391277015929, -18.659736141751619, 0.0 ], [ -58.997158001318319, -18.659839660572899, 0.0 ], [ -58.996987298047188, -18.659875119004344, 0.0 ], [ -58.996831164387565, -18.659862255829786, 0.0 ], [ -58.996706431245265, -18.659833225313861, 0.0 ], [ -58.996534334407379, -18.659832895052503, 0.0 ], [ -58.996473569116638, -18.659909979579801, 0.0 ], [ -58.996460054857323, -18.660078888746252, 0.0 ], [ -58.996680609201228, -18.660269317497004, 0.0 ], [ -58.996884861187077, -18.660418691924626, 0.0 ], [ -58.996933243703204, -18.660550753471131, 0.0 ], [ -58.996887726067797, -18.660686691282425, 0.0 ], [ -58.996702188572407, -18.660774920232079, 0.0 ], [ -58.996561717701574, -18.660794148095416, 0.0 ], [ -58.996249825635417, -18.660781832901389, 0.0 ], [ -58.996188156062459, -18.660854404909664, 0.0 ], [ -58.995707218183995, -18.661047269704202, 0.0 ], [ -58.995535722947281, -18.66109607509917, 0.0 ], [ -58.995333769031049, -18.661125386455264, 0.0 ], [ -58.995162575809843, -18.661129567039389, 0.0 ], [ -58.995068451444062, -18.66109771787389, 0.0 ], [ -58.994973988215492, -18.66101228236883, 0.0 ], [ -58.994957874104813, -18.660908740982933, 0.0 ], [ -58.995002225057448, -18.66077274111305, 0.0 ], [ -58.9951099779937, -18.660653545088653, 0.0 ], [ -58.995405264383614, -18.660531046617304, 0.0 ], [ -58.995792339314065, -18.66030188318614, 0.0 ], [ -58.995930738755533, -18.660139694000371, 0.0 ], [ -58.995959049587043, -18.659958189994661, 0.0 ], [ -58.995941878699561, -18.659734061758886, 0.0 ], [ -58.995861005051538, -18.659537755391668, 0.0 ], [ -58.995718990506951, -18.659405121007566, 0.0 ], [ -58.995578218152097, -18.659330586109196, 0.0 ], [ -58.995407289289069, -18.659330318613666, 0.0 ], [ -58.99522062415182, -18.659378308511094, 0.0 ], [ -58.995081962298926, -18.659544946713847, 0.0 ], [ -58.994701855321388, -18.660368204978553, 0.0 ], [ -58.994594478873033, -18.660500813925449, 0.0 ], [ -58.994424716886854, -18.660638993732125, 0.0 ], [ -58.994222086650453, -18.66069951521343, 0.0 ], [ -58.993974275773638, -18.660811173827383, 0.0 ], [ -58.99367929080104, -18.660889045393333, 0.0 ], [ -58.993351663669365, -18.660924982678878, 0.0 ], [ -58.992947984835546, -18.66101932305876, 0.0 ], [ -58.992668924798622, -18.661124834039143, 0.0 ], [ -58.992359404189415, -18.661349233711864, 0.0 ], [ -58.992082222504322, -18.661660190060445, 0.0 ], [ -58.991897246414453, -18.661837724088766, 0.0 ], [ -58.991789979586535, -18.66198819166074, 0.0 ], [ -58.99155854233117, -18.662198935505934, 0.0 ], [ -58.991124700981402, -18.662367535773882, 0.0 ], [ -58.990890369846888, -18.662350457455364, 0.0 ], [ -58.990700920991912, -18.662188481745734, 0.0 ], [ -58.990573711698836, -18.661904863526246, 0.0 ], [ -58.990430763852842, -18.661669503017112, 0.0 ], [ -58.990178144393724, -18.661388061876448, 0.0 ], [ -58.989941974020638, -18.661263746899333, 0.0 ], [ -58.989709036897729, -18.661282454547344, 0.0 ], [ -58.989446390651608, -18.661446875545064, 0.0 ], [ -58.989227947203105, -18.661497610539552, 0.0 ], [ -58.988963385828143, -18.661496758717451, 0.0 ], [ -58.988728417817626, -18.661470715260414, 0.0 ], [ -58.988525529214392, -18.661397295746085, 0.0 ], [ -58.988430358885566, -18.661244858546905, 0.0 ], [ -58.988350287304627, -18.661035203853029, 0.0 ], [ -58.988283210818231, -18.660665543795567, 0.0 ], [ -58.988217936133253, -18.660443293061778, 0.0 ], [ -58.987981135557355, -18.660171631523603, 0.0 ], [ -58.98785640587522, -18.660142595367692, 0.0 ], [ -58.98777832182072, -18.660156246909064, 0.0 ], [ -58.987702077402048, -18.660277133020127, 0.0 ], [ -58.987718187024342, -18.660380672392503, 0.0 ], [ -58.987798560695282, -18.660545703984219, 0.0 ], [ -58.987815422338421, -18.660676067734258, 0.0 ], [ -58.987754350206338, -18.660797771801601, 0.0 ], [ -58.987599460940835, -18.660842999161606, 0.0 ], [ -58.987412234492403, -18.660801669597458, 0.0 ], [ -58.987255129013711, -18.660726249904524, 0.0 ], [ -58.987146547897076, -18.660760578899581, 0.0 ], [ -58.987084987236557, -18.660851007925313, 0.0 ], [ -58.987087275919293, -18.661029689973706, 0.0 ], [ -58.987151197062033, -18.661175980124213, 0.0 ], [ -58.987389348347619, -18.661523603433878, 0.0 ], [ -58.987453269869775, -18.661669893558994, 0.0 ], [ -58.98742367018027, -18.661833467276992, 0.0 ], [ -58.98733157263527, -18.661984747775833, 0.0 ], [ -58.987177353993808, -18.662137146231768, 0.0 ], [ -58.987069899621048, -18.662211711532329, 0.0 ], [ -58.986852583607032, -18.662302679968661, 0.0 ], [ -58.986696829000337, -18.66230321939149, 0.0 ], [ -58.986554823051037, -18.662170579928834, 0.0 ], [ -58.9865036759536, -18.661828563271566, 0.0 ], [ -58.986439380369667, -18.66166886081837, 0.0 ], [ -58.986328775562008, -18.66152005694487, 0.0 ], [ -58.986250130661602, -18.66144439774359, 0.0 ], [ -58.986140198343563, -18.661402765395568, 0.0 ], [ -58.986032368338364, -18.661463917943589, 0.0 ], [ -58.985987106951832, -18.661595399261163, 0.0 ], [ -58.985957617938226, -18.661776834111116, 0.0 ], [ -58.986022888730758, -18.661999084229219, 0.0 ], [ -58.985992911769458, -18.66214924528531, 0.0 ], [ -58.985911700759445, -18.662176119399689, 0.0 ], [ -58.98569498419198, -18.66231622178044, 0.0 ], [ -58.985557175985306, -18.662527533923488, 0.0 ], [ -58.985498091326427, -18.66273415827624, 0.0 ], [ -58.985546270978325, -18.662928704035565, 0.0 ], [ -58.985657626278794, -18.663104332692264, 0.0 ], [ -58.98567538859561, -18.663239208660482, 0.0 ], [ -58.985598989109775, -18.663382405322643, 0.0 ], [ -58.98542793996031, -18.663502646946064, 0.0 ], [ -58.985210550812035, -18.663535576921547, 0.0 ], [ -58.984757036713731, -18.663404011771213, 0.0 ], [ -58.984383030280021, -18.6633927915105, 0.0 ], [ -58.984150164390805, -18.663469525827026, 0.0 ], [ -58.983901749956615, -18.663532030242219, 0.0 ], [ -58.983673664624256, -18.66362687699921, 0.0 ], [ -58.983362865690772, -18.663694947729162, 0.0 ], [ -58.982973382034217, -18.663727529984719, 0.0 ], [ -58.982584315547662, -18.663733350979882, 0.0 ], [ -58.981897565983282, -18.663665098983817, 0.0 ], [ -58.981114416861544, -18.663386308673207, 0.0 ], [ -58.980252978737703, -18.662947059950667, 0.0 ], [ -58.979624437774596, -18.662529289771292, 0.0 ], [ -58.979185553210549, -18.66230922368625, 0.0 ], [ -58.978903839189385, -18.662222616988668, 0.0 ], [ -58.97868398094819, -18.662139345036344, 0.0 ], [ -58.978388331956765, -18.662110017501526, 0.0 ], [ -58.977826170543175, -18.662093107224205, 0.0 ], [ -58.977468582145455, -18.662140790242475, 0.0 ], [ -58.977050401987896, -18.662341441487776, 0.0 ], [ -58.976709401957301, -18.6625239327469, 0.0 ], [ -58.976431227879672, -18.662772304273528, 0.0 ], [ -58.97627737747392, -18.662938100228999, 0.0 ], [ -58.976249556888355, -18.663249072106304, 0.0 ], [ -58.976269168380142, -18.663589383248304, 0.0 ], [ -58.976415004911509, -18.664012386476543, 0.0 ], [ -58.97668239088123, -18.664281243916786, 0.0 ], [ -58.976856715041073, -18.664500444610884, 0.0 ], [ -58.977029804325397, -18.664661548558971, 0.0 ], [ -58.977156959602539, -18.664846959598446, 0.0 ], [ -58.977237014407088, -18.665056614898123, 0.0 ], [ -58.977177432652418, -18.665231957406281, 0.0 ], [ -58.977038751946012, -18.665398571660756, 0.0 ], [ -58.976590463703786, -18.665731511220201, 0.0 ], [ -58.976342337480844, -18.665887760155723, 0.0 ], [ -58.976095334870244, -18.666084242947317, 0.0 ], [ -58.976024430238873, -18.666174160684211, 0.0 ], [ -58.975918672781511, -18.66647646546387, 0.0 ], [ -58.975951665494215, -18.66667019087669, 0.0 ], [ -58.976046975809531, -18.666800319234113, 0.0 ], [ -58.976406957431671, -18.666949183127141, 0.0 ], [ -58.97681359931552, -18.667002357556434, 0.0 ], [ -58.977063430825616, -18.667073859401434, 0.0 ], [ -58.977190365458092, -18.667223547828065, 0.0 ], [ -58.977269669769406, -18.667406379178971, 0.0 ], [ -58.977195135665035, -18.667616627274704, 0.0 ], [ -58.976761151092568, -18.667905697728528, 0.0 ], [ -58.976575602546482, -18.667993896984473, 0.0 ], [ -58.976545239526708, -18.668130639923231, 0.0 ], [ -58.976610383415789, -18.668335028035294, 0.0 ], [ -58.976597440439228, -18.668553059435375, 0.0 ], [ -58.976428409788369, -18.668718035450766, 0.0 ], [ -58.976163275111212, -18.668766231865124, 0.0 ], [ -58.975866008471023, -18.668665386995887, 0.0 ], [ -58.975614831213036, -18.66851792434451, 0.0 ], [ -58.974879717930627, -18.668317577759971, 0.0 ], [ -58.974425243565555, -18.66812343829568, 0.0 ], [ -58.974171009315349, -18.668047231710009, 0.0 ], [ -58.974015254464661, -18.668047757828969, 0.0 ], [ -58.973938622942747, -18.668155221056757, 0.0 ], [ -58.973925609952055, -18.668315217208072, 0.0 ], [ -58.974004314726812, -18.66844891458307, 0.0 ], [ -58.974274383394395, -18.668633108082055, 0.0 ], [ -58.974370288180999, -18.668812372016166, 0.0 ], [ -58.974325872692425, -18.668988530108905, 0.0 ], [ -58.974202357911338, -18.669155958483149, 0.0 ], [ -58.974001438404635, -18.66930581930346, 0.0 ], [ -58.973723223706763, -18.669455973654657, 0.0 ], [ -58.973364762850508, -18.669458955852551, 0.0 ], [ -58.973083045413688, -18.669372336117323, 0.0 ], [ -58.972814717314698, -18.669139132151955, 0.0 ], [ -58.972546214264938, -18.668830033165392, 0.0 ], [ -58.972309113936198, -18.668504773362159, 0.0 ], [ -58.972087781871274, -18.668229466546311, 0.0 ], [ -58.971616578851652, -18.667922823055932, 0.0 ], [ -58.971443671201996, -18.667837609225614, 0.0 ], [ -58.971287917930923, -18.667838134029026, 0.0 ], [ -58.971102106371262, -18.667930775857556, 0.0 ], [ -58.970962273151187, -18.667958941898057, 0.0 ], [ -58.970900153004543, -18.66796005414496, 0.0 ], [ -58.970742154422972, -18.667880107643395, 0.0 ], [ -58.970725088818043, -18.667714025775464, 0.0 ], [ -58.97075433346695, -18.667537051483215, 0.0 ], [ -58.970753300005789, -18.667416472523975, 0.0 ], [ -58.970658259226802, -18.667281893731637, 0.0 ], [ -58.970500415344084, -18.667179636477108, 0.0 ], [ -58.970361001955681, -18.667181042144723, 0.0 ], [ -58.970236452394239, -18.667227887638994, 0.0 ], [ -58.970191287433494, -18.66737722019246, 0.0 ], [ -58.970192695010894, -18.667511210133657, 0.0 ], [ -58.970085408954681, -18.66766165462721, 0.0 ], [ -58.969946170843365, -18.667738953589641, 0.0 ], [ -58.969837366060482, -18.667737545752473, 0.0 ], [ -58.969695178933961, -18.667667379703332, 0.0 ], [ -58.969584219198659, -18.667505158901736, 0.0 ], [ -58.96950466041929, -18.667326777923122, 0.0 ], [ -58.96937822003477, -18.667208359728846, 0.0 ], [ -58.969253495936151, -18.667179310007505, 0.0 ], [ -58.969035095325047, -18.66718984348423, 0.0 ], [ -58.968943663248623, -18.667309895593196, 0.0 ], [ -58.968930073200376, -18.667518960271604, 0.0 ], [ -58.96897891231179, -18.667682292970486, 0.0 ], [ -58.968997471885501, -18.667902020590695, 0.0 ], [ -58.968952105400582, -18.668113834232905, 0.0 ], [ -58.968861221142134, -18.66832319169076, 0.0 ], [ -58.968692515866621, -18.668541740514492, 0.0 ], [ -58.968444537123347, -18.668675662617037, 0.0 ], [ -58.967897522595692, -18.668561326206049, 0.0 ], [ -58.967585204785777, -18.668477512603008, 0.0 ], [ -58.967287951267323, -18.668376655248739, 0.0 ], [ -58.967052818163452, -18.668274688369443, 0.0 ], [ -58.966801062252813, -18.668078083819591, 0.0 ], [ -58.966189188116211, -18.667754909950599, 0.0 ], [ -58.965938993815129, -18.667669983355871, 0.0 ], [ -58.965673692937017, -18.667642270543091, 0.0 ], [ -58.965052422004504, -18.667831918327238, 0.0 ], [ -58.964897810681734, -18.667970874556598, 0.0 ], [ -58.964868559973375, -18.668147845860062, 0.0 ], [ -58.964932565929075, -18.668311996105629, 0.0 ], [ -58.965060607365494, -18.668501922890808, 0.0 ], [ -58.965312486917028, -18.668814593609518, 0.0 ], [ -58.965374889240508, -18.668907237777862, 0.0 ], [ -58.965423879580044, -18.669048259365255, 0.0 ], [ -58.965409426808542, -18.66921263790876, 0.0 ], [ -58.96528696287492, -18.669362257803662, 0.0 ], [ -58.965101412810668, -18.669450442516968, 0.0 ], [ -58.964883166691131, -18.669438659144685, 0.0 ], [ -58.964631696098159, -18.669335806293724, 0.0 ], [ -58.963955119567224, -18.668781479474333, 0.0 ], [ -58.963752311868234, -18.668766064764739, 0.0 ], [ -58.963455389911587, -18.668718785206135, 0.0 ], [ -58.963283547813724, -18.66861576725103, 0.0 ], [ -58.963218859655662, -18.668482825850603, 0.0 ], [ -58.963153079596161, -18.668171276320678, 0.0 ], [ -58.963088701593627, -18.667993713935275, 0.0 ], [ -58.96300952492691, -18.667828744227926, 0.0 ], [ -58.96291460130206, -18.667712025616378, 0.0 ], [ -58.962740892872297, -18.667541950859558, 0.0 ], [ -58.962493348029518, -18.66741252605803, 0.0 ], [ -58.962041055488008, -18.667379174115737, 0.0 ], [ -58.961651099488712, -18.667380433289178, 0.0 ], [ -58.961401394226662, -18.667326774180999, 0.0 ], [ -58.961134275781966, -18.667191827155808, 0.0 ], [ -58.960946145807576, -18.667047755530696, 0.0 ], [ -58.960819339909726, -18.666915922700035, 0.0 ], [ -58.960801755965072, -18.666758743991849, 0.0 ], [ -58.96084638388286, -18.666520114089955, 0.0 ], [ -58.96099696355607, -18.666055093001436, 0.0 ], [ -58.961103506656158, -18.665877834938986, 0.0 ], [ -58.961304580331081, -18.665705681470978, 0.0 ], [ -58.961802148554256, -18.665607567170088, 0.0 ], [ -58.962318969920268, -18.665796168927944, 0.0 ], [ -58.96253806603363, -18.665852637421768, 0.0 ], [ -58.962725324471535, -18.665853820857922, 0.0 ], [ -58.962958035394628, -18.665799430514987, 0.0 ], [ -58.963159326576346, -18.665662996142895, 0.0 ], [ -58.963254944620452, -18.665511928213409, 0.0 ], [ -58.96322196766441, -18.665318206941823, 0.0 ], [ -58.963032185522479, -18.66514280227517, 0.0 ], [ -58.962844800515327, -18.665025555422559, 0.0 ], [ -58.962656731975756, -18.66493951754628, 0.0 ], [ -58.962390955250513, -18.664880529794953, 0.0 ], [ -58.96201611334866, -18.664824579908597, 0.0 ], [ -58.961781099589999, -18.664740469975413, 0.0 ], [ -58.961593297503981, -18.664649981901569, 0.0 ], [ -58.961506229403483, -18.66459098080265, 0.0 ], [ -58.961470384625017, -18.664463467500767, 0.0 ], [ -58.961543218397118, -18.664140435124793, 0.0 ], [ -58.961508365613582, -18.663872748786712, 0.0 ], [ -58.961399880525349, -18.663688536695727, 0.0 ], [ -58.961163081737432, -18.663569108640349, 0.0 ], [ -58.960984220046008, -18.663576833604633, 0.0 ], [ -58.960523674121063, -18.663700897424906, 0.0 ], [ -58.960400522956114, -18.663679759847756, 0.0 ], [ -58.960096330810273, -18.663526744920432, 0.0 ], [ -58.959840355281521, -18.663529490849204, 0.0 ], [ -58.959697017150489, -18.663601164335976, 0.0 ], [ -58.959577199481622, -18.66371880091685, 0.0 ], [ -58.95951013570987, -18.66402377457943, 0.0 ], [ -58.959424316591125, -18.664123193353515, 0.0 ], [ -58.959343898608765, -18.664161707041963, 0.0 ], [ -58.95918803678498, -18.664036920004435, 0.0 ], [ -58.958970294079755, -18.663653425535685, 0.0 ], [ -58.958803263571674, -18.663525514823295, 0.0 ], [ -58.958710847661123, -18.663503046898352, 0.0 ], [ -58.958531917923906, -18.663676777963882, 0.0 ], [ -58.958414492932107, -18.66395074252226, 0.0 ], [ -58.958301233735156, -18.664115152951677, 0.0 ], [ -58.958231376988884, -18.66416873709078, 0.0 ], [ -58.957980789943932, -18.664164042170132, 0.0 ], [ -58.957658795642928, -18.664026451851225, 0.0 ], [ -58.957481731518492, -18.664022231708802, 0.0 ], [ -58.957283496633771, -18.664056540389144, 0.0 ], [ -58.95692344213527, -18.664228432965604, 0.0 ], [ -58.956612218220272, -18.664560579841019, 0.0 ], [ -58.956304015700439, -18.664672733724977, 0.0 ], [ -58.956089582076359, -18.664643666193182, 0.0 ], [ -58.955761742020293, -18.664487761415828, 0.0 ], [ -58.95537983894036, -18.664081853669259, 0.0 ], [ -58.955248388891164, -18.663985441393873, 0.0 ], [ -58.954996656602304, -18.663884664818063, 0.0 ], [ -58.954737081137004, -18.663860140625143, 0.0 ], [ -58.954572683540519, -18.663915303491383, 0.0 ], [ -58.954380246899767, -18.664044978832706, 0.0 ], [ -58.954083504455113, -18.664436355275551, 0.0 ], [ -58.953730724254896, -18.664669808680085, 0.0 ], [ -58.95352021131459, -18.664743214053704, 0.0 ], [ -58.953298425389313, -18.664781998946985, 0.0 ], [ -58.952834437796362, -18.664731148278502, 0.0 ], [ -58.952591120559269, -18.664832950146732, 0.0 ], [ -58.95252761802405, -18.664967256961109, 0.0 ], [ -58.952513967745411, -18.665145902282784, 0.0 ], [ -58.952530533400612, -18.665409978507757, 0.0 ], [ -58.95260392186983, -18.6656449687577, 0.0 ], [ -58.952709132627156, -18.665797184998315, 0.0 ], [ -58.952922586995356, -18.666002585824277, 0.0 ], [ -58.953309911508185, -18.666221531090553, 0.0 ], [ -58.953428182159527, -18.66632127470594, 0.0 ], [ -58.953673601782363, -18.666761298837738, 0.0 ], [ -58.953715341984655, -18.666943350556576, 0.0 ], [ -58.953629939430201, -18.66707096585877, 0.0 ], [ -58.953414638413058, -18.667202691457966, 0.0 ], [ -58.953224590689977, -18.667251684886807, 0.0 ], [ -58.953005375581917, -18.667258599961823, 0.0 ], [ -58.95275086624752, -18.667204292059886, 0.0 ], [ -58.952508589965134, -18.667081196445654, 0.0 ], [ -58.95242279434752, -18.667013247838852, 0.0 ], [ -58.952278246414195, -18.666791130704389, 0.0 ], [ -58.952192934863355, -18.666714928387787, 0.0 ], [ -58.952035413136294, -18.66670401857591, 0.0 ], [ -58.951891869595656, -18.666755486710983, 0.0 ], [ -58.951801737219682, -18.666858644044119, 0.0 ], [ -58.951752923119486, -18.666983003665759, 0.0 ], [ -58.951799503166079, -18.667252160214641, 0.0 ], [ -58.951955085661972, -18.667458251118216, 0.0 ], [ -58.952287082231301, -18.667660921990613, 0.0 ], [ -58.952522638216713, -18.66790551170908, 0.0 ], [ -58.952654984195327, -18.66819113302277, 0.0 ], [ -58.952667311825955, -18.668349543559874, 0.0 ], [ -58.952640529493635, -18.668465361785103, 0.0 ], [ -58.952465723194265, -18.668635936806108, 0.0 ], [ -58.952155562199906, -18.668756789182169, 0.0 ], [ -58.951919487277316, -18.668753966890687, 0.0 ], [ -58.951430201289384, -18.668656099331699, 0.0 ], [ -58.951053625435904, -18.668682941038213, 0.0 ], [ -58.95089689902133, -18.66877835270871, 0.0 ], [ -58.950790266488987, -18.668926144421263, 0.0 ], [ -58.950759883959321, -18.669035981728307, 0.0 ], [ -58.950760377807718, -18.669236123481486, 0.0 ], [ -58.950831239645701, -18.669782565537254, 0.0 ], [ -58.950885114512559, -18.669983699700133, 0.0 ], [ -58.951011418935408, -18.670262104492767, 0.0 ], [ -58.951157556678801, -18.670448965648333, 0.0 ], [ -58.951560907624696, -18.67065158315107, 0.0 ], [ -58.951607658140176, -18.670829112440128, 0.0 ], [ -58.951581500915239, -18.670995166939061, 0.0 ], [ -58.951444239540585, -18.671178661371648, 0.0 ], [ -58.951227520714589, -18.671258784648582, 0.0 ], [ -58.950965204673572, -18.671264379487315, 0.0 ], [ -58.95070612535649, -18.671140226035131, 0.0 ], [ -58.950511790140119, -18.671182143564206, 0.0 ], [ -58.950405487375242, -18.671375588199282, 0.0 ], [ -58.950365496743814, -18.67177252381946, 0.0 ], [ -58.950312946137025, -18.671891665037528, 0.0 ], [ -58.950194116360215, -18.671968352519361, 0.0 ], [ -58.949847097800102, -18.672054778005869, 0.0 ], [ -58.949712838993158, -18.672117931980111, 0.0 ], [ -58.949516723138501, -18.672297993432949, 0.0 ], [ -58.949431904012314, -18.672518894485105, 0.0 ], [ -58.949507829253129, -18.672779061011013, 0.0 ], [ -58.949701984770911, -18.672996029535661, 0.0 ], [ -58.94980681170037, -18.673024623797762, 0.0 ], [ -58.950226774200637, -18.673030435966979, 0.0 ], [ -58.950437773739779, -18.673117130143016, 0.0 ], [ -58.9505552807139, -18.673200757160053, 0.0 ], [ -58.950697043491203, -18.67342821526864, 0.0 ], [ -58.950698480600089, -18.673562023889335, 0.0 ], [ -58.950657115310847, -18.673688107697583, 0.0 ], [ -58.950547125198611, -18.673809889284438, 0.0 ], [ -58.950415666100838, -18.673875003656832, 0.0 ], [ -58.950333288440831, -18.67385422516794, 0.0 ], [ -58.950088226940807, -18.673704887292622, 0.0 ], [ -58.949961353174757, -18.67374664313861, 0.0 ], [ -58.949833894070792, -18.673853266678851, 0.0 ], [ -58.949783415564191, -18.673954749801567, 0.0 ], [ -58.949745567025886, -18.674152492416354, 0.0 ], [ -58.949799899956687, -18.67451096708124, 0.0 ], [ -58.949760462434689, -18.674764593557899, 0.0 ], [ -58.949646007308964, -18.675017390829499, 0.0 ], [ -58.949447583743051, -18.675214760607293, 0.0 ], [ -58.949297760129255, -18.675308595204818, 0.0 ], [ -58.948985290310517, -18.675438167228958, 0.0 ], [ -58.94827490567458, -18.675564087085778, 0.0 ], [ -58.947967412176347, -18.675718622775861, 0.0 ], [ -58.947833526204761, -18.675845044968881, 0.0 ], [ -58.947748859485081, -18.676062959542548, 0.0 ], [ -58.94771646580044, -18.67630446748996, 0.0 ], [ -58.947728619173233, -18.676648517357144, 0.0 ], [ -58.947866774162463, -18.677348022903843, 0.0 ], [ -58.94785127551939, -18.677667966283177, 0.0 ], [ -58.947759173211445, -18.677901232375408, 0.0 ], [ -58.947628921285414, -18.677970203622543, 0.0 ], [ -58.946645871693008, -18.677931526298654, 0.0 ], [ -58.946353025806324, -18.678010986753247, 0.0 ], [ -58.946182190245324, -18.678120414544743, 0.0 ], [ -58.946160487383537, -18.678291125763661, 0.0 ], [ -58.946236140931042, -18.678505522956755, 0.0 ], [ -58.946638999718488, -18.678812702329012, 0.0 ], [ -58.946840695509103, -18.67911424755366, 0.0 ], [ -58.946896928944405, -18.679379942101438, 0.0 ], [ -58.946850927122924, -18.679491587779701, 0.0 ], [ -58.946756033484341, -18.679608263444599, 0.0 ], [ -58.946585875041066, -18.679723247850113, 0.0 ], [ -58.946316598340601, -18.679738653048659, 0.0 ], [ -58.945891242755337, -18.679607585806107, 0.0 ], [ -58.945554497472031, -18.67939809016638, 0.0 ], [ -58.945400475166281, -18.679343346000593, 0.0 ], [ -58.945114596715811, -18.679336444918658, 0.0 ], [ -58.944919732225536, -18.67939228628331, 0.0 ], [ -58.944835524151344, -18.679453440925112, 0.0 ], [ -58.944808010570767, -18.679552085101683, 0.0 ], [ -58.944824428120661, -18.679723771468566, 0.0 ], [ -58.944929935773416, -18.680001298582177, 0.0 ], [ -58.945205672223381, -18.680326697839494, 0.0 ], [ -58.945687611912035, -18.680662010196162, 0.0 ], [ -58.945802924876737, -18.680852071335284, 0.0 ], [ -58.945709901307168, -18.681010479361262, 0.0 ], [ -58.945612923171964, -18.681082803306026, 0.0 ], [ -58.945465445040661, -18.681139608019116, 0.0 ], [ -58.945155567248669, -18.681132570526056, 0.0 ], [ -58.944912615493415, -18.681045566445764, 0.0 ], [ -58.944414029990696, -18.680769596339911, 0.0 ], [ -58.944049257268503, -18.680673140960529, 0.0 ], [ -58.943869659255363, -18.680658232859809, 0.0 ], [ -58.943649021053872, -18.680687222591942, 0.0 ], [ -58.943461349298012, -18.68075375120819, 0.0 ], [ -58.943296100717625, -18.680869689800051, 0.0 ], [ -58.943140183567081, -18.681041219509154, 0.0 ], [ -58.943033760153284, -18.68123539259879, 0.0 ], [ -58.942907827897599, -18.681649026100303, 0.0 ], [ -58.9428527908494, -18.681947065148588, 0.0 ], [ -58.942858588316781, -18.682127118254868, 0.0 ], [ -58.942986007568486, -18.682486679237901, 0.0 ], [ -58.943324685317371, -18.682864853884102, 0.0 ], [ -58.943396725024094, -18.683071001663428, 0.0 ], [ -58.94341225068365, -18.68325433674595, 0.0 ], [ -58.943350213604042, -18.683486904253034, 0.0 ], [ -58.943117147569538, -18.683744922428041, 0.0 ], [ -58.943132452982553, -18.684118264541919, 0.0 ], [ -58.9430664192462, -18.684296281465762, 0.0 ], [ -58.942977978830548, -18.68442155737683, 0.0 ], [ -58.942846723672794, -18.684523978720776, 0.0 ], [ -58.942691729960636, -18.684591336124001, 0.0 ], [ -58.942529637422084, -18.684608500093319, 0.0 ], [ -58.942312096993987, -18.684582536828643, 0.0 ], [ -58.942135058553966, -18.684516581567689, 0.0 ], [ -58.941751170600753, -18.684273813837226, 0.0 ], [ -58.94144077728626, -18.684146106580055, 0.0 ], [ -58.941255366226407, -18.684106553470823, 0.0 ], [ -58.941092613506903, -18.684123603622723, 0.0 ], [ -58.940926466206626, -18.6841858318015, 0.0 ], [ -58.940812400919008, -18.684280777595138, 0.0 ], [ -58.940729551538531, -18.684400143524797, 0.0 ], [ -58.940689726581624, -18.684584129925149, 0.0 ], [ -58.940719085419154, -18.684789789164526, 0.0 ], [ -58.940814929901215, -18.684962653218413, 0.0 ], [ -58.940958358724352, -18.685096492871953, 0.0 ], [ -58.941101079106467, -18.685158549699256, 0.0 ], [ -58.941314656370409, -18.685193269878525, 0.0 ], [ -58.94171517820196, -18.685049500148324, 0.0 ], [ -58.941816844333253, -18.685042411100163, 0.0 ], [ -58.94204109168669, -18.685168777928393, 0.0 ], [ -58.94219251140926, -18.685350849570874, 0.0 ], [ -58.942185644322493, -18.685441715803687, 0.0 ], [ -58.942123930779438, -18.68553506601344, 0.0 ], [ -58.941944283257236, -18.685628750624264, 0.0 ], [ -58.941554373360937, -18.685681941280194, 0.0 ], [ -58.941408205562688, -18.685730934697183, 0.0 ], [ -58.941198503551981, -18.685910174655234, 0.0 ], [ -58.941109246437563, -18.686062883536604, 0.0 ], [ -58.941132142100855, -18.686383170555874, 0.0 ], [ -58.941246522047962, -18.686708621967089, 0.0 ], [ -58.941409359744405, -18.686976160447262, 0.0 ], [ -58.941663430817677, -18.687180260708384, 0.0 ], [ -58.941739376056333, -18.687365302399428, 0.0 ], [ -58.94174207429365, -18.68753421449183, 0.0 ], [ -58.941685376081296, -18.687747335035453, 0.0 ], [ -58.941599218137107, -18.687925735717482, 0.0 ], [ -58.941482326858853, -18.688078368167272, 0.0 ], [ -58.941188851365673, -18.688291303666109, 0.0 ], [ -58.940785476753874, -18.688458918884375, 0.0 ], [ -58.939826760253176, -18.688632136360948, 0.0 ], [ -58.939551702104318, -18.688718898841763, 0.0 ], [ -58.938587645668193, -18.689305325793033, 0.0 ], [ -58.938078332997989, -18.689511799132998, 0.0 ], [ -58.937801404605338, -18.689567883132455, 0.0 ], [ -58.937528989680622, -18.689532066886393, 0.0 ], [ -58.937389146185922, -18.689374055120812, 0.0 ], [ -58.937319100215355, -18.689208034998689, 0.0 ], [ -58.937245859901033, -18.688729852528681, 0.0 ], [ -58.937120231852141, -18.688459740423138, 0.0 ], [ -58.936963062129045, -18.688231328259832, 0.0 ], [ -58.936779090055516, -18.688055023909392, 0.0 ], [ -58.936672890716814, -18.687996888446214, 0.0 ], [ -58.936516844027523, -18.68798104427955, 0.0 ], [ -58.936354056221603, -18.688014472405833, 0.0 ], [ -58.936213633221882, -18.688104044143952, 0.0 ], [ -58.936098225737297, -18.688242398240057, 0.0 ], [ -58.936050506381314, -18.688372381102308, 0.0 ], [ -58.93602414392641, -18.688631399305152, 0.0 ], [ -58.936090760543621, -18.68906986894973, 0.0 ], [ -58.936351427784423, -18.689541934422206, 0.0 ], [ -58.936370647427054, -18.689813898310174, 0.0 ], [ -58.936319522690901, -18.690069372127699, 0.0 ], [ -58.936171725405146, -18.690306290834865, 0.0 ], [ -58.935786098690528, -18.690756885459976, 0.0 ], [ -58.93547665334917, -18.691053096821616, 0.0 ], [ -58.935164436638097, -18.691283442463469, 0.0 ], [ -58.934640912330828, -18.691538063196983, 0.0 ], [ -58.9340839685783, -18.69155638132392, 0.0 ], [ -58.933848288029907, -18.691620330934008, 0.0 ], [ -58.933630647481891, -18.691721245344898, 0.0 ], [ -58.933274315858931, -18.692027275845291, 0.0 ], [ -58.932953936890343, -18.692501842433973, 0.0 ], [ -58.932732183693787, -18.692692817992118, 0.0 ], [ -58.932544708999842, -18.692784527313204, 0.0 ], [ -58.932403319416039, -18.692783469594819, 0.0 ], [ -58.932221175632648, -18.692726361606162, 0.0 ], [ -58.931970967391635, -18.69252542580336, 0.0 ], [ -58.931912870316715, -18.692396909244504, 0.0 ], [ -58.931861778251111, -18.692003939003143, 0.0 ], [ -58.931736295361297, -18.691797535942108, 0.0 ], [ -58.93162357946904, -18.691759670392557, 0.0 ], [ -58.931467978876562, -18.69175230976191, 0.0 ], [ -58.931232729786359, -18.691815880974588, 0.0 ], [ -58.931017263733999, -18.691981409053227, 0.0 ], [ -58.930883473202194, -18.692217844315788, 0.0 ], [ -58.930858363874364, -18.692353784001924, 0.0 ], [ -58.930861686971284, -18.6927599475904, 0.0 ], [ -58.930795505016931, -18.693010681370879, 0.0 ], [ -58.930707365859632, -18.693203678722156, 0.0 ], [ -58.930455937603973, -18.693500526793855, 0.0 ], [ -58.930277046326658, -18.693625672232727, 0.0 ], [ -58.930110105017363, -18.693696005243098, 0.0 ], [ -58.929795512439689, -18.693716049438411, 0.0 ], [ -58.9294974492473, -18.693629800146425, 0.0 ], [ -58.92938542167856, -18.693528559990948, 0.0 ], [ -58.929165611160798, -18.693180477632762, 0.0 ], [ -58.928939887956268, -18.692998540228157, 0.0 ], [ -58.928684066909405, -18.69303395640695, 0.0 ], [ -58.928451787177153, -18.69315522251879, 0.0 ], [ -58.928303631713497, -18.693328420224727, 0.0 ], [ -58.928257766969075, -18.693568113847665, 0.0 ], [ -58.928265704720253, -18.693769113641643, 0.0 ], [ -58.928388602888703, -18.694338977735789, 0.0 ], [ -58.928372374014529, -18.694681142277918, 0.0 ], [ -58.928323597319412, -18.694935496360589, 0.0 ], [ -58.928139283219586, -18.695376838081351, 0.0 ], [ -58.927818900093904, -18.695865833659333, 0.0 ], [ -58.927635770925185, -18.696537074433003, 0.0 ], [ -58.927428641379862, -18.69695389543649, 0.0 ], [ -58.927179514216711, -18.697287186279162, 0.0 ], [ -58.926862117653613, -18.69755895166254, 0.0 ], [ -58.926619474707572, -18.69768135162527, 0.0 ], [ -58.926064433955204, -18.697843603095595, 0.0 ], [ -58.925840763783569, -18.69793681380159, 0.0 ], [ -58.925422466926989, -18.698193868331593, 0.0 ], [ -58.92508841695215, -18.698468361242675, 0.0 ], [ -58.924773056551281, -18.698847776020433, 0.0 ], [ -58.924333307495715, -18.699546386285142, 0.0 ], [ -58.924118907174787, -18.699968544374435, 0.0 ], [ -58.923983758732319, -18.700351488966376, 0.0 ], [ -58.923905901351112, -18.700685602522828, 0.0 ], [ -58.923885107651046, -18.700929622339181, 0.0 ], [ -58.92391639651283, -18.701259958201511, 0.0 ], [ -58.924002816738273, -18.701497561566388, 0.0 ], [ -58.924192771378273, -18.701729537790101, 0.0 ], [ -58.924453843704953, -18.701878967087858, 0.0 ], [ -58.924606764536932, -18.701900518869998, 0.0 ], [ -58.925101692069532, -18.701852652486973, 0.0 ], [ -58.925374923893706, -18.701935302748414, 0.0 ], [ -58.92551758828035, -18.702028020668234, 0.0 ], [ -58.925661032691771, -18.702299432369163, 0.0 ], [ -58.92571394185569, -18.702589875902451, 0.0 ], [ -58.925669111640644, -18.702874693318119, 0.0 ], [ -58.925530324382017, -18.703129107570405, 0.0 ], [ -58.925371637455903, -18.703228828894424, 0.0 ], [ -58.925023181659682, -18.703316423805049, 0.0 ], [ -58.924680496221391, -18.703318448339868, 0.0 ], [ -58.924438287176535, -18.703265451604832, 0.0 ], [ -58.924212712022673, -18.703162154928002, 0.0 ], [ -58.923978494029242, -18.702988377522956, 0.0 ], [ -58.923667169518531, -18.702496312390064, 0.0 ], [ -58.923457217779571, -18.702285727786688, 0.0 ], [ -58.923300019901362, -18.702176388836161, 0.0 ], [ -58.923080959275183, -18.702092383617313, 0.0 ], [ -58.922838859295446, -18.702053770341074, 0.0 ], [ -58.922610712600452, -18.702067662119784, 0.0 ], [ -58.922356308558477, -18.702130749549465, 0.0 ], [ -58.921907479880076, -18.702370533082004, 0.0 ], [ -58.921371791835782, -18.702822467729703, 0.0 ], [ -58.920774845720423, -18.70300205141055, 0.0 ], [ -58.920607642330275, -18.703081325350592, 0.0 ], [ -58.920360166299332, -18.703277534848198, 0.0 ], [ -58.920055600133111, -18.703613789829273, 0.0 ], [ -58.919845054140303, -18.703967534370335, 0.0 ], [ -58.919783290030665, -18.704292226102311, 0.0 ], [ -58.919793459168275, -18.704535829731903, 0.0 ], [ -58.919924184931865, -18.705166382761938, 0.0 ], [ -58.919920319402564, -18.705642656455865, 0.0 ], [ -58.91985521937756, -18.705827706994064, 0.0 ], [ -58.919758978837287, -18.705989692706801, 0.0 ], [ -58.919628534838274, -18.706128648682419, 0.0 ], [ -58.919468190557353, -18.706244094113163, 0.0 ], [ -58.919183580805623, -18.706357838278226, 0.0 ], [ -58.918824995497069, -18.70637445705071, 0.0 ], [ -58.918336426905036, -18.706307602943681, 0.0 ], [ -58.917842590895972, -18.706138316635933, 0.0 ], [ -58.917574357231622, -18.706128990645944, 0.0 ], [ -58.917369109289091, -18.706173021112107, 0.0 ], [ -58.917139501370286, -18.706319197623991, 0.0 ], [ -58.916953730262087, -18.706533574213164, 0.0 ], [ -58.916761007928578, -18.707057356184521, 0.0 ], [ -58.91655421869514, -18.707347461464249, 0.0 ], [ -58.91626128138531, -18.707521289739194, 0.0 ], [ -58.915799639526128, -18.707693358730371, 0.0 ], [ -58.915595119072357, -18.70774039091188, 0.0 ], [ -58.915174790754861, -18.707747888645361, 0.0 ], [ -58.914943757007563, -18.707703822319477, 0.0 ], [ -58.914781229921687, -18.70763762882472, 0.0 ], [ -58.914672191604744, -18.707528712534192, 0.0 ], [ -58.914470679969085, -18.707151980409304, 0.0 ], [ -58.914295320347435, -18.706996656116413, 0.0 ], [ -58.914060292709422, -18.706993529190576, 0.0 ], [ -58.913844902293206, -18.707091799773512, 0.0 ], [ -58.913691520510689, -18.7072338540228, 0.0 ], [ -58.91351454102282, -18.707511625777919, 0.0 ], [ -58.913341619347257, -18.708167956356078, 0.0 ], [ -58.913037956587253, -18.708731697965614, 0.0 ], [ -58.912849338129213, -18.708954217451851, 0.0 ], [ -58.912450186467836, -18.709333917927541, 0.0 ], [ -58.911690295823725, -18.709926443602487, 0.0 ], [ -58.911425216029393, -18.710177864211882, 0.0 ], [ -58.91106727049543, -18.710660497692249, 0.0 ], [ -58.910450557397574, -18.711701324171635, 0.0 ], [ -58.910017790609274, -18.712578565906814, 0.0 ], [ -58.909390643283395, -18.714079957820278, 0.0 ], [ -58.908996122977925, -18.715199404634969, 0.0 ], [ -58.908616860241608, -18.716619244026592, 0.0 ], [ -58.908345315602325, -18.71727576638553, 0.0 ], [ -58.908139088169051, -18.717573372351847, 0.0 ], [ -58.907924149252601, -18.717775792633386, 0.0 ], [ -58.907753501159299, -18.717869047499626, 0.0 ], [ -58.907528049148624, -18.71789431976881, 0.0 ], [ -58.907286309556639, -18.717851968561639, 0.0 ], [ -58.907112770861403, -18.717762006073137, 0.0 ], [ -58.906895460723142, -18.717573854169643, 0.0 ], [ -58.906607059268623, -18.717061478918325, 0.0 ], [ -58.906406666413559, -18.716843508495653, 0.0 ], [ -58.906243108366056, -18.716715486766347, 0.0 ], [ -58.906000380757597, -18.716597312479582, 0.0 ], [ -58.905643566087079, -18.716504725938044, 0.0 ], [ -58.905440511409999, -18.716524307764875, 0.0 ], [ -58.90530357897029, -18.71664274936473, 0.0 ], [ -58.905229416190352, -18.716802279598088, 0.0 ], [ -58.905203897243901, -18.717043097821737, 0.0 ], [ -58.905228025870542, -18.717235162750253, 0.0 ], [ -58.905309816607314, -18.717481593240731, 0.0 ], [ -58.905422163374062, -18.717699885135499, 0.0 ], [ -58.90566921465215, -18.718049766491784, 0.0 ], [ -58.906207943600911, -18.718583478169368, 0.0 ], [ -58.906374552172586, -18.71881080887988, 0.0 ], [ -58.906492024984487, -18.719044374513093, 0.0 ], [ -58.90654158975471, -18.719213565278832, 0.0 ], [ -58.906548120012175, -18.719388996491563, 0.0 ], [ -58.906510834780882, -18.719609813848749, 0.0 ], [ -58.906387985007427, -18.719850396355096, 0.0 ], [ -58.906202694484058, -18.720074605355997, 0.0 ], [ -58.905876827451138, -18.72041162435546, 0.0 ], [ -58.905583472668837, -18.720633767314268, 0.0 ], [ -58.905094992519622, -18.720830434553832, 0.0 ], [ -58.904291064377261, -18.720936294049494, 0.0 ], [ -58.90391884008703, -18.721109802543747, 0.0 ], [ -58.903785300413837, -18.721252506810913, 0.0 ], [ -58.90368108326728, -18.72143639405472, 0.0 ], [ -58.903631986135707, -18.721784692834994, 0.0 ], [ -58.903704429055836, -18.722438241874038, 0.0 ], [ -58.903808172512989, -18.722756353834004, 0.0 ], [ -58.903949055758972, -18.723038580690911, 0.0 ], [ -58.904117062987524, -18.723267488377736, 0.0 ], [ -58.904360445167228, -18.723500468520776, 0.0 ], [ -58.905121842966459, -18.723980737363707, 0.0 ], [ -58.905475807607395, -18.724330208671166, 0.0 ], [ -58.9055981069205, -18.72454801017162, 0.0 ], [ -58.905672838857583, -18.724772017339991, 0.0 ], [ -58.905741737347178, -18.725152137463255, 0.0 ], [ -58.905726865792182, -18.725360348613162, 0.0 ], [ -58.905648766448785, -18.72550594449956, 0.0 ], [ -58.905481169455363, -18.725684786508282, 0.0 ], [ -58.904969494732462, -18.725922267697701, 0.0 ], [ -58.904604378125967, -18.726220642431713, 0.0 ], [ -58.904293002610885, -18.726576713242924, 0.0 ], [ -58.904062541154843, -18.726985398777696, 0.0 ], [ -58.903902727212312, -18.727417215211151, 0.0 ], [ -58.903854832874089, -18.727698253673196, 0.0 ], [ -58.90390022560355, -18.728007441888465, 0.0 ], [ -58.904128349538126, -18.728279590027576, 0.0 ], [ -58.904206075628494, -18.72852268542653, 0.0 ], [ -58.904209418835734, -18.728845113138231, 0.0 ], [ -58.90416375698593, -18.729033314100494, 0.0 ], [ -58.904098267065194, -18.72913616560102, 0.0 ], [ -58.90399144244666, -18.729187578805643, 0.0 ], [ -58.903795231767447, -18.72921845877557, 0.0 ], [ -58.903457824775259, -18.729206475076669, 0.0 ], [ -58.903123521479685, -18.729109925236433, 0.0 ], [ -58.902880374966735, -18.728921505737443, 0.0 ], [ -58.902757512593688, -18.72886262632192, 0.0 ], [ -58.90254478659044, -18.728835762859976, 0.0 ], [ -58.902242204710063, -18.728855061366186, 0.0 ], [ -58.901921786529535, -18.728932947730534, 0.0 ], [ -58.901596609100061, -18.729081680026059, 0.0 ], [ -58.901395181081774, -18.729222181260422, 0.0 ], [ -58.901196759883284, -18.72946300416378, 0.0 ], [ -58.901092929139047, -18.729759608930291, 0.0 ], [ -58.901040409414058, -18.730127643613137, 0.0 ], [ -58.901018578828541, -18.730477351593667, 0.0 ], [ -58.901041097729866, -18.730815994569227, 0.0 ], [ -58.901103183530587, -18.731133904353104, 0.0 ], [ -58.901197331327005, -18.731415048420896, 0.0 ], [ -58.901527618251798, -18.731889927492759, 0.0 ], [ -58.901606020859177, -18.732053252079723, 0.0 ], [ -58.901667252489617, -18.732351384203081, 0.0 ], [ -58.901655645900789, -18.732596369458676, 0.0 ], [ -58.901583065144209, -18.732792849567964, 0.0 ], [ -58.901454369334353, -18.732995423067504, 0.0 ], [ -58.901181999570312, -18.733210842091353, 0.0 ], [ -58.901113081423127, -18.733298344083128, 0.0 ], [ -58.901104434077446, -18.733657791667937, 0.0 ], [ -58.900989487870085, -18.733925004763552, 0.0 ], [ -58.90087536552825, -18.734049988757686, 0.0 ], [ -58.90070124156086, -18.7341708426789, 0.0 ], [ -58.90037349268578, -18.73424383484808, 0.0 ], [ -58.900281500487687, -18.734290065003453, 0.0 ], [ -58.90017358150692, -18.734460317913641, 0.0 ], [ -58.900106096903038, -18.734764720277216, 0.0 ], [ -58.900126285776366, -18.73532611174597, 0.0 ], [ -58.900192362214007, -18.73552099806448, 0.0 ], [ -58.900321493099248, -18.735592172859867, 0.0 ], [ -58.900522338817815, -18.73562323437617, 0.0 ], [ -58.900967861582245, -18.735507899339908, 0.0 ], [ -58.901172165231934, -18.735521504835955, 0.0 ], [ -58.901308782675699, -18.735571458914979, 0.0 ], [ -58.901466982639576, -18.735834171344212, 0.0 ], [ -58.901598584545411, -18.736319863613168, 0.0 ], [ -58.901699990583438, -18.736426590582166, 0.0 ], [ -58.902039156951922, -18.73664855776773, 0.0 ], [ -58.902228644122161, -18.736912656732429, 0.0 ], [ -58.902252871358193, -18.737038886186028, 0.0 ], [ -58.902144679092004, -18.737126449946128, 0.0 ], [ -58.901907458953744, -18.737186726247305, 0.0 ], [ -58.901679278040945, -18.737166740360806, 0.0 ], [ -58.901326629086022, -18.737042587011061, 0.0 ], [ -58.90114868462252, -18.737079636505996, 0.0 ], [ -58.900976054267723, -18.737170152557709, 0.0 ], [ -58.900791741200912, -18.737378014362914, 0.0 ], [ -58.900680893087227, -18.737839016948151, 0.0 ], [ -58.900551296581639, -18.738030463507531, 0.0 ], [ -58.900360807314662, -18.738108322339034, 0.0 ], [ -58.900134216959117, -18.737997744378156, 0.0 ], [ -58.900057925663248, -18.737989247454401, 0.0 ], [ -58.899924477372423, -18.738024564990351, 0.0 ], [ -58.899842317955077, -18.738078753483737, 0.0 ], [ -58.899812368782158, -18.738200173934441, 0.0 ], [ -58.899851173503528, -18.73850856104033, 0.0 ], [ -58.899827627784944, -18.738667382275047, 0.0 ], [ -58.899646674652068, -18.738830971048721, 0.0 ], [ -58.899362051883053, -18.738854433170697, 0.0 ], [ -58.899174380689374, -18.739008058983277, 0.0 ], [ -58.899092477045272, -18.739313051233911, 0.0 ], [ -58.899103221746557, -18.739604435965699, 0.0 ], [ -58.899009723446255, -18.739817005643161, 0.0 ], [ -58.898793311879338, -18.739915480200718, 0.0 ], [ -58.898588899107978, -18.739934112464294, 0.0 ], [ -58.898253136837937, -18.739797186501953, 0.0 ], [ -58.89816978933974, -18.739790833756899, 0.0 ], [ -58.898000768517306, -18.739937245067214, 0.0 ], [ -58.897929612819638, -18.740139607325297, 0.0 ], [ -58.897910132833786, -18.740461616733445, 0.0 ], [ -58.89797139639488, -18.740646861784064, 0.0 ], [ -58.898053427085493, -18.740766627862509, 0.0 ], [ -58.898169199478744, -18.740830435658346, 0.0 ], [ -58.898557244264289, -18.740905783012728, 0.0 ], [ -58.898702740407337, -18.740965082011847, 0.0 ], [ -58.898936442901338, -18.741152948170271, 0.0 ], [ -58.899057921824657, -18.741361739511987, 0.0 ], [ -58.899062464730875, -18.741588957201316, 0.0 ], [ -58.899012262599975, -18.741764596101358, 0.0 ], [ -58.898909414709486, -18.741990230599203, 0.0 ], [ -58.898645582305704, -18.742372164189764, 0.0 ], [ -58.898568600497377, -18.742554600143993, 0.0 ], [ -58.898532950293514, -18.742888509502976, 0.0 ], [ -58.898598982613898, -18.743250179588884, 0.0 ], [ -58.898734948910878, -18.74346351493886, 0.0 ], [ -58.898899722218182, -18.743588247718964, 0.0 ], [ -58.899038575683008, -18.743595982045321, 0.0 ], [ -58.899384422815196, -18.743539699819763, 0.0 ], [ -58.899583990296172, -18.743583660733602, 0.0 ], [ -58.899635703105076, -18.743665171650999, 0.0 ], [ -58.899655291754328, -18.74382054412893, 0.0 ], [ -58.899589409888137, -18.74408314919846, 0.0 ], [ -58.899504352182923, -18.744179804652116, 0.0 ], [ -58.899171619111129, -18.744407817421219, 0.0 ], [ -58.898950578818173, -18.744815431401605, 0.0 ], [ -58.898689285871761, -18.745138171250723, 0.0 ], [ -58.897670912532945, -18.746027745239203, 0.0 ], [ -58.897218722737179, -18.746346380343102, 0.0 ], [ -58.896969492527553, -18.746435078477575, 0.0 ], [ -58.896761411651397, -18.746471513225583, 0.0 ], [ -58.896464002644528, -18.746471503363018, 0.0 ], [ -58.896222109963119, -18.746413534325054, 0.0 ], [ -58.895983101031753, -18.74627113167573, 0.0 ], [ -58.895820328805499, -18.746087450471403, 0.0 ], [ -58.895753329598286, -18.745915900181881, 0.0 ], [ -58.895701829079883, -18.745534110327124, 0.0 ], [ -58.895730774992096, -18.744771952006921, 0.0 ], [ -58.895691949940947, -18.744495037092911, 0.0 ], [ -58.89560725802729, -18.744266011558011, 0.0 ], [ -58.895426428084768, -18.743927982995313, 0.0 ], [ -58.89531762358228, -18.743783430318928, 0.0 ], [ -58.895161927141146, -18.743673742862526, 0.0 ], [ -58.895061602719309, -18.743690602106632, 0.0 ], [ -58.894928200813169, -18.74377646904631, 0.0 ], [ -58.894770223076911, -18.744013418547297, 0.0 ], [ -58.894716785485301, -18.7443271626219, 0.0 ], [ -58.89475649154295, -18.74472360857478, 0.0 ], [ -58.894687950953966, -18.744875272864228, 0.0 ], [ -58.894567683708452, -18.744998996531969, 0.0 ], [ -58.894356073298376, -18.745073515064856, 0.0 ], [ -58.894198010098179, -18.74507395399737, 0.0 ], [ -58.894108904396234, -18.745025451945519, 0.0 ], [ -58.893932833223026, -18.74482001656774, 0.0 ], [ -58.893839161925868, -18.744754378223753, 0.0 ], [ -58.89360517529984, -18.744705332526745, 0.0 ], [ -58.893449586812238, -18.744720178750004, 0.0 ], [ -58.893378706987534, -18.74475975734099, 0.0 ], [ -58.893339885760206, -18.74486367066638, 0.0 ], [ -58.893330708306095, -18.745079047958196, 0.0 ], [ -58.893434582663261, -18.745373751101848, 0.0 ], [ -58.893445459550797, -18.745502914427263, 0.0 ], [ -58.893339276764209, -18.745681395885924, 0.0 ], [ -58.893189165624349, -18.745747547231769, 0.0 ], [ -58.893023881958968, -18.745757763900972, 0.0 ], [ -58.892860481224233, -18.745705960248298, 0.0 ], [ -58.89268918944714, -18.745367916621383, 0.0 ], [ -58.892502615764812, -18.745177338666373, 0.0 ], [ -58.892379522941361, -18.745125975363692, 0.0 ], [ -58.8922719161245, -18.745157416787229, 0.0 ], [ -58.892142799694078, -18.745248634714788, 0.0 ], [ -58.891982131477249, -18.745637638274012, 0.0 ], [ -58.891836309805917, -18.745793149446861, 0.0 ], [ -58.891735569440371, -18.745846892176726, 0.0 ], [ -58.891605209115042, -18.745819995931196, 0.0 ], [ -58.891372794470293, -18.745665396439211, 0.0 ], [ -58.891133013000939, -18.745355451736327, 0.0 ], [ -58.891027707295954, -18.745290872151283, 0.0 ], [ -58.890915818889809, -18.745311188757714, 0.0 ], [ -58.890597866799553, -18.74548273643768, 0.0 ], [ -58.89036065070723, -18.745530987862175, 0.0 ], [ -58.890198574464584, -18.745521701439728, 0.0 ], [ -58.890084082342959, -18.745415705251595, 0.0 ], [ -58.890000173341107, -18.745219503559049, 0.0 ], [ -58.890004855271847, -18.745111417397922, 0.0 ], [ -58.890104785006443, -18.744782115969407, 0.0 ], [ -58.890086454854554, -18.744656947753519, 0.0 ], [ -58.889901872671537, -18.744462648731862, 0.0 ], [ -58.889645679408609, -18.744347898829375, 0.0 ], [ -58.889368709940896, -18.744386536640363, 0.0 ], [ -58.889171599855224, -18.744479073954658, 0.0 ], [ -58.888855290916524, -18.744697438200287, 0.0 ], [ -58.888555988782699, -18.744984853039298, 0.0 ], [ -58.888194358135635, -18.745387362342175, 0.0 ], [ -58.887858539610619, -18.745852595673437, 0.0 ], [ -58.887394200635704, -18.746890215739946, 0.0 ], [ -58.887145113311114, -18.747322592141987, 0.0 ], [ -58.886974601966877, -18.747555276358391, 0.0 ], [ -58.886693444621066, -18.747829048570935, 0.0 ], [ -58.886323543176204, -18.748099643748816, 0.0 ], [ -58.885677886998856, -18.748418969459742, 0.0 ], [ -58.885181985561282, -18.748742716235334, 0.0 ], [ -58.884920112378097, -18.74902141037499, 0.0 ], [ -58.884805407039877, -18.749222632491492, 0.0 ], [ -58.884753561227335, -18.749394175979095, 0.0 ], [ -58.88476616617087, -18.749556808701904, 0.0 ], [ -58.884817899175381, -18.749690289000569, 0.0 ], [ -58.885095897927933, -18.749897989258077, 0.0 ], [ -58.885133491107226, -18.749990062362709, 0.0 ], [ -58.885083132203228, -18.750116965093813, 0.0 ], [ -58.884839437224223, -18.750464009871088, 0.0 ], [ -58.884780509414185, -18.750720978896155, 0.0 ], [ -58.884782085374283, -18.750945303399831, 0.0 ], [ -58.884851717286324, -18.751125263257361, 0.0 ], [ -58.884925661229019, -18.751226629941652, 0.0 ], [ -58.885064274543012, -18.751328993922449, 0.0 ], [ -58.885185132358004, -18.751373444095208, 0.0 ], [ -58.885359915546118, -18.751366947815313, 0.0 ], [ -58.885958514617421, -18.751253642834058, 0.0 ], [ -58.886301737330683, -18.751142863749045, 0.0 ], [ -58.88652922797182, -18.751029351994696, 0.0 ], [ -58.886898131105262, -18.75072372060788, 0.0 ], [ -58.887113743134478, -18.750269707913699, 0.0 ], [ -58.887271015301913, -18.750114334053968, 0.0 ], [ -58.887396490570751, -18.750040386447989, 0.0 ], [ -58.887585777498622, -18.750012447094143, 0.0 ], [ -58.887935496466142, -18.750044162512186, 0.0 ], [ -58.888122408116466, -18.750092443354902, 0.0 ], [ -58.888246019555247, -18.750168232159691, 0.0 ], [ -58.888362851422137, -18.750385820056231, 0.0 ], [ -58.888438041053867, -18.750696418800747, 0.0 ], [ -58.888439980719888, -18.750834406213599, 0.0 ], [ -58.888363517939581, -18.751069876955796, 0.0 ], [ -58.888078923538089, -18.751319873895529, 0.0 ], [ -58.887944304325778, -18.751630906088817, 0.0 ], [ -58.887909439598751, -18.751956365620622, 0.0 ], [ -58.888024839029221, -18.752359994204653, 0.0 ], [ -58.888012670778195, -18.752504513012436, 0.0 ], [ -58.88791360857595, -18.752626853902377, 0.0 ], [ -58.88767495443939, -18.752797693617193, 0.0 ], [ -58.887042709226073, -18.75303395635364, 0.0 ], [ -58.88682805144294, -18.753194392674978, 0.0 ], [ -58.886695741808289, -18.753343456189821, 0.0 ], [ -58.886617737946864, -18.753543284194997, 0.0 ], [ -58.886563362746216, -18.753968143715575, 0.0 ], [ -58.886583395796492, -18.754563190126799, 0.0 ], [ -58.886564488436257, -18.754814779298947, 0.0 ], [ -58.886415269554718, -18.755222035243108, 0.0 ], [ -58.886194224586781, -18.755495466234741, 0.0 ], [ -58.885860999389699, -18.755667415579847, 0.0 ], [ -58.885419882477024, -18.755775586899375, 0.0 ], [ -58.885185390711634, -18.75579035787489, 0.0 ], [ -58.8846037207922, -18.755760419648219, 0.0 ], [ -58.884088786647219, -18.755806930884155, 0.0 ], [ -58.883870117097167, -18.755892826159972, 0.0 ], [ -58.883689913652631, -18.756003001269605, 0.0 ], [ -58.88351176449234, -18.756148254245467, 0.0 ], [ -58.883398132791278, -18.756286356525028, 0.0 ], [ -58.883334687389137, -18.756433235169709, 0.0 ], [ -58.883272361840191, -18.756728282352839, 0.0 ], [ -58.883242090708499, -18.757298257339464, 0.0 ], [ -58.883286276664634, -18.757733819538121, 0.0 ], [ -58.883494037232857, -18.758926461999955, 0.0 ], [ -58.883502731907676, -18.759366167192098, 0.0 ], [ -58.883447470728065, -18.759676091328743, 0.0 ], [ -58.883356606356521, -18.75990628709188, 0.0 ], [ -58.883189582989274, -18.76019612562304, 0.0 ], [ -58.883055289314854, -18.760332347383766, 0.0 ], [ -58.882889017589179, -18.760432651546733, 0.0 ], [ -58.882619459528854, -18.760542611943777, 0.0 ], [ -58.882309770644426, -18.760608855021403, 0.0 ], [ -58.881790564725108, -18.760573509481027, 0.0 ], [ -58.881629311767732, -18.760586668655193, 0.0 ], [ -58.881353527472932, -18.760681759379622, 0.0 ], [ -58.881147861196951, -18.760851076751319, 0.0 ], [ -58.881124592677367, -18.760972010740051, 0.0 ], [ -58.881150892212361, -18.761140245947292, 0.0 ], [ -58.881216223844554, -18.761284008961038, 0.0 ], [ -58.881329533764159, -18.761426993268127, 0.0 ], [ -58.881466592296874, -18.761508124092884, 0.0 ], [ -58.881860769685161, -18.761592527876964, 0.0 ], [ -58.881982417411102, -18.761643077642777, 0.0 ], [ -58.882138877524945, -18.761768701593489, 0.0 ], [ -58.882195267555353, -18.761949540331123, 0.0 ], [ -58.88217539349445, -18.762149125500603, 0.0 ], [ -58.88206814610345, -18.762366671710929, 0.0 ], [ -58.881970965779658, -18.762429649022085, 0.0 ], [ -58.881618348869495, -18.762551034255434, 0.0 ], [ -58.881528365152256, -18.762632741672814, 0.0 ], [ -58.881510818656857, -18.762731104010996, 0.0 ], [ -58.881543916372046, -18.763107105105746, 0.0 ], [ -58.881449709359586, -18.763320937464226, 0.0 ], [ -58.881324014519599, -18.763460346827479, 0.0 ], [ -58.881145245390407, -18.763533656945395, 0.0 ], [ -58.880924550314603, -18.763552463560192, 0.0 ], [ -58.880750998274401, -18.76351169077369, 0.0 ], [ -58.880537061807807, -18.763406383881136, 0.0 ], [ -58.880361301489962, -18.763272710397153, 0.0 ], [ -58.880124396528934, -18.762990360168409, 0.0 ], [ -58.880007139347569, -18.762814145791172, 0.0 ], [ -58.879786300139678, -18.762324913224571, 0.0 ], [ -58.879533466487274, -18.761998833773603, 0.0 ], [ -58.879363134572245, -18.761904707261507, 0.0 ], [ -58.879081925465954, -18.761827629992545, 0.0 ], [ -58.878796714989136, -18.761800463186283, 0.0 ], [ -58.878576635297456, -18.761812723026313, 0.0 ], [ -58.878253579901951, -18.761881703043422, 0.0 ], [ -58.877988578603656, -18.761999046667036, 0.0 ], [ -58.877862454917413, -18.762104709189998, 0.0 ], [ -58.877537272559969, -18.762480363011093, 0.0 ], [ -58.87729649016724, -18.76267198703319, 0.0 ], [ -58.8771352521346, -18.762737679337917, 0.0 ], [ -58.876986704915829, -18.762730488569034, 0.0 ], [ -58.876731705879358, -18.762655291672797, 0.0 ], [ -58.876321291128534, -18.762361400018037, 0.0 ], [ -58.876120934282277, -18.762293349547345, 0.0 ], [ -58.875720485122166, -18.762336178352026, 0.0 ], [ -58.875238788675745, -18.76248852725438, 0.0 ], [ -58.874994493872784, -18.762666018272089, 0.0 ], [ -58.874899735076752, -18.762937702007058, 0.0 ], [ -58.874919497391119, -18.763084923932333, 0.0 ], [ -58.875138547200933, -18.763613360475865, 0.0 ], [ -58.875130729735268, -18.763917605616829, 0.0 ], [ -58.875029711502705, -18.764112311689079, 0.0 ], [ -58.874849359084081, -18.764197661412123, 0.0 ], [ -58.874570481419234, -18.764243979031079, 0.0 ], [ -58.873879287492485, -18.764218571739807, 0.0 ], [ -58.87347256818051, -18.764357531794552, 0.0 ], [ -58.873347391512468, -18.764354742741737, 0.0 ], [ -58.873229090676858, -18.764227644122645, 0.0 ], [ -58.873152964747838, -18.764032727179774, 0.0 ], [ -58.873144953587534, -18.76386268045335, 0.0 ], [ -58.873187645802886, -18.763664227620517, 0.0 ], [ -58.87338073653379, -18.763339529713935, 0.0 ], [ -58.873784475737196, -18.763027833385877, 0.0 ], [ -58.873906362078152, -18.762816617017673, 0.0 ], [ -58.873947350534962, -18.762627220220875, 0.0 ], [ -58.873889163238836, -18.762470480646751, 0.0 ], [ -58.873804856027128, -18.762385887472028, 0.0 ], [ -58.873488655937223, -18.762405002257584, 0.0 ], [ -58.873357818561352, -18.762363433781392, 0.0 ], [ -58.873170469841362, -18.76225415335492, 0.0 ], [ -58.873087183864335, -18.762168430755381, 0.0 ], [ -58.873071702301914, -18.761999036025106, 0.0 ], [ -58.873138410916702, -18.761806708671262, 0.0 ], [ -58.873300021981954, -18.761609105081035, 0.0 ], [ -58.873427426803715, -18.761540243932934, 0.0 ], [ -58.87383164115262, -18.761427521171093, 0.0 ], [ -58.873963070258633, -18.761292706214462, 0.0 ], [ -58.874056185568506, -18.76111100573959, 0.0 ], [ -58.874096651014213, -18.760800022657296, 0.0 ], [ -58.874077932197729, -18.760451252403534, 0.0 ], [ -58.87396185580527, -18.760112331475785, 0.0 ], [ -58.873800019154025, -18.759864596343839, 0.0 ], [ -58.873625039363191, -18.75971633852388, 0.0 ], [ -58.873474527530959, -18.759665087319966, 0.0 ], [ -58.873259979669264, -18.759712841385085, 0.0 ], [ -58.873102052627928, -18.759823824112512, 0.0 ], [ -58.873038018164429, -18.75993005830728, 0.0 ], [ -58.872966221657535, -18.760220516827466, 0.0 ], [ -58.873045875491357, -18.760879398414453, 0.0 ], [ -58.873023334358415, -18.761229349643177, 0.0 ], [ -58.872971318865957, -18.761396172592558, 0.0 ], [ -58.872769803867307, -18.761573392317484, 0.0 ], [ -58.872344233754838, -18.761688047610491, 0.0 ], [ -58.872030829300272, -18.761958038680699, 0.0 ], [ -58.871929284104709, -18.762012911776193, 0.0 ], [ -58.871730378430676, -18.762042045623378, 0.0 ], [ -58.871642361982815, -18.762013788341356, 0.0 ], [ -58.871424852809696, -18.761735311221852, 0.0 ], [ -58.871326780869431, -18.761536695152429, 0.0 ], [ -58.871269665809358, -18.761278154938783, 0.0 ], [ -58.871348146399811, -18.760907134512422, 0.0 ], [ -58.871294637991895, -18.760817184217679, 0.0 ], [ -58.871192749617641, -18.760732482785137, 0.0 ], [ -58.870924138156312, -18.760702793469751, 0.0 ], [ -58.870704620861559, -18.760746079849682, 0.0 ], [ -58.870580379655998, -18.760819156944276, 0.0 ], [ -58.870289283434772, -18.761086005402724, 0.0 ], [ -58.87004421313847, -18.761153292967066, 0.0 ], [ -58.869902080039331, -18.761138585025151, 0.0 ], [ -58.869796275907376, -18.761034562877395, 0.0 ], [ -58.869691365997383, -18.760794379872792, 0.0 ], [ -58.869651658213549, -18.76058637949679, 0.0 ], [ -58.869669446707228, -18.7604094956578, 0.0 ], [ -58.869834993477141, -18.760145758366651, 0.0 ], [ -58.870215504352885, -18.759867484077684, 0.0 ], [ -58.870447911899326, -18.759555960365788, 0.0 ], [ -58.87059445627083, -18.759185588144629, 0.0 ], [ -58.870622677649877, -18.758951964148061, 0.0 ], [ -58.870578811135722, -18.758837236692951, 0.0 ], [ -58.870385095340353, -18.758764429671992, 0.0 ], [ -58.870186209929919, -18.758756229803204, 0.0 ], [ -58.870007571657958, -18.758777436401722, 0.0 ], [ -58.869596058297155, -18.758922324665967, 0.0 ], [ -58.869348557777379, -18.758943757751688, 0.0 ], [ -58.869245659939267, -18.758921942926278, 0.0 ], [ -58.869158369636182, -18.758818325811752, 0.0 ], [ -58.869081622339458, -18.758563716523156, 0.0 ], [ -58.869110623225573, -18.758213965892892, 0.0 ], [ -58.869093054304244, -18.758123303345513, 0.0 ], [ -58.8689806946864, -18.757992220157828, 0.0 ], [ -58.868828260980884, -18.757911016474523, 0.0 ], [ -58.868658142755855, -18.757916503297672, 0.0 ], [ -58.868439981288979, -18.757974617073849, 0.0 ], [ -58.867993306352076, -18.758191761922266, 0.0 ], [ -58.867783388049276, -18.758233379918124, 0.0 ], [ -58.867690787974475, -18.75822260171411, 0.0 ], [ -58.867637994745621, -18.758118384810381, 0.0 ], [ -58.867642299977021, -18.757825136330638, 0.0 ], [ -58.867757972290697, -18.757371799302764, 0.0 ], [ -58.867728818972452, -18.757142012312453, 0.0 ], [ -58.867652151532468, -18.756973404200984, 0.0 ], [ -58.867543920602884, -18.756897221278912, 0.0 ], [ -58.867389274284619, -18.756843419343994, 0.0 ], [ -58.866869314691662, -18.756819045518821, 0.0 ], [ -58.866400206265681, -18.756585168143705, 0.0 ], [ -58.865861293811754, -18.756139202232681, 0.0 ], [ -58.865240914971601, -18.755483301982704, 0.0 ], [ -58.864793271750671, -18.755129797987994, 0.0 ], [ -58.864639665700857, -18.755044928248637, 0.0 ], [ -58.864493065299264, -18.75500958611163, 0.0 ], [ -58.864284666425831, -18.755048891155269, 0.0 ], [ -58.864099578603778, -18.755151783952936, 0.0 ], [ -58.864001686169225, -18.755293230058385, 0.0 ], [ -58.863935359630013, -18.755507761909062, 0.0 ], [ -58.86392963773492, -18.755696686964381, 0.0 ], [ -58.863981678030612, -18.755978407684669, 0.0 ], [ -58.8641496337845, -18.756461410867665, 0.0 ], [ -58.864172520533266, -18.756633698901076, 0.0 ], [ -58.864151627364748, -18.756720379872444, 0.0 ], [ -58.863979830309418, -18.756827417777895, 0.0 ], [ -58.863769826080791, -18.756862228121555, 0.0 ], [ -58.863412333215322, -18.75670908704652, 0.0 ], [ -58.863178368515555, -18.756727943200609, 0.0 ], [ -58.863095256806346, -18.756882511431563, 0.0 ], [ -58.863072383471973, -18.757041236346193, 0.0 ], [ -58.863135176891845, -18.757464294121206, 0.0 ], [ -58.863039248115001, -18.757568101856759, 0.0 ], [ -58.862839380493106, -18.757653807670472, 0.0 ], [ -58.862698821301123, -18.757663892572779, 0.0 ], [ -58.862437439936663, -18.757624415881857, 0.0 ], [ -58.862204478139617, -18.757554898265266, 0.0 ], [ -58.862048925635079, -18.757471021198711, 0.0 ], [ -58.861889769474409, -18.757304820690088, 0.0 ], [ -58.861633937197304, -18.756925147941075, 0.0 ], [ -58.861381153994564, -18.756429054531413, 0.0 ], [ -58.861209612243101, -18.756191940652069, 0.0 ], [ -58.860986592798021, -18.756011393459389, 0.0 ], [ -58.860814516614433, -18.755922395456238, 0.0 ], [ -58.860568258527685, -18.755889514761353, 0.0 ], [ -58.860447373854832, -18.755922313314997, 0.0 ], [ -58.860399860401941, -18.756019969492751, 0.0 ], [ -58.860386933455331, -18.756273916847967, 0.0 ], [ -58.860478180802737, -18.756713066618115, 0.0 ], [ -58.86059433054038, -18.756959643419648, 0.0 ], [ -58.860909419120667, -18.757479030752815, 0.0 ], [ -58.861110691129944, -18.758044036114988, 0.0 ], [ -58.86112073438003, -18.758310151848843, 0.0 ], [ -58.861083609101932, -18.758447040637773, 0.0 ], [ -58.860968801234485, -18.758581014044918, 0.0 ], [ -58.860816347258464, -18.758668399741413, 0.0 ], [ -58.860590616948926, -18.758687418436836, 0.0 ], [ -58.860372219543777, -18.75861552910845, 0.0 ], [ -58.860271873010731, -18.758535541521525, 0.0 ], [ -58.860006636677824, -18.758206456580872, 0.0 ], [ -58.859768569923773, -18.758081215532631, 0.0 ], [ -58.859560171569555, -18.758035602413859, 0.0 ], [ -58.859382429940027, -18.758054305837817, 0.0 ], [ -58.859217082681546, -18.758112868737477, 0.0 ], [ -58.858945750961773, -18.758395944142674, 0.0 ], [ -58.858779360021622, -18.758472242894118, 0.0 ], [ -58.858607387268805, -18.758511452051959, 0.0 ], [ -58.858215349027972, -18.758493815853576, 0.0 ], [ -58.857762020049449, -18.758367833893772, 0.0 ], [ -58.857573112297217, -18.758351242349402, 0.0 ], [ -58.857244675708202, -18.7584121734325, 0.0 ], [ -58.856810499883821, -18.758610424855355, 0.0 ], [ -58.856606145773455, -18.758654792986597, 0.0 ], [ -58.856462547405656, -18.75863137815865, 0.0 ], [ -58.856039126833828, -18.758481405919746, 0.0 ], [ -58.855869017307576, -18.758478999271972, 0.0 ], [ -58.855715400703268, -18.758570453691789, 0.0 ], [ -58.855378810686389, -18.758940273258531, 0.0 ], [ -58.855168013029939, -18.759068666001305, 0.0 ], [ -58.855077944773022, -18.759048154799423, 0.0 ], [ -58.854987173827823, -18.758978970195148, 0.0 ], [ -58.854952994836061, -18.758704843136897, 0.0 ], [ -58.854784721157891, -18.758544783610997, 0.0 ], [ -58.854510559896255, -18.758457444741889, 0.0 ], [ -58.854361687344465, -18.758472044669169, 0.0 ], [ -58.854236677409659, -18.758521001162439, 0.0 ], [ -58.854131096672489, -18.758609791382995, 0.0 ], [ -58.854074067067316, -18.758717018614771, 0.0 ], [ -58.854209653285402, -18.758980079936521, 0.0 ], [ -58.854198537105106, -18.759102110535522, 0.0 ], [ -58.854144708503341, -18.759226820103375, 0.0 ], [ -58.853901389429723, -18.759411551539468, 0.0 ], [ -58.853587367474276, -18.759522142423638, 0.0 ], [ -58.853534159419347, -18.759575788290544, 0.0 ], [ -58.853590842060427, -18.759654560396758, 0.0 ], [ -58.853771901250092, -18.759781327076286, 0.0 ], [ -58.854174136386696, -18.759905076760742, 0.0 ], [ -58.854314559063248, -18.760027521487807, 0.0 ], [ -58.854366471662232, -18.7601116205878, 0.0 ], [ -58.854382729069521, -18.760352574453172, 0.0 ], [ -58.854292344493892, -18.760672194429059, 0.0 ], [ -58.854204043198813, -18.760802100872525, 0.0 ], [ -58.85406475733928, -18.760870369842696, 0.0 ], [ -58.85391177118143, -18.760893616225299, 0.0 ], [ -58.853739666896601, -18.760873443212777, 0.0 ], [ -58.853444559030187, -18.760707930813812, 0.0 ], [ -58.853165468061633, -18.760420412642286, 0.0 ], [ -58.852890370482029, -18.759979317620839, 0.0 ], [ -58.852771572620007, -18.759900964787871, 0.0 ], [ -58.852303366960278, -18.759701547989803, 0.0 ], [ -58.85220464982828, -18.759592919504161, 0.0 ], [ -58.851981409918942, -18.759159989966417, 0.0 ], [ -58.851752439387305, -18.759008900895896, 0.0 ], [ -58.85160803248565, -18.758991136463798, 0.0 ], [ -58.851488956421157, -18.759174361667654, 0.0 ], [ -58.851310335621292, -18.759801758657154, 0.0 ], [ -58.851309364162979, -18.760078537812607, 0.0 ], [ -58.851445542738062, -18.760726669760693, 0.0 ], [ -58.851462741833004, -18.76095029512501, 0.0 ], [ -58.851400187882241, -18.761376851802925, 0.0 ], [ -58.851247271495261, -18.761673208420074, 0.0 ], [ -58.850912169965952, -18.762004258513066, 0.0 ], [ -58.850567029660219, -18.762206623313403, 0.0 ], [ -58.849907970300407, -18.762463114848057, 0.0 ], [ -58.849218713819347, -18.762612670440038, 0.0 ], [ -58.84874843169122, -18.762641033844307, 0.0 ], [ -58.848522375589233, -18.762604302932264, 0.0 ], [ -58.848317864955362, -18.762533847357968, 0.0 ], [ -58.847979539363195, -18.762327780256911, 0.0 ], [ -58.847622922576171, -18.761920105905833, 0.0 ], [ -58.8474347157306, -18.761813668448614, 0.0 ], [ -58.847245531446035, -18.761750278313009, 0.0 ], [ -58.846938029572854, -18.761732859906303, 0.0 ], [ -58.846617303305621, -18.761796638571518, 0.0 ], [ -58.846383644706691, -18.761904698039189, 0.0 ], [ -58.846181948180721, -18.762136513234676, 0.0 ], [ -58.845926944850255, -18.762187650039692, 0.0 ], [ -58.845761677084532, -18.762150312498758, 0.0 ], [ -58.845599100340905, -18.762050585625087, 0.0 ], [ -58.845447985087226, -18.761660742919204, 0.0 ], [ -58.845278703140565, -18.76146770622179, 0.0 ], [ -58.845115834601877, -18.761366944426129, 0.0 ], [ -58.8449359636762, -18.761346980087652, 0.0 ], [ -58.844678831362558, -18.761387614962491, 0.0 ], [ -58.844251159003072, -18.761577232190671, 0.0 ], [ -58.844028790155903, -18.761594838976162, 0.0 ], [ -58.843910143381258, -18.761574364322399, 0.0 ], [ -58.843767059180927, -18.761467685382893, 0.0 ], [ -58.843659552461951, -18.761290777926227, 0.0 ], [ -58.843680199009441, -18.760827570120668, 0.0 ], [ -58.843545908006, -18.760484824889133, 0.0 ], [ -58.843309810053995, -18.760208120536671, 0.0 ], [ -58.843132054536305, -18.760107843949026, 0.0 ], [ -58.842974178895659, -18.760071413930959, 0.0 ], [ -58.842810561472831, -18.760094926554892, 0.0 ], [ -58.84270247450236, -18.760145167652801, 0.0 ], [ -58.842647522903711, -18.760216608589559, 0.0 ], [ -58.842504010656789, -18.760565543345223, 0.0 ], [ -58.842263916368246, -18.760749159043865, 0.0 ], [ -58.842015180892872, -18.760846811862791, 0.0 ], [ -58.841828164737002, -18.760859495469532, 0.0 ], [ -58.841687994665676, -18.760827344916759, 0.0 ], [ -58.841622083550277, -18.760767724511307, 0.0 ], [ -58.841470138951735, -18.760524552816026, 0.0 ], [ -58.841321196456491, -18.76042059007467, 0.0 ], [ -58.841170216336714, -18.760359449685094, 0.0 ], [ -58.840929683952702, -18.760342108581341, 0.0 ], [ -58.840752177514112, -18.760507241465987, 0.0 ], [ -58.840664392231076, -18.760671170542402, 0.0 ], [ -58.84061810748404, -18.760867425373466, 0.0 ], [ -58.840622723248515, -18.761064685321443, 0.0 ], [ -58.840674144881199, -18.761249030476744, 0.0 ], [ -58.840781086597588, -18.761416069764664, 0.0 ], [ -58.84094722085878, -18.761574413222583, 0.0 ], [ -58.841296290056142, -18.761739042638919, 0.0 ], [ -58.841381030581815, -18.761872106185848, 0.0 ], [ -58.841421602037308, -18.762016035701869, 0.0 ], [ -58.841410165729172, -18.762240599213388, 0.0 ], [ -58.841349715273523, -18.762414328704004, 0.0 ], [ -58.841223677461997, -18.762579935550612, 0.0 ], [ -58.841060872637577, -18.762650958802432, 0.0 ], [ -58.840892919541304, -18.762649704114061, 0.0 ], [ -58.840681559427026, -18.762579805033006, 0.0 ], [ -58.840529640536815, -18.762485970099348, 0.0 ], [ -58.840349574340046, -18.7623070276892, 0.0 ], [ -58.84008857522187, -18.761722795392572, 0.0 ], [ -58.839898488704129, -18.761065380167228, 0.0 ], [ -58.839778450647515, -18.760758079754421, 0.0 ], [ -58.839501698843598, -18.760321027550845, 0.0 ], [ -58.839314349538114, -18.760154646253898, 0.0 ], [ -58.839152808782472, -18.760071675961953, 0.0 ], [ -58.839018090382282, -18.760065522124414, 0.0 ], [ -58.838884782440502, -18.760096266187297, 0.0 ], [ -58.838703346653418, -18.760228053845292, 0.0 ], [ -58.838583461464246, -18.760421614683256, 0.0 ], [ -58.838487224942163, -18.760890369451761, 0.0 ], [ -58.838315416084981, -18.76109717384448, 0.0 ], [ -58.838171420795817, -18.761191008739775, 0.0 ], [ -58.837972201965378, -18.761221406271204, 0.0 ], [ -58.837759352595398, -18.761187252701738, 0.0 ], [ -58.837654357337392, -18.761108517152397, 0.0 ], [ -58.837471822294759, -18.760808037758959, 0.0 ], [ -58.837392810276199, -18.760726736598475, 0.0 ], [ -58.837184048537097, -18.760647407858485, 0.0 ], [ -58.836884256735189, -18.760623439669796, 0.0 ], [ -58.836566488202273, -18.760718025492821, 0.0 ], [ -58.836156541799902, -18.760961356633562, 0.0 ], [ -58.835763946775501, -18.761387125951753, 0.0 ], [ -58.835638568083624, -18.761479476310402, 0.0 ], [ -58.835291620091965, -18.761564229199276, 0.0 ], [ -58.834971704748838, -18.761538412604352, 0.0 ], [ -58.834729747080807, -18.761440481312817, 0.0 ], [ -58.834603274949181, -18.761189098595384, 0.0 ], [ -58.834581902842608, -18.760767670001503, 0.0 ], [ -58.834636946779682, -18.760320922340576, 0.0 ], [ -58.834585687992579, -18.760176444577205, 0.0 ], [ -58.834340904544959, -18.759813302860305, 0.0 ], [ -58.834328393506524, -18.759684606871055, 0.0 ], [ -58.834364038583459, -18.75943828639123, 0.0 ], [ -58.834339108699361, -18.75934139879497, 0.0 ], [ -58.83426416709387, -18.759296257514567, 0.0 ], [ -58.833993090994376, -18.75925482772908, 0.0 ], [ -58.833893934998173, -18.759209115318011, 0.0 ], [ -58.833754752979161, -18.758914538967701, 0.0 ], [ -58.833573401563257, -18.758743203909667, 0.0 ], [ -58.833375815434529, -18.758678198520006, 0.0 ], [ -58.833172631470077, -18.758691484193687, 0.0 ], [ -58.833026604914835, -18.75878777235792, 0.0 ], [ -58.832883794002328, -18.758988346720681, 0.0 ], [ -58.832817613028226, -18.759161498713826, 0.0 ], [ -58.83278344757305, -18.759391037718167, 0.0 ], [ -58.832808894347423, -18.759616442823837, 0.0 ], [ -58.832968032640771, -18.760082917008845, 0.0 ], [ -58.83304046198711, -18.760411511987957, 0.0 ], [ -58.833042355871214, -18.760553831978925, 0.0 ], [ -58.833002954857172, -18.760699600740598, 0.0 ], [ -58.832925675582224, -18.760742559600953, 0.0 ], [ -58.832785638070767, -18.760759718813429, 0.0 ], [ -58.832549956052262, -18.760705332854933, 0.0 ], [ -58.832453698685626, -18.760621758275086, 0.0 ], [ -58.832234627264846, -18.76027413357118, 0.0 ], [ -58.832050816789909, -18.760159289360438, 0.0 ], [ -58.831862858444559, -18.760115915962118, 0.0 ], [ -58.831758759403023, -18.760271688275015, 0.0 ], [ -58.831735897396896, -18.760607806723414, 0.0 ], [ -58.831703099508836, -18.760711576535609, 0.0 ], [ -58.831545497998562, -18.760976498504146, 0.0 ], [ -58.831213907983823, -18.761143312450312, 0.0 ], [ -58.830711596500883, -18.761256777796156, 0.0 ], [ -58.83046429692164, -18.761413991775552, 0.0 ], [ -58.830307921631032, -18.761606991980031, 0.0 ], [ -58.830288443323902, -18.761737199023418, 0.0 ], [ -58.83031425410217, -18.761900858394714, 0.0 ], [ -58.830459541032823, -18.762157335942895, 0.0 ], [ -58.830585594289701, -18.762260665400031, 0.0 ], [ -58.830700468285279, -18.762307447796136, 0.0 ], [ -58.830994983540293, -18.762207259048903, 0.0 ], [ -58.831208430819309, -18.762262332159395, 0.0 ], [ -58.831305752002194, -18.762349076959573, 0.0 ], [ -58.831386331519155, -18.762482904937844, 0.0 ], [ -58.831427905368592, -18.762626135183236, 0.0 ], [ -58.831428116483139, -18.762758896186813, 0.0 ], [ -58.831356890168173, -18.762911929775413, 0.0 ], [ -58.831187465520188, -18.763077923641589, 0.0 ], [ -58.830728571432701, -18.763170069484708, 0.0 ], [ -58.830508441605495, -18.763323310146294, 0.0 ], [ -58.830460096476557, -18.763525553246986, 0.0 ], [ -58.830482861631552, -18.763777049273745, 0.0 ], [ -58.830720326985769, -18.764288677661131, 0.0 ], [ -58.830735897108994, -18.764518892729086, 0.0 ], [ -58.830708279959374, -18.76467693406612, 0.0 ], [ -58.830611905513173, -18.764844334197399, 0.0 ], [ -58.830401682613051, -18.765049089274871, 0.0 ], [ -58.829915052003699, -18.765229068109733, 0.0 ], [ -58.829736679670177, -18.765348934465045, 0.0 ], [ -58.829673940426225, -18.765437982301453, 0.0 ], [ -58.829670616732081, -18.765556574879028, 0.0 ], [ -58.829719653670118, -18.765712497454082, 0.0 ], [ -58.829819650423246, -18.765840183497389, 0.0 ], [ -58.83018282263879, -18.765919420220193, 0.0 ], [ -58.830329649890786, -18.766017516328063, 0.0 ], [ -58.830415713497679, -18.766115660874437, 0.0 ], [ -58.830475677822598, -18.766246681244802, 0.0 ], [ -58.830484398903437, -18.766350118127558, 0.0 ], [ -58.830250359487152, -18.766541577151411, 0.0 ], [ -58.830220557388124, -18.766648919765885, 0.0 ], [ -58.83023314457099, -18.766769100771242, 0.0 ], [ -58.830334735934606, -18.766879473731109, 0.0 ], [ -58.830521242680931, -18.766992833268169, 0.0 ], [ -58.830865425345806, -18.767129085763965, 0.0 ], [ -58.830941065219562, -18.767285577318198, 0.0 ], [ -58.830950076273908, -18.767460041246, 0.0 ], [ -58.830914546483839, -18.767585174661065, 0.0 ], [ -58.83083231127987, -18.767716203733553, 0.0 ], [ -58.830486540164102, -18.76789481300246, 0.0 ], [ -58.83029598505324, -18.768200929960038, 0.0 ], [ -58.830214768503964, -18.768261339691236, 0.0 ], [ -58.830047089207767, -18.768227403370698, 0.0 ], [ -58.829837698848642, -18.768091184107174, 0.0 ], [ -58.82970283926403, -18.767810546168487, 0.0 ], [ -58.829651726484308, -18.767757278841597, 0.0 ], [ -58.829501382346749, -18.767735437734185, 0.0 ], [ -58.82942319821413, -18.76776483515442, 0.0 ], [ -58.829381950993906, -18.767958638481854, 0.0 ], [ -58.829463209938304, -18.768768190850555, 0.0 ], [ -58.829363366961587, -18.76901930231671, 0.0 ], [ -58.829199093069093, -18.76919718570602, 0.0 ], [ -58.829008750237023, -18.769277711710686, 0.0 ], [ -58.82826503385165, -18.769149857134469, 0.0 ], [ -58.828012466295235, -18.769165558157148, 0.0 ], [ -58.827781326131415, -18.769222676921341, 0.0 ], [ -58.827566226091953, -18.769317091386508, 0.0 ], [ -58.82729197358681, -18.769494531990947, 0.0 ], [ -58.826809755541596, -18.770026374452886, 0.0 ], [ -58.826542435728179, -18.770147271173016, 0.0 ], [ -58.826171065735402, -18.770222516565877, 0.0 ], [ -58.8258782099401, -18.770234027657661, 0.0 ], [ -58.825642143262272, -18.770201608412609, 0.0 ], [ -58.825517129264881, -18.770140137375314, 0.0 ], [ -58.825181384691035, -18.769882951265846, 0.0 ], [ -58.824947747772129, -18.76979495693762, 0.0 ], [ -58.824737293145624, -18.769759168516803, 0.0 ], [ -58.824491217819606, -18.769795282166161, 0.0 ], [ -58.824369369612072, -18.769859396342824, 0.0 ], [ -58.82433705098633, -18.769942093085149, 0.0 ], [ -58.824336786611283, -18.770182190981529, 0.0 ], [ -58.824300681537025, -18.770247037812382, 0.0 ], [ -58.82418804370328, -18.770279513566486, 0.0 ], [ -58.824025107874583, -18.77027396064252, 0.0 ], [ -58.823868740502093, -18.770220949066061, 0.0 ], [ -58.823741289534389, -18.770137129834048, 0.0 ], [ -58.823577661712747, -18.769889884556072, 0.0 ], [ -58.823462173873537, -18.769795903662242, 0.0 ], [ -58.823301633707622, -18.769710495847484, 0.0 ], [ -58.823167844820063, -18.769697859273816, 0.0 ], [ -58.823025742735474, -18.769848377822658, 0.0 ], [ -58.822993681233612, -18.770034915552333, 0.0 ], [ -58.823019346395213, -18.770169854112691, 0.0 ], [ -58.823164624981665, -18.770474290016317, 0.0 ], [ -58.823167446406941, -18.770609383726622, 0.0 ], [ -58.823029600954854, -18.770821698301589, 0.0 ], [ -58.822914643153219, -18.770910690441461, 0.0 ], [ -58.82279283529143, -18.770956078612713, 0.0 ], [ -58.822716588882621, -18.770938586165826, 0.0 ], [ -58.822616983237658, -18.770865927949114, 0.0 ], [ -58.822321084871028, -18.770537488290046, 0.0 ], [ -58.821982552501069, -18.769925323760198, 0.0 ], [ -58.821812320272599, -18.769735729725095, 0.0 ], [ -58.82147254322323, -18.769525005125626, 0.0 ], [ -58.821247942932416, -18.769499201873405, 0.0 ], [ -58.821112030407043, -18.769528132356285, 0.0 ], [ -58.820996580376764, -18.769646167914946, 0.0 ], [ -58.820906348237962, -18.769869352063704, 0.0 ], [ -58.820926843919594, -18.770309967561214, 0.0 ], [ -58.82087277510243, -18.770538466392555, 0.0 ], [ -58.820790159182714, -18.770691153785457, 0.0 ], [ -58.82049021185766, -18.7708972017167, 0.0 ], [ -58.820049890734118, -18.770987671655718, 0.0 ], [ -58.8199161611509, -18.771050081418522, 0.0 ], [ -58.819696198758244, -18.771306920129962, 0.0 ], [ -58.819534231234222, -18.771612064305941, 0.0 ], [ -58.819461157499575, -18.771881765097973, 0.0 ], [ -58.819451864922456, -18.772172636883312, 0.0 ], [ -58.819686784489662, -18.772705209524201, 0.0 ], [ -58.819749014781657, -18.772988276447311, 0.0 ], [ -58.819737866713744, -18.773109133639448, 0.0 ], [ -58.819638390095896, -18.773170829466153, 0.0 ], [ -58.819455124924851, -18.773197865652548, 0.0 ], [ -58.819022892601367, -18.773073440414723, 0.0 ], [ -58.818817490594142, -18.773100368604993, 0.0 ], [ -58.818690368546257, -18.773153583608824, 0.0 ], [ -58.818618816853473, -18.773233466778461, 0.0 ], [ -58.818488139406362, -18.773494805108918, 0.0 ], [ -58.818200184938711, -18.773733596719559, 0.0 ], [ -58.818127602776542, -18.773833171404583, 0.0 ], [ -58.818118885139675, -18.773969346017704, 0.0 ], [ -58.818215416004463, -18.774349429539104, 0.0 ], [ -58.818213852099909, -18.774589521099831, 0.0 ], [ -58.818174518909224, -18.774686741290679, 0.0 ], [ -58.818077292520989, -18.774735402121493, 0.0 ], [ -58.817859251606656, -18.774763420007886, 0.0 ], [ -58.817402569813787, -18.774664833834368, 0.0 ], [ -58.817241970097598, -18.774705629512599, 0.0 ], [ -58.81714056334372, -18.774766010566893, 0.0 ], [ -58.817085538644307, -18.774899127425396, 0.0 ], [ -58.817092408540617, -18.775241542698904, 0.0 ], [ -58.817205636307769, -18.775723200508008, 0.0 ], [ -58.8171685138486, -18.775926243855626, 0.0 ], [ -58.817059803641392, -18.776053538404597, 0.0 ], [ -58.816873837943589, -18.776127571303476, 0.0 ], [ -58.816695387210906, -18.77611820893781, 0.0 ], [ -58.816515333107652, -18.775863438995078, 0.0 ], [ -58.816306936167067, -18.775780568928628, 0.0 ], [ -58.816110268409801, -18.775812664057412, 0.0 ], [ -58.815894424464922, -18.775946937121365, 0.0 ], [ -58.815814821621501, -18.776079919655185, 0.0 ], [ -58.815737024525305, -18.776377227830142, 0.0 ], [ -58.815748664017761, -18.776868890677505, 0.0 ], [ -58.815724686445549, -18.777060437208785, 0.0 ], [ -58.815595043106619, -18.777314959206102, 0.0 ], [ -58.815415093879302, -18.777474721515798, 0.0 ], [ -58.815267563077228, -18.777530882827715, 0.0 ], [ -58.815086139224931, -18.777536448224449, 0.0 ], [ -58.814953873761773, -18.777502654976079, 0.0 ], [ -58.814797465629866, -18.777414381094605, 0.0 ], [ -58.814603865122351, -18.777153649123445, 0.0 ], [ -58.814432524381971, -18.776749813151426, 0.0 ], [ -58.814162734276124, -18.776409354546079, 0.0 ], [ -58.813808808845167, -18.776082652394248, 0.0 ], [ -58.813361488006564, -18.775846703599484, 0.0 ], [ -58.812885525944395, -18.775761814787788, 0.0 ], [ -58.812201936990448, -18.77575017341232, 0.0 ], [ -58.811577996304003, -18.775490868537698, 0.0 ], [ -58.811083115529975, -18.775411410969518, 0.0 ], [ -58.81075839251681, -18.77541637014798, 0.0 ], [ -58.810408787579398, -18.775470529358799, 0.0 ], [ -58.809833654229848, -18.775675135962917, 0.0 ], [ -58.809400428655721, -18.775953334981182, 0.0 ], [ -58.809061940600607, -18.776276440062048, 0.0 ], [ -58.808778741380166, -18.776654422953047, 0.0 ], [ -58.808569518808234, -18.777096302177419, 0.0 ], [ -58.808531399717268, -18.777424134462876, 0.0 ], [ -58.808575335545953, -18.777820168586565, 0.0 ], [ -58.808639496590494, -18.778042083867476, 0.0 ], [ -58.80887586625736, -18.778585056080967, 0.0 ], [ -58.808923685355907, -18.779020823387981, 0.0 ], [ -58.808905115767317, -18.779222788408049, 0.0 ], [ -58.808853257245524, -18.779380002670823, 0.0 ], [ -58.808730068952435, -18.779572058270297, 0.0 ], [ -58.808560430026873, -18.779759356923837, 0.0 ], [ -58.808054692557583, -18.780095366279205, 0.0 ], [ -58.807820908922885, -18.780405326467907, 0.0 ], [ -58.807694436740469, -18.780508379268255, 0.0 ], [ -58.807317419404207, -18.7805997754595, 0.0 ], [ -58.806868769452386, -18.780535464985171, 0.0 ], [ -58.806719406115661, -18.780549051036555, 0.0 ], [ -58.806576748409533, -18.780632055951703, 0.0 ], [ -58.806230489465953, -18.780986727560226, 0.0 ], [ -58.806038715433147, -18.78107967617948, 0.0 ], [ -58.805823393987474, -18.781140416326473, 0.0 ], [ -58.805583712799134, -18.781141946059094, 0.0 ], [ -58.805353248056157, -18.781081119953459, 0.0 ], [ -58.804958863646476, -18.780739215835446, 0.0 ], [ -58.804548110864495, -18.780584955009584, 0.0 ], [ -58.804094180465, -18.780563383585239, 0.0 ], [ -58.803868203934783, -18.78060574359278, 0.0 ], [ -58.803667865346952, -18.780681393202308, 0.0 ], [ -58.803326461906401, -18.780931903024953, 0.0 ], [ -58.80316496605743, -18.781114609670251, 0.0 ], [ -58.803082779710749, -18.781268412500918, 0.0 ], [ -58.803064109282332, -18.781465084010364, 0.0 ], [ -58.803116430517932, -18.781749928585967, 0.0 ], [ -58.803306145765113, -18.782134264429853, 0.0 ], [ -58.803338668617783, -18.782344553455992, 0.0 ], [ -58.803318905720623, -18.782441012297546, 0.0 ], [ -58.80324109737959, -18.782545746218229, 0.0 ], [ -58.80307700505422, -18.782631353432887, 0.0 ], [ -58.802614779761576, -18.782667507065025, 0.0 ], [ -58.802413111958636, -18.78262930438768, 0.0 ], [ -58.802297932376426, -18.782577757327566, 0.0 ], [ -58.802200351581853, -18.782487464020225, 0.0 ], [ -58.8020504132136, -18.782262655519784, 0.0 ], [ -58.801866140168258, -18.781749896351343, 0.0 ], [ -58.801773641191119, -18.781616127070414, 0.0 ], [ -58.801501406433644, -18.781466706553704, 0.0 ], [ -58.801323964308793, -18.7814421856623, 0.0 ], [ -58.801190838461395, -18.781465451452384, 0.0 ], [ -58.801081301283809, -18.781636115213086, 0.0 ], [ -58.801078225088865, -18.781932744318585, 0.0 ], [ -58.801294352550222, -18.782633150262914, 0.0 ], [ -58.801333562791946, -18.782926175312497, 0.0 ], [ -58.80126286245283, -18.783316764859048, 0.0 ], [ -58.801161331971457, -18.783508387455967, 0.0 ], [ -58.800960794219016, -18.783669361377331, 0.0 ], [ -58.800661410722583, -18.783745494802776, 0.0 ], [ -58.800147079511653, -18.783747479376988, 0.0 ], [ -58.799270744177264, -18.783617679545713, 0.0 ], [ -58.798857230732871, -18.783667436380874, 0.0 ], [ -58.798575034795924, -18.783826402590488, 0.0 ], [ -58.798400158154649, -18.784014116823712, 0.0 ], [ -58.798274012617554, -18.78426744010585, 0.0 ], [ -58.798317881092046, -18.784840712990004, 0.0 ], [ -58.798211467468327, -18.785213881348554, 0.0 ], [ -58.79809180202988, -18.785346016116097, 0.0 ], [ -58.797951924618843, -18.785430648412902, 0.0 ], [ -58.797821453576006, -18.78544155609432, 0.0 ], [ -58.797541910145128, -18.785405553641802, 0.0 ], [ -58.797384865744206, -18.785429774969074, 0.0 ], [ -58.797179038845762, -18.785516589831253, 0.0 ], [ -58.796996701688805, -18.785683970422316, 0.0 ], [ -58.796860206023823, -18.785939003228624, 0.0 ], [ -58.796778516021313, -18.78624635842549, 0.0 ], [ -58.796805873582834, -18.786827049702719, 0.0 ], [ -58.796726442864212, -18.787195217855462, 0.0 ], [ -58.796544567233788, -18.78746870253072, 0.0 ], [ -58.796149645173678, -18.787786228493374, 0.0 ], [ -58.795810882726784, -18.787967567987096, 0.0 ], [ -58.795421947855068, -18.788095848614329, 0.0 ], [ -58.794963277509353, -18.788161081908513, 0.0 ], [ -58.794549505656825, -18.78815198005816, 0.0 ], [ -58.794313382734515, -18.788072645496907, 0.0 ], [ -58.794088532725631, -18.78792751635774, 0.0 ], [ -58.793939872076486, -18.787788374246087, 0.0 ], [ -58.79368599810747, -18.787386471658017, 0.0 ], [ -58.79346442928059, -18.787224488359616, 0.0 ], [ -58.793325527823775, -18.7871867100665, 0.0 ], [ -58.793191591837783, -18.787245402443759, 0.0 ], [ -58.793018151961732, -18.78741840976306, 0.0 ], [ -58.792891173872619, -18.787882904944251, 0.0 ], [ -58.792769989669857, -18.788030864414022, 0.0 ], [ -58.79260197875228, -18.78816680239359, 0.0 ], [ -58.792427545791057, -18.788251053833811, 0.0 ], [ -58.792155862391134, -18.788320743206235, 0.0 ], [ -58.791411284482244, -18.788407542814834, 0.0 ], [ -58.79111586079523, -18.788342637198873, 0.0 ], [ -58.790951326500895, -18.788240167152843, 0.0 ], [ -58.790931518343022, -18.788152099437966, 0.0 ], [ -58.790967723286911, -18.78784452465743, 0.0 ], [ -58.790893309434587, -18.787623326703642, 0.0 ], [ -58.790784758706451, -18.787480168483945, 0.0 ], [ -58.790652135250546, -18.787404672353563, 0.0 ], [ -58.790493545276099, -18.787363089951416, 0.0 ], [ -58.79021538152849, -18.78739139796334, 0.0 ], [ -58.790128924812777, -18.787446217828748, 0.0 ], [ -58.790030561983983, -18.787589937720764, 0.0 ], [ -58.789889041858011, -18.787905789209482, 0.0 ], [ -58.789778868652377, -18.788268613857415, 0.0 ], [ -58.789703056350639, -18.788700851835465, 0.0 ], [ -58.789630860302502, -18.789476044150515, 0.0 ], [ -58.789528392703801, -18.789944929608637, 0.0 ], [ -58.789322054236777, -18.790423337074902, 0.0 ], [ -58.789155404599988, -18.790639703771451, 0.0 ], [ -58.789010453768363, -18.790765146899751, 0.0 ], [ -58.788697998221792, -18.790903528778106, 0.0 ], [ -58.7883119803328, -18.790950754660301, 0.0 ], [ -58.788077133247342, -18.7909205920928, 0.0 ], [ -58.787575525683934, -18.790751843451634, 0.0 ], [ -58.78735120072345, -18.790708505611605, 0.0 ], [ -58.786981240681556, -18.790700212630817, 0.0 ], [ -58.786650236067494, -18.790779819779942, 0.0 ], [ -58.78651275751966, -18.790909819652867, 0.0 ], [ -58.786368683761253, -18.791189723927381, 0.0 ], [ -58.786279034325439, -18.791719959145684, 0.0 ], [ -58.786163295998847, -18.791902295889148, 0.0 ], [ -58.78600126571758, -18.792075496522159, 0.0 ], [ -58.785566248722141, -18.792338174333036, 0.0 ], [ -58.784804368497447, -18.792578613622535, 0.0 ], [ -58.784334999530991, -18.792818247473662, 0.0 ], [ -58.783816696691709, -18.793252623405593, 0.0 ], [ -58.783269336237524, -18.793591059126918, 0.0 ], [ -58.783059886038288, -18.793754614338599, 0.0 ], [ -58.782756446694279, -18.794083815923113, 0.0 ], [ -58.78249404611168, -18.794528223451348, 0.0 ], [ -58.782308514117226, -18.794702208230159, 0.0 ], [ -58.78213049997332, -18.794807430125086, 0.0 ], [ -58.781848274801249, -18.79487235493264, 0.0 ], [ -58.78148395740218, -18.794868420262109, 0.0 ], [ -58.781145846743954, -18.794793306410003, 0.0 ], [ -58.780760640105264, -18.794615857911932, 0.0 ], [ -58.780301853977839, -18.794661975258887, 0.0 ], [ -58.779940803325836, -18.794548569386798, 0.0 ], [ -58.779796294071367, -18.794582881355872, 0.0 ], [ -58.779640578383699, -18.79467745612169, 0.0 ], [ -58.779539864834831, -18.794821982444898, 0.0 ], [ -58.779416602930283, -18.795118996888103, 0.0 ], [ -58.779280315763238, -18.795616149628405, 0.0 ], [ -58.778943549286758, -18.796046054490198, 0.0 ], [ -58.778774174408113, -18.796379263139166, 0.0 ], [ -58.778762325404607, -18.796745543929944, 0.0 ], [ -58.77894027539115, -18.797201623771922, 0.0 ], [ -58.779002493909246, -18.79759353672889, 0.0 ], [ -58.778913094895856, -18.797838108213799, 0.0 ], [ -58.778637152264565, -18.798075073107896, 0.0 ], [ -58.778476706293567, -18.798366993537552, 0.0 ], [ -58.778400186756286, -18.798677088592164, 0.0 ], [ -58.778424348051608, -18.799107990506727, 0.0 ], [ -58.778387402318138, -18.799252289957895, 0.0 ], [ -58.778309744815793, -18.799392271657116, 0.0 ], [ -58.778043611165721, -18.799606849253607, 0.0 ], [ -58.777680106449175, -18.799792911787073, 0.0 ], [ -58.776807717070149, -18.800082200625578, 0.0 ], [ -58.776636481263481, -18.800196685861074, 0.0 ], [ -58.776159258907022, -18.800630360468976, 0.0 ], [ -58.775622787161254, -18.800875625352109, 0.0 ], [ -58.773971672320314, -18.802540637044743, 0.0 ], [ -58.773042356686666, -18.803313951616328, 0.0 ], [ -58.778856728982838, -18.816731469942916, 0.0 ], [ -58.881824608610522, -18.986209265580953, 0.0 ], [ -58.890376563602189, -19.000503100725719, 0.0 ], [ -59.190693142548213, -18.999765630117292, 0.0 ], [ -59.499644948345114, -19.002283448459579, 0.0 ], [ -59.500037886674036, -19.291550017506452, 0.0 ], [ -59.977777775443464, -19.294686111109346, 0.0 ], [ -60.120132546034412, -19.331697796215533, 0.0 ], [ -60.12013026100216, -19.331622971650635, 0.0 ], [ -60.120097645121831, -19.326990469286788, 0.0 ], [ -60.119976521388132, -19.324580139282222, 0.0 ], [ -60.118315020310241, -19.322528704176449, 0.0 ], [ -60.116653636854764, -19.320477278580309, 0.0 ], [ -60.118405260432525, -19.318084104215696, 0.0 ], [ -60.119322110497613, -19.314867257108482, 0.0 ], [ -60.118520140677425, -19.31242738159311, 0.0 ], [ -60.118995000224416, -19.310010844774919, 0.0 ], [ -60.119052383375085, -19.307182442506878, 0.0 ], [ -60.121196706763662, -19.306413220627231, 0.0 ], [ -60.123365552184787, -19.304431843167148, 0.0 ], [ -60.125108843686483, -19.302442654446931, 0.0 ], [ -60.126009151587049, -19.300033878319788, 0.0 ], [ -60.127752263029777, -19.298044651784185, 0.0 ], [ -60.129937390406766, -19.2952551066154, 0.0 ], [ -60.129552689689937, -19.293226954035376, 0.0 ], [ -60.127449555103688, -19.291975921852821, 0.0 ], [ -60.125428256677978, -19.286684202909708, 0.0 ], [ -60.125469150043493, -19.284663915096001, 0.0 ], [ -60.125935685665333, -19.282651326649933, 0.0 ], [ -60.12555102204621, -19.280623246989169, 0.0 ], [ -60.124732759485234, -19.278991391088073, 0.0 ], [ -60.126025720477692, -19.278206586882071, 0.0 ], [ -60.126099372394236, -19.274569983131119, 0.0 ], [ -60.124446487274689, -19.272114415897452, 0.0 ], [ -60.126263182135844, -19.266488560277065, 0.0 ], [ -60.124201162308104, -19.263217076089916, 0.0 ], [ -60.1221066155804, -19.261561854113793, 0.0 ], [ -60.119169193424923, -19.259486967252606, 0.0 ], [ -60.116314015120416, -19.253371231839129, 0.0 ], [ -60.117246982072885, -19.249346092419813, 0.0 ], [ -60.118130679105178, -19.247745363908919, 0.0 ], [ -60.118171683784723, -19.245724915739242, 0.0 ], [ -60.118638107799747, -19.243712335438151, 0.0 ], [ -60.121657198697839, -19.241746434572541, 0.0 ], [ -60.121698129031472, -19.239725959863449, 0.0 ], [ -60.121739169637742, -19.237705597375033, 0.0 ], [ -60.123048174224024, -19.236112613574523, 0.0 ], [ -60.121412113622895, -19.232848725217167, 0.0 ], [ -60.124480018954635, -19.228458286190655, 0.0 ], [ -60.125797173025887, -19.226461198621561, 0.0 ], [ -60.12880775411481, -19.2248992161065, 0.0 ], [ -60.132660816065432, -19.223756834187828, 0.0 ], [ -60.13524591740515, -19.222187068119407, 0.0 ], [ -60.138665365240193, -19.221440891235737, 0.0 ], [ -60.148308786243142, -19.207467864209999, 0.0 ], [ -60.151736082094622, -19.206317388979834, 0.0 ], [ -60.153871013266119, -19.20595187539859, 0.0 ], [ -60.155179540321569, -19.204358678116439, 0.0 ], [ -60.157314443643905, -19.20399312004642, 0.0 ], [ -60.160283778821061, -19.204451240064657, 0.0 ], [ -60.161584231256299, -19.203261980944934, 0.0 ], [ -60.164970857506567, -19.204131810058101, 0.0 ], [ -60.167522943662796, -19.204177962054359, 0.0 ], [ -60.169682109771614, -19.202600049297452, 0.0 ], [ -60.17184927543974, -19.200618016533557, 0.0 ], [ -60.174875217896073, -19.19824714353792, 0.0 ], [ -60.175798637276174, -19.194625556740501, 0.0 ], [ -60.176288532748913, -19.191400424061282, 0.0 ], [ -60.178905078521403, -19.188213609511799, 0.0 ], [ -60.181513490608168, -19.185430855071559, 0.0 ], [ -60.18281364058187, -19.184241515218542, 0.0 ], [ -60.184547105070308, -19.182655765332239, 0.0 ], [ -60.185060995794132, -19.178218169372542, 0.0 ], [ -60.188078408758287, -19.176251278477721, 0.0 ], [ -60.191905972389378, -19.176320030732576, 0.0 ], [ -60.194457784789002, -19.176365939928679, 0.0 ], [ -60.194923282006741, -19.174353011974301, 0.0 ], [ -60.196656529490056, -19.172767118047808, 0.0 ], [ -60.198333609039004, -19.174009932107666, 0.0 ], [ -60.202153197177736, -19.174482749872844, 0.0 ], [ -60.206863449792763, -19.172950063030573, 0.0 ], [ -60.208580568857464, -19.172172262648875, 0.0 ], [ -60.20906992307809, -19.168946949038041, 0.0 ], [ -60.208724701615786, -19.164898215592547, 0.0 ], [ -60.211292350755933, -19.164135642965622, 0.0 ], [ -60.213851941409715, -19.163777153586487, 0.0 ], [ -60.216435526712317, -19.162206274461695, 0.0 ], [ -60.217759222988526, -19.15980429310666, 0.0 ], [ -60.216980608177565, -19.156152044288941, 0.0 ], [ -60.218304332457052, -19.153750125928973, 0.0 ], [ -60.222163397982335, -19.152201918500559, 0.0 ], [ -60.222620542146927, -19.150593065733407, 0.0 ], [ -60.224369373674612, -19.148198607780262, 0.0 ], [ -60.225259699910346, -19.146193225653928, 0.0 ], [ -60.226984559059595, -19.145011078881058, 0.0 ], [ -60.229126607487586, -19.144240713120674, 0.0 ], [ -60.230859312969415, -19.142654485558978, 0.0 ], [ -60.23551285669857, -19.143950031868087, 0.0 ], [ -60.236387190096622, -19.142752820538092, 0.0 ], [ -60.237702565442561, -19.140754842176811, 0.0 ], [ -60.23856889629262, -19.13996163701669, 0.0 ], [ -60.238608607259515, -19.137941030274021, 0.0 ], [ -60.239916044078285, -19.136347142523476, 0.0 ], [ -60.241199587914529, -19.135965697141376, 0.0 ], [ -60.242498947958815, -19.134775917985259, 0.0 ], [ -60.243381133742915, -19.133174525986902, 0.0 ], [ -60.245097786205797, -19.132396401242818, 0.0 ], [ -60.246846170476154, -19.130001753696071, 0.0 ], [ -60.245169145580078, -19.128759204633283, 0.0 ], [ -60.245626094823898, -19.127150256571827, 0.0 ], [ -60.247720264175442, -19.12880446615878, 0.0 ], [ -60.249429012569777, -19.128430393078943, 0.0 ], [ -60.250752020005933, -19.126028258442251, 0.0 ], [ -60.25128010389885, -19.120782069424667, 0.0 ], [ -60.251311791547238, -19.119165464165452, 0.0 ], [ -60.251800300696047, -19.115939992714232, 0.0 ], [ -60.253981453410177, -19.113148636223123, 0.0 ], [ -60.254446158537235, -19.111135434764027, 0.0 ], [ -60.253643342199489, -19.108695635572037, 0.0 ], [ -60.25410803138638, -19.106682433064272, 0.0 ], [ -60.255824452183319, -19.105904240966012, 0.0 ], [ -60.257139336937492, -19.103906051706307, 0.0 ], [ -60.258879415852476, -19.101915440293144, 0.0 ], [ -60.257321108837843, -19.0946108230367, 0.0 ], [ -60.258635985608819, -19.092612609248377, 0.0 ], [ -60.257408057237932, -19.090165220217617, 0.0 ], [ -60.256203882512594, -19.086505368535843, 0.0 ], [ -60.254149587187172, -19.082830493706201, 0.0 ], [ -60.255472272932153, -19.080428152660613, 0.0 ], [ -60.257204183808049, -19.078841665557313, 0.0 ], [ -60.257235846787111, -19.077225046028179, 0.0 ], [ -60.256866028481504, -19.074388470690817, 0.0 ], [ -60.259463817763653, -19.072008670090639, 0.0 ], [ -60.258235987921118, -19.069561225273326, 0.0 ], [ -60.257417575261847, -19.067929625678484, 0.0 ], [ -60.257456998270186, -19.065908878808987, 0.0 ], [ -60.259228313125611, -19.062301509280644, 0.0 ], [ -60.26052710586363, -19.061111582993806, 0.0 ], [ -60.261416700096511, -19.059105826219181, 0.0 ], [ -60.262754869914112, -19.055895047996536, 0.0 ], [ -60.262810137469089, -19.053065929326902, 0.0 ], [ -60.263691695381461, -19.051464368645217, 0.0 ], [ -60.264565364190105, -19.050266835480539, 0.0 ], [ -60.265439115514802, -19.049069390347395, 0.0 ], [ -60.268878560459591, -19.047108479875568, 0.0 ], [ -60.270610068014989, -19.045521785367121, 0.0 ], [ -60.270649482614402, -19.043501032066732, 0.0 ], [ -60.26854807177736, -19.042251136334258, 0.0 ], [ -60.265628260964938, -19.03936954882672, 0.0 ], [ -60.265234831505552, -19.037745375254026, 0.0 ], [ -60.263605836993229, -19.034077916072228, 0.0 ], [ -60.266604304817818, -19.032917893158892, 0.0 ], [ -60.269602853180544, -19.031757817864364, 0.0 ], [ -60.271342102238108, -19.029766890908565, 0.0 ], [ -60.270964283224728, -19.027334426893599, 0.0 ], [ -60.273970526061753, -19.025770132632289, 0.0 ], [ -60.275701839062897, -19.024183373328903, 0.0 ], [ -60.275748987634714, -19.021758363922718, 0.0 ], [ -60.271530943644144, -19.020066890550027, 0.0 ], [ -60.269461327647576, -19.017200318114305, 0.0 ], [ -60.269925599449486, -19.015186912455157, 0.0 ], [ -60.27002011538417, -19.01033682097362, 0.0 ], [ -60.270051529818531, -19.008720189695161, 0.0 ], [ -60.268855530114415, -19.004655935174284, 0.0 ], [ -60.269768316180624, -19.001437558721516, 0.0 ], [ -60.270216853674327, -19.00023249749988, 0.0 ], [ -60.270712568336684, -18.996602354860396, 0.0 ], [ -60.269894268918293, -18.99497064358545, 0.0 ], [ -60.268194757973632, -18.994940754035369, 0.0 ], [ -60.266046630074811, -18.996115806554464, 0.0 ], [ -60.263906386079853, -18.996886702364961, 0.0 ], [ -60.261789782471212, -18.99644496632952, 0.0 ], [ -60.260113838462082, -18.995202433102968, 0.0 ], [ -60.259744156789687, -18.992365657451636, 0.0 ], [ -60.260641314408971, -18.989955610365264, 0.0 ], [ -60.260680746299492, -18.987934677030168, 0.0 ], [ -60.258603717143714, -18.985472081101438, 0.0 ], [ -60.258666923862087, -18.982238659504365, 0.0 ], [ -60.259571861334386, -18.97942437128432, 0.0 ], [ -60.259218077996813, -18.975779176063195, 0.0 ], [ -60.260996352749686, -18.971767399670156, 0.0 ], [ -60.262743011689047, -18.969372239487232, 0.0 ], [ -60.264505454433895, -18.966168797812571, 0.0 ], [ -60.262853469640639, -18.963713620190934, 0.0 ], [ -60.2624759899197, -18.961280994101248, 0.0 ], [ -60.263789810432229, -18.959282582848225, 0.0 ], [ -60.265481192985092, -18.95971678440787, 0.0 ], [ -60.267148953148691, -18.961363474730717, 0.0 ], [ -60.269304518491623, -18.959784217863337, 0.0 ], [ -60.268942677296188, -18.956543126771589, 0.0 ], [ -60.267267128768893, -18.955300587659806, 0.0 ], [ -60.266881676653199, -18.953272204391013, 0.0 ], [ -60.266087222644849, -18.950427812731579, 0.0 ], [ -60.265725438177341, -18.947186815247406, 0.0 ], [ -60.266244748901677, -18.942343972209507, 0.0 ], [ -60.267582074028056, -18.939132816742852, 0.0 ], [ -60.268510363413931, -18.935105846861568, 0.0 ], [ -60.267708026453207, -18.932665614809686, 0.0 ], [ -60.26905321217815, -18.929050301705793, 0.0 ], [ -60.268266692308799, -18.925801698248566, 0.0 ], [ -60.268777965893356, -18.921362954391196, 0.0 ], [ -60.269234222628782, -18.91975365534088, 0.0 ], [ -60.271601626018033, -18.907260681006871, 0.0 ], [ -60.271672399922082, -18.903622786553949, 0.0 ], [ -60.270901636323835, -18.899565741565461, 0.0 ], [ -60.271404984979398, -18.895531098032368, 0.0 ], [ -60.27190829590068, -18.89149646703083, 0.0 ], [ -60.272427329643548, -18.886653356285617, 0.0 ], [ -60.274636995709422, -18.882244449280133, 0.0 ], [ -60.276398375599285, -18.879040543756297, 0.0 ], [ -60.279465041073848, -18.874242276088975, 0.0 ], [ -60.281241934455529, -18.870229911355597, 0.0 ], [ -60.283466974044217, -18.865012374137997, 0.0 ], [ -60.284378829568134, -18.861793500524563, 0.0 ], [ -60.286155536934423, -18.857781054243912, 0.0 ], [ -60.287947885231588, -18.852960184936428, 0.0 ], [ -60.290156782039553, -18.848550882655868, 0.0 ], [ -60.293238232626706, -18.842943784438379, 0.0 ], [ -60.294142027059273, -18.840129056501393, 0.0 ], [ -60.295493841237636, -18.836109031141302, 0.0 ], [ -60.298119117450028, -18.832111328512539, 0.0 ], [ -60.301192244720475, -18.826908260309846, 0.0 ], [ -60.302119230720535, -18.822880741361736, 0.0 ], [ -60.305593247509663, -18.818897705631361, 0.0 ], [ -60.30776250370365, -18.816509394614855, 0.0 ], [ -60.30908270213375, -18.814106189783789, 0.0 ], [ -60.311691851464417, -18.81091671300204, 0.0 ], [ -60.313428666834213, -18.808925085368497, 0.0 ], [ -60.315180954152552, -18.806124944620304, 0.0 ], [ -60.317789951667287, -18.802935444101383, 0.0 ], [ -60.32037556405843, -18.800958543807194, 0.0 ], [ -60.323408843773642, -18.797776220600863, 0.0 ], [ -60.328579723563067, -18.793822293324936, 0.0 ], [ -60.331620528245672, -18.790235622678733, 0.0 ], [ -60.332500315164431, -18.788633357153429, 0.0 ], [ -60.333403338016552, -18.785818310289503, 0.0 ], [ -60.33683738864093, -18.783855965389868, 0.0 ], [ -60.339900931551362, -18.779056329026332, 0.0 ], [ -60.341220531423694, -18.776652890084261, 0.0 ], [ -60.34380546899213, -18.774675668516778, 0.0 ], [ -60.348126536993064, -18.770706459452764, 0.0 ], [ -60.350302400074199, -18.767913327140494, 0.0 ], [ -60.351243488735641, -18.76307691672292, 0.0 ], [ -60.353419268128377, -18.760283710219213, 0.0 ], [ -60.353966549076951, -18.753822846645836, 0.0 ], [ -60.35574076936777, -18.749809449575075, 0.0 ], [ -60.358780410192765, -18.746222341229441, 0.0 ], [ -60.361781497004259, -18.744656409030313, 0.0 ], [ -60.364411793804031, -18.740253295700331, 0.0 ], [ -60.367003769580606, -18.737871474508527, 0.0 ], [ -60.367496999113136, -18.734240367742302, 0.0 ], [ -60.367565907983952, -18.730601937827615, 0.0 ], [ -60.369725700523915, -18.728617000949793, 0.0 ], [ -60.3681202786291, -18.723736654610352, 0.0 ], [ -60.368158510391261, -18.721715303198053, 0.0 ], [ -60.369538579260698, -18.716077283348632, 0.0 ], [ -60.370432985048318, -18.713666276924176, 0.0 ], [ -60.380542181011094, -18.695236798409784, 0.0 ], [ -60.38148976860402, -18.689995669384682, 0.0 ], [ -60.38207403999575, -18.681512962041378, 0.0 ], [ -60.383445723363351, -18.676279089822437, 0.0 ], [ -60.384763926950768, -18.673875129864655, 0.0 ], [ -60.385703758887487, -18.669038141426224, 0.0 ], [ -60.386234498756487, -18.663385314338328, 0.0 ], [ -60.386749938119941, -18.658541139426024, 0.0 ], [ -60.38982551344705, -18.652931710026703, 0.0 ], [ -60.392014638743767, -18.649329336481905, 0.0 ], [ -60.393408596641152, -18.642882271618536, 0.0 ], [ -60.39437074892583, -18.636832321678543, 0.0 ], [ -60.395340404765321, -18.630377983560059, 0.0 ], [ -60.396287288736474, -18.625136486232218, 0.0 ], [ -60.397241683700841, -18.619490694335408, 0.0 ], [ -60.399028996407424, -18.614667968790386, 0.0 ], [ -60.399112356845571, -18.610220655211361, 0.0 ], [ -60.398302239354578, -18.608184605379847, 0.0 ], [ -60.399264057024034, -18.602134401532204, 0.0 ], [ -60.396788166405962, -18.598452255821329, 0.0 ], [ -60.397288017046584, -18.594416361622965, 0.0 ], [ -60.399574929429455, -18.585557570420846, 0.0 ], [ -60.402232440711352, -18.579536225296348, 0.0 ], [ -60.404428102372897, -18.57552914473785, 0.0 ], [ -60.405382029027315, -18.569883129699434, 0.0 ], [ -60.405457690270012, -18.565839966866896, 0.0 ], [ -60.40725183725511, -18.560612574637627, 0.0 ], [ -60.409023195942119, -18.556598212428316, 0.0 ], [ -60.410817102663557, -18.551370848965686, 0.0 ], [ -60.424412617635589, -18.549983676567269, 0.0 ], [ -60.433768813707253, -18.548524153986126, 0.0 ], [ -60.448211814568317, -18.54714979103408, 0.0 ], [ -60.471995466984822, -18.545121896459186, 0.0 ], [ -60.483894440576393, -18.543702614603824, 0.0 ], [ -60.497912852874428, -18.542317803163733, 0.0 ], [ -60.507677303808684, -18.541670640945043, 0.0 ], [ -60.511930976540739, -18.540932086470082, 0.0 ], [ -60.521695290406178, -18.540284292474659, 0.0 ], [ -60.538687753124584, -18.538541351812757, 0.0 ], [ -60.547611333596542, -18.537474064626434, 0.0 ], [ -60.553129140900261, -18.53715983049727, 0.0 ], [ -60.558230413582322, -18.536434157340146, 0.0 ], [ -60.566298739727841, -18.535756629354005, 0.0 ], [ -60.578620453339099, -18.534338822551526, 0.0 ], [ -60.582011532167478, -18.53439383243186, 0.0 ], [ -60.589663065542737, -18.533304161146749, 0.0 ], [ -60.593909036769126, -18.53296831267479, 0.0 ], [ -60.601553352752667, -18.532282583384173, 0.0 ], [ -60.611324077584328, -18.531226307433769, 0.0 ], [ -60.618537127840206, -18.530937512087998, 0.0 ], [ -60.620232635035151, -18.53096467145021, 0.0 ], [ -60.628300589256575, -18.530284783363317, 0.0 ], [ -60.636361448409303, -18.530008920039183, 0.0 ], [ -60.649522900430945, -18.529004863632004, 0.0 ], [ -60.662253316886051, -18.528397641816468, 0.0 ], [ -60.670737821715086, -18.528127163625019, 0.0 ], [ -60.682627397766566, -18.527101005531485, 0.0 ], [ -60.692397365016198, -18.526040992203139, 0.0 ], [ -60.692897823050082, -18.521599798990483, 0.0 ], [ -60.692536654919792, -18.517954118259436, 0.0 ], [ -60.69474634837907, -18.512730804170435, 0.0 ], [ -60.695649731205663, -18.50950925362946, 0.0 ], [ -60.698290065557423, -18.503888175756298, 0.0 ], [ -60.700881616053685, -18.501097559388288, 0.0 ], [ -60.703063149863567, -18.497491439871677, 0.0 ], [ -60.708225057088455, -18.493122947663181, 0.0 ], [ -60.710371776739699, -18.491538640339911, 0.0 ], [ -60.723606066766976, -18.486082029817059, 0.0 ], [ -60.727003206615912, -18.48573029832745, 0.0 ], [ -60.731247996318139, -18.485391570123337, 0.0 ], [ -60.736347162389983, -18.484661637127157, 0.0 ], [ -60.740598647690611, -18.483918376065642, 0.0 ], [ -60.743161918092454, -18.482744560372115, 0.0 ], [ -60.744050588111669, -18.480331531162996, 0.0 ], [ -60.745779942525587, -18.478335882877644, 0.0 ], [ -60.748787392701963, -18.475955451842335, 0.0 ], [ -60.750940444113965, -18.473966224863183, 0.0 ], [ -60.753086586612056, -18.472381454470458, 0.0 ], [ -60.756927677285901, -18.470822598635081, 0.0 ], [ -60.760782323645358, -18.468455048173691, 0.0 ], [ -60.76292829475139, -18.466870148135278, 0.0 ], [ -60.76592857308362, -18.464893794560581, 0.0 ], [ -60.767637194240223, -18.46411102397532, 0.0 ], [ -60.770200011896939, -18.46293686270187, 0.0 ], [ -60.773596691684496, -18.462584327434357, 0.0 ], [ -60.776562866079168, -18.462629735840988, 0.0 ], [ -60.779952728395898, -18.462681486551851, 0.0 ], [ -60.784230709321115, -18.460319903356378, 0.0 ], [ -60.78677307487429, -18.460358638703404, 0.0 ], [ -60.791023879891164, -18.459614341457709, 0.0 ], [ -60.794023730134292, -18.457637678672192, 0.0 ], [ -60.797447281263594, -18.455667235638835, 0.0 ], [ -60.798738599168964, -18.454473456951078, 0.0 ], [ -60.801731541844724, -18.452900968813875, 0.0 ], [ -60.803917389170891, -18.448889435828622, 0.0 ], [ -60.806526810985936, -18.444884190573926, 0.0 ], [ -60.807871802972628, -18.440455378285026, 0.0 ], [ -60.810010387923818, -18.43927427097077, 0.0 ], [ -60.811752153662049, -18.436469324175413, 0.0 ], [ -60.813904013849978, -18.434479430245474, 0.0 ], [ -60.817320191598427, -18.432913151072416, 0.0 ], [ -60.820319386167334, -18.430935988052362, 0.0 ], [ -60.8229015081616, -18.428548033109617, 0.0 ], [ -60.824616148616762, -18.42736043032361, 0.0 ], [ -60.827198255482138, -18.424972423947757, 0.0 ], [ -60.828919517658463, -18.423380357575756, 0.0 ], [ -60.8327923273512, -18.419798287200049, 0.0 ], [ -60.833659641291511, -18.418597843842296, 0.0 ], [ -60.837068764394694, -18.417435502336318, 0.0 ], [ -60.838346298139058, -18.417050233278534, 0.0 ], [ -60.840517699104893, -18.41384688129715, 0.0 ], [ -60.841828456363196, -18.411439643629684, 0.0 ], [ -60.842311870328636, -18.407806619553071, 0.0 ], [ -60.842358310350505, -18.404975904577842, 0.0 ], [ -60.844959751755063, -18.401374470842519, 0.0 ], [ -60.84626369912985, -18.399371625424848, 0.0 ], [ -60.848428170416483, -18.396572564682984, 0.0 ], [ -60.850592453124392, -18.393773469999793, 0.0 ], [ -60.851035971855723, -18.392566686318848, 0.0 ], [ -60.912082394650277, -18.264195907834374, 0.0 ], [ -59.697136209576861, -18.44684874533657, 0.0 ] ] ] ] } },
{ "type": "Feature", "properties": { "fid": 563612, "Nombre": "RP Palo Santo", "actividades": "Gestión Integral de la reserva trabajando en Conservación Productiva con Enfoque Regenerativo/\nImplementamos un modelo innovador que integra:|     1.   Protección activa de la biodiversidad mediante monitoreo, investigación y manejo sostenible de h", "descripcion": "s/descripcion", "categoria": "Área Protegida", "hectareas": 952.33897009870407 }, "geometry": { "type": "MultiPolygon", "coordinates": [ [ [ [ -62.896458426100992, -21.871617189319203, 0.0 ], [ -62.885906915311004, -21.87343031459222, 0.0 ], [ -62.870684732793336, -21.867467120618052, 0.0 ], [ -62.870627425356489, -21.867801383530669, 0.0 ], [ -62.87058740852688, -21.868254530655022, 0.0 ], [ -62.870844352903966, -21.868828133636349, 0.0 ], [ -62.873674902148224, -21.876048813541921, 0.0 ], [ -62.908945784083805, -21.887258939003534, 0.0 ], [ -62.908978378212439, -21.882387224185813, 0.0 ], [ -62.921564806318415, -21.882487749868712, 0.0 ], [ -62.920659516277802, -21.876756718451169, 0.0 ], [ -62.923672431879922, -21.876139662646661, 0.0 ], [ -62.922555590813175, -21.864049501686917, 0.0 ], [ -62.90890138413873, -21.864053022254705, 0.0 ], [ -62.908003138453651, -21.85995090914874, 0.0 ], [ -62.896355494234619, -21.8600610058695, 0.0 ], [ -62.891529389810799, -21.864538316167909, 0.0 ], [ -62.896458426100992, -21.871617189319203, 0.0 ] ] ], [ [ [ -62.873235678856737, -21.875909151515611, 0.0 ], [ -62.870321832065791, -21.868325223664218, 0.0 ], [ -62.87079845838435, -21.864494226646148, 0.0 ], [ -62.863420566661013, -21.875738167651487, 0.0 ], [ -62.872724945980423, -21.87574675648311, 0.0 ], [ -62.873235678856737, -21.875909151515611, 0.0 ] ] ] ] } },
{ "type": "Feature", "properties": { "fid": 563613, "Nombre": "ANMI San Matías", "actividades": "Contribución a la gestión del área.|Control y vigilancia.|Manejo Integral del Fuego.|Fortalecimiento de capacidades.", "descripcion": "s/descripcion", "categoria": "Área Protegida", "hectareas": 2930867.1404695851 }, "geometry": { "type": "MultiPolygon", "coordinates": [ [ [ [ -59.014612028512758, -18.20953576504111, 0.0 ], [ -59.081227886887923, -18.136985056685468, 0.0 ], [ -59.554519666892297, -17.618790256350472, 0.0 ], [ -59.617513592510079, -17.502341460591744, 0.0 ], [ -59.618143486416876, -17.027976587429972, 0.0 ], [ -59.68268517007558, -16.756078872729788, 0.0 ], [ -59.389605588776035, -16.623920640010994, 0.0 ], [ -58.609196777192743, -16.904027340524813, 0.0 ], [ -58.537109259047085, -16.910254687517661, 0.0 ], [ -58.477453832130891, -16.914888821821094, 0.0 ], [ -58.476561581453844, -16.93794543173864, 0.0 ], [ -58.458291990608515, -16.939986934666923, 0.0 ], [ -58.463178408174649, -16.963925924293402, 0.0 ], [ -58.447137457735515, -16.969378252521079, 0.0 ], [ -58.444729011050427, -16.985976063261006, 0.0 ], [ -58.423205050927109, -16.989139514357031, 0.0 ], [ -58.435535449909047, -17.007971558132926, 0.0 ], [ -58.435742205154462, -17.02835493566257, 0.0 ], [ -58.416230635694639, -17.036155886647585, 0.0 ], [ -58.433704317914867, -17.037573428764667, 0.0 ], [ -58.422651062172022, -17.051974721550806, 0.0 ], [ -58.431555775077406, -17.065734135221433, 0.0 ], [ -58.400209012052805, -17.084042754539279, 0.0 ], [ -58.397280586357965, -17.18690637829873, 0.0 ], [ -58.357612475158554, -17.209768246763318, 0.0 ], [ -58.319823729471146, -17.254517140086179, 0.0 ], [ -58.321436851060014, -17.262618460710648, 0.0 ], [ -58.30463934547204, -17.270600119426316, 0.0 ], [ -58.29211288875937, -17.28963637170618, 0.0 ], [ -58.29762792486045, -17.300565285104547, 0.0 ], [ -58.278632059546048, -17.299694878059555, 0.0 ], [ -58.279361053737894, -17.318140595725112, 0.0 ], [ -58.264952298445721, -17.329454763361859, 0.0 ], [ -58.264256247488397, -17.344004147835818, 0.0 ], [ -58.249923115345595, -17.354255129667497, 0.0 ], [ -58.227865625040948, -17.348540987493848, 0.0 ], [ -58.222079300942298, -17.360385953829272, 0.0 ], [ -58.203020310744229, -17.35417770017893, 0.0 ], [ -58.19525148457101, -17.391413087605329, 0.0 ], [ -58.156003861498924, -17.386897430116321, 0.0 ], [ -58.150954131492085, -17.41046020892853, 0.0 ], [ -58.121856304585357, -17.417007866475299, 0.0 ], [ -58.117015874106478, -17.451554396223546, 0.0 ], [ -58.092333884074463, -17.462763937932721, 0.0 ], [ -58.071132353956358, -17.451951854741804, 0.0 ], [ -58.058173156174185, -17.457171662512252, 0.0 ], [ -58.042277003840695, -17.492049780465905, 0.0 ], [ -58.011311986171648, -17.500342117322617, 0.0 ], [ -57.995297375674355, -17.516139586795859, 0.0 ], [ -57.971014793707013, -17.50707176476179, 0.0 ], [ -57.969996046795011, -17.515786881486573, 0.0 ], [ -57.887531604291659, -17.453625339642695, 0.0 ], [ -57.744639078586246, -17.556351100209348, 0.0 ], [ -57.737852146610912, -17.565606249884976, 0.0 ], [ -57.783258278245498, -17.607691574944909, 0.0 ], [ -57.771647252798125, -17.614846978731162, 0.0 ], [ -57.782284732381115, -17.641752830460767, 0.0 ], [ -57.762292060682057, -17.660214129970996, 0.0 ], [ -57.727315013716883, -17.720881385986001, 0.0 ], [ -57.709592295858059, -17.729631272586587, 0.0 ], [ -57.711939850713321, -17.774997454491679, 0.0 ], [ -57.68350333801871, -17.809470138935573, 0.0 ], [ -57.683180170399559, -17.830041984150359, 0.0 ], [ -57.721173342913438, -17.829629919025518, 0.0 ], [ -57.623545614281177, -18.004932358584309, 0.0 ], [ -57.601087902138701, -18.045450070661467, 0.0 ], [ -57.580915600679901, -18.121235113147172, 0.0 ], [ -57.503985895391374, -18.196034886870855, 0.0 ], [ -57.483290871006588, -18.198487652844381, 0.0 ], [ -57.475069378229215, -18.219051066027156, 0.0 ], [ -57.454202334983727, -18.233168671989475, 0.0 ], [ -57.560142892303304, -18.241456573455007, 0.0 ], [ -57.673414643965621, -18.60048760118087, 0.0 ], [ -57.922321811394198, -18.557270497883959, 0.0 ], [ -58.41581726724521, -18.46368804050212, 0.0 ], [ -58.86554077925134, -18.371539012012125, 0.0 ], [ -59.014612028512758, -18.20953576504111, 0.0 ] ] ] ] } },
{ "type": "Feature", "properties": { "fid": 563614, "Nombre": "PN ANMI Aguarague", "actividades": "Fortalecimiento de capacidades al personal técnico.|Fortalecimiento a la presencia y gestión del área.|Apoyo en acciones de control y vigilancia.|Impulsar el Manejo Integral del Fuego en la región del Chaco.", "descripcion": "s/descripcion", "categoria": "Área Protegida", "hectareas": 108382.08228949051 }, "geometry": { "type": "MultiPolygon", "coordinates": [ [ [ [ -63.529203123942104, -21.000102411668266, 0.0 ], [ -63.415186478438486, -21.000418643712781, 0.0 ], [ -63.505972805085122, -21.243221438101259, 0.0 ], [ -63.525722013347881, -21.376608522990669, 0.0 ], [ -63.69268659108527, -22.001907346868652, 0.0 ], [ -63.749832250407835, -21.999849210176315, 0.0 ], [ -63.716138603895836, -21.848677979430605, 0.0 ], [ -63.719416265777454, -21.729862938476938, 0.0 ], [ -63.595520882747067, -21.223503709685218, 0.0 ], [ -63.529203123942104, -21.000102411668266, 0.0 ] ] ] ] } },
{ "type": "Feature", "properties": { "fid": 563615, "Nombre": "PN ANMI Kaa-Iya del Gran Chaco", "actividades": "Contribución a la gestión del área.|Control y vigilancia.|Manejo Integral del Fuego.|Fortalecimiento de capacidades.|Monitoreo de biodiversidad.", "descripcion": "s/descripcion", "categoria": "Área Protegida", "hectareas": 3417669.3236905523 }, "geometry": { "type": "MultiPolygon", "coordinates": [ [ [ [ -60.791023880188924, -18.459614341258192, 0.0 ], [ -60.786773075323474, -18.46035863833356, 0.0 ], [ -60.784230709250572, -18.46031990320289, 0.0 ], [ -60.779952728434679, -18.462681486695526, 0.0 ], [ -60.776562866052259, -18.462629735557911, 0.0 ], [ -60.773596691773172, -18.462584327665073, 0.0 ], [ -60.770200011771166, -18.462936862322945, 0.0 ], [ -60.767637194159903, -18.464111024107115, 0.0 ], [ -60.765928573144009, -18.464893794299648, 0.0 ], [ -60.762928294822622, -18.466870147879114, 0.0 ], [ -60.760782323925575, -18.468455047850693, 0.0 ], [ -60.756927677033161, -18.470822598745293, 0.0 ], [ -60.75308658651123, -18.472381454661758, 0.0 ], [ -60.750940443729718, -18.473966224981883, 0.0 ], [ -60.748787392370836, -18.475955452253341, 0.0 ], [ -60.745779942624061, -18.478335883117321, 0.0 ], [ -60.744050588083326, -18.480331531294514, 0.0 ], [ -60.743161918357778, -18.482744560795595, 0.0 ], [ -60.740598648011499, -18.483918376169228, 0.0 ], [ -60.736347162403291, -18.484661637235799, 0.0 ], [ -60.731247995905058, -18.485391569948682, 0.0 ], [ -60.72700320679953, -18.485730298422222, 0.0 ], [ -60.72360606672737, -18.486082029844265, 0.0 ], [ -60.710371776339997, -18.491538640531914, 0.0 ], [ -60.708225056901327, -18.493122947427441, 0.0 ], [ -60.703063149851452, -18.497491439934322, 0.0 ], [ -60.700881616326242, -18.501097559491726, 0.0 ], [ -60.698290066036584, -18.503888175648417, 0.0 ], [ -60.69564973128994, -18.509509253263921, 0.0 ], [ -60.694746348641672, -18.5127308042753, 0.0 ], [ -60.692536654755465, -18.517954117961054, 0.0 ], [ -60.692897822858484, -18.521599798614684, 0.0 ], [ -60.692397364631937, -18.526040992182612, 0.0 ], [ -60.682627397923071, -18.527101005431064, 0.0 ], [ -60.670737821892978, -18.52812716362423, 0.0 ], [ -60.662253317010801, -18.528397641618263, 0.0 ], [ -60.649522900036622, -18.529004863313013, 0.0 ], [ -60.636361448009261, -18.530008920365173, 0.0 ], [ -60.628300588807569, -18.530284783274958, 0.0 ], [ -60.620232634949481, -18.53096467124114, 0.0 ], [ -60.618537127617962, -18.530937512098031, 0.0 ], [ -60.611324077880333, -18.531226307684879, 0.0 ], [ -60.60155335312988, -18.532282583190032, 0.0 ], [ -60.593909037130246, -18.532968312571438, 0.0 ], [ -60.589663065932768, -18.533304160765123, 0.0 ], [ -60.582011532497866, -18.534393832501035, 0.0 ], [ -60.578620453779266, -18.534338822631064, 0.0 ], [ -60.566298739641745, -18.53575662927642, 0.0 ], [ -60.558230413665051, -18.53643415703209, 0.0 ], [ -60.553129140647634, -18.537159830703182, 0.0 ], [ -60.547611333354283, -18.53747406455744, 0.0 ], [ -60.538687752775232, -18.538541351403595, 0.0 ], [ -60.521695290218084, -18.540284292111068, 0.0 ], [ -60.511930976479277, -18.540932086892237, 0.0 ], [ -60.507677304004439, -18.541670640731066, 0.0 ], [ -60.497912852638343, -18.542317802933947, 0.0 ], [ -60.483894440911207, -18.543702614346145, 0.0 ], [ -60.471995467074386, -18.545121896807871, 0.0 ], [ -60.448211814328644, -18.547149791406891, 0.0 ], [ -60.433768813831826, -18.548524154367289, 0.0 ], [ -60.424412617222615, -18.549983676171809, 0.0 ], [ -60.410817103103447, -18.551370849306199, 0.0 ], [ -60.409023195578364, -18.556598212215224, 0.0 ], [ -60.407251837480239, -18.560612574324786, 0.0 ], [ -60.405457690629937, -18.565839966554972, 0.0 ], [ -60.405382028965775, -18.569883130135882, 0.0 ], [ -60.404428102198153, -18.575529144916153, 0.0 ], [ -60.402232440361132, -18.579536225401714, 0.0 ], [ -60.399574929738804, -18.585557570138999, 0.0 ], [ -60.397288016915461, -18.594416361764772, 0.0 ], [ -60.396788166624695, -18.598452255386807, 0.0 ], [ -60.399264056934342, -18.602134401840242, 0.0 ], [ -60.398302239382247, -18.608184605251996, 0.0 ], [ -60.399112357076376, -18.610220655226037, 0.0 ], [ -60.3990289959631, -18.614667968826939, 0.0 ], [ -60.397241684110227, -18.619490694383408, 0.0 ], [ -60.396287288837605, -18.625136486380409, 0.0 ], [ -60.395340405009385, -18.630377983996254, 0.0 ], [ -60.394370749026578, -18.636832321421526, 0.0 ], [ -60.393408597044257, -18.642882271217122, 0.0 ], [ -60.39201463871764, -18.649329336323749, 0.0 ], [ -60.38982551358437, -18.652931709873151, 0.0 ], [ -60.386749937989919, -18.658541139560516, 0.0 ], [ -60.386234498358803, -18.663385314717516, 0.0 ], [ -60.385703758757757, -18.669038141804162, 0.0 ], [ -60.384763926627684, -18.673875130164934, 0.0 ], [ -60.383445723403327, -18.676279090164986, 0.0 ], [ -60.382074039695539, -18.681512961618662, 0.0 ], [ -60.381489768536795, -18.689995669065368, 0.0 ], [ -60.38054218096849, -18.695236798665235, 0.0 ], [ -60.37043298534757, -18.713666276831795, 0.0 ], [ -60.369538579355812, -18.716077283614283, 0.0 ], [ -60.368158510368453, -18.721715303062322, 0.0 ], [ -60.368120278943394, -18.72373665494673, 0.0 ], [ -60.369725700919396, -18.728617000662819, 0.0 ], [ -60.367565908193029, -18.730601937903124, 0.0 ], [ -60.367496998945668, -18.734240368025432, 0.0 ], [ -60.367003769725827, -18.737871474142782, 0.0 ], [ -60.364411793986569, -18.740253295556805, 0.0 ], [ -60.36178149719612, -18.744656408672995, 0.0 ], [ -60.358780410520268, -18.746222341567535, 0.0 ], [ -60.355740769166907, -18.749809449621598, 0.0 ], [ -60.353966548971719, -18.753822846585955, 0.0 ], [ -60.353419268059291, -18.760283710515072, 0.0 ], [ -60.351243489137751, -18.76307691659515, 0.0 ], [ -60.350302399906226, -18.767913326749056, 0.0 ], [ -60.348126537365317, -18.770706459072265, 0.0 ], [ -60.343805468723453, -18.7746756689302, 0.0 ], [ -60.341220531359419, -18.77665288963922, 0.0 ], [ -60.339900931539482, -18.779056329052654, 0.0 ], [ -60.336837388668791, -18.783855965239749, 0.0 ], [ -60.333403338104944, -18.785818310328956, 0.0 ], [ -60.332500315284747, -18.788633357012284, 0.0 ], [ -60.331620528660203, -18.790235622434079, 0.0 ], [ -60.328579723710568, -18.793822292973299, 0.0 ], [ -60.323408843351331, -18.797776220396699, 0.0 ], [ -60.32037556381902, -18.800958543755787, 0.0 ], [ -60.317789951622963, -18.802935443732999, 0.0 ], [ -60.315180954104108, -18.806124944653615, 0.0 ], [ -60.313428666390145, -18.808925085000908, 0.0 ], [ -60.311691851338047, -18.810916712605945, 0.0 ], [ -60.309082702577591, -18.814106189436192, 0.0 ], [ -60.307762503446511, -18.816509394366697, 0.0 ], [ -60.305593247869524, -18.818897705215456, 0.0 ], [ -60.302119230335855, -18.822880741771893, 0.0 ], [ -60.301192244453851, -18.826908259997435, 0.0 ], [ -60.298119117140523, -18.832111328383256, 0.0 ], [ -60.29549384089065, -18.836109031159641, 0.0 ], [ -60.294142027003694, -18.840129056378704, 0.0 ], [ -60.29323823286812, -18.842943784138949, 0.0 ], [ -60.290156781975789, -18.848550882355063, 0.0 ], [ -60.287947885179172, -18.852960184564999, 0.0 ], [ -60.286155536748055, -18.857781053870251, 0.0 ], [ -60.284378829542923, -18.861793500587524, 0.0 ], [ -60.283466973598784, -18.865012373832677, 0.0 ], [ -60.28124193474325, -18.870229910989373, 0.0 ], [ -60.27946504114329, -18.874242276153936, 0.0 ], [ -60.276398375772956, -18.879040544187898, 0.0 ], [ -60.27463699589854, -18.882244449677497, 0.0 ], [ -60.27242732954879, -18.886653356066542, 0.0 ], [ -60.271908296253244, -18.891496467355957, 0.0 ], [ -60.271404985073531, -18.895531097880887, 0.0 ], [ -60.270901636151891, -18.899565741406789, 0.0 ], [ -60.271672400371031, -18.903622786830383, 0.0 ], [ -60.271601625903266, -18.907260681306976, 0.0 ], [ -60.26923422303831, -18.919753655135533, 0.0 ], [ -60.268777965649839, -18.921362954392222, 0.0 ], [ -60.268266692593699, -18.925801698434366, 0.0 ], [ -60.269053211877271, -18.929050301768122, 0.0 ], [ -60.267708026220966, -18.932665614367377, 0.0 ], [ -60.268510363763845, -18.93510584674755, 0.0 ], [ -60.267582073983213, -18.939132817090503, 0.0 ], [ -60.266244748889768, -18.942343971871829, 0.0 ], [ -60.265725438425974, -18.947186815270651, 0.0 ], [ -60.266087223058904, -18.950427812679916, 0.0 ], [ -60.26688167636388, -18.95327220439512, 0.0 ], [ -60.26726712864064, -18.955300587734847, 0.0 ], [ -60.268942677697638, -18.956543126486469, 0.0 ], [ -60.269304518100846, -18.959784218031174, 0.0 ], [ -60.267148953106172, -18.961363474800073, 0.0 ], [ -60.265481193136168, -18.959716784667933, 0.0 ], [ -60.263789810327523, -18.959282583038149, 0.0 ], [ -60.262475989465251, -18.961280993673668, 0.0 ], [ -60.26285346995045, -18.963713620131802, 0.0 ], [ -60.264505454397913, -18.966168797667901, 0.0 ], [ -60.262743011481433, -18.9693722391251, 0.0 ], [ -60.260996353043389, -18.971767399642918, 0.0 ], [ -60.259218078081567, -18.975779175853166, 0.0 ], [ -60.259571861315457, -18.979424371247802, 0.0 ], [ -60.258666924141139, -18.982238659218865, 0.0 ], [ -60.258603716896033, -18.985472080840598, 0.0 ], [ -60.260680746014501, -18.987934676831291, 0.0 ], [ -60.26064131408458, -18.989955610452629, 0.0 ], [ -60.259744156539675, -18.992365656997897, 0.0 ], [ -60.260113838335911, -18.995202432755274, 0.0 ], [ -60.261789782482431, -18.996444966410351, 0.0 ], [ -60.263906386084194, -18.996886702763295, 0.0 ], [ -60.266046630006691, -18.996115806512723, 0.0 ], [ -60.268194757668709, -18.994940754273678, 0.0 ], [ -60.269894269064039, -18.99497064353606, 0.0 ], [ -60.270712568724612, -18.996602354954359, 0.0 ], [ -60.270216854030757, -19.000232497121143, 0.0 ], [ -60.269768316342663, -19.001437558303572, 0.0 ], [ -60.268855530300719, -19.004655935044909, 0.0 ], [ -60.270051530147093, -19.008720189523078, 0.0 ], [ -60.270020115564648, -19.010336820725303, 0.0 ], [ -60.269925599402896, -19.015186912631187, 0.0 ], [ -60.269461327369939, -19.017200318249706, 0.0 ], [ -60.271530943942672, -19.02006689039521, 0.0 ], [ -60.275748987694946, -19.021758364218645, 0.0 ], [ -60.275701838831502, -19.024183373112031, 0.0 ], [ -60.273970525611396, -19.02577013263242, 0.0 ], [ -60.270964282805863, -19.027334426757353, 0.0 ], [ -60.271342101834279, -19.029766890515599, 0.0 ], [ -60.269602852789056, -19.031757817510595, 0.0 ], [ -60.266604305166524, -19.032917893401983, 0.0 ], [ -60.263605837261437, -19.034077915997056, 0.0 ], [ -60.265234831620589, -19.037745375022524, 0.0 ], [ -60.265628260629875, -19.039369548838046, 0.0 ], [ -60.26854807156883, -19.042251136551528, 0.0 ], [ -60.270649482744588, -19.043501032425613, 0.0 ], [ -60.270610068123425, -19.045521784928646, 0.0 ], [ -60.268878560910828, -19.047108480131833, 0.0 ], [ -60.265439115154855, -19.049069390491681, 0.0 ], [ -60.264565363892643, -19.050266835699261, 0.0 ], [ -60.263691695721981, -19.051464368585968, 0.0 ], [ -60.2628101372242, -19.053065929512691, 0.0 ], [ -60.262754869595419, -19.055895048322391, 0.0 ], [ -60.261416699798993, -19.059105826581703, 0.0 ], [ -60.260527105591834, -19.061111583429291, 0.0 ], [ -60.259228312806449, -19.062301509104167, 0.0 ], [ -60.257456997883097, -19.06590887906594, 0.0 ], [ -60.257417575035262, -19.067929625610464, 0.0 ], [ -60.258235988395583, -19.069561225175132, 0.0 ], [ -60.259463817804111, -19.072008670195768, 0.0 ], [ -60.256866028906018, -19.074388470481907, 0.0 ], [ -60.257235846571739, -19.077225046166273, 0.0 ], [ -60.257204183907426, -19.078841665192687, 0.0 ], [ -60.255472273001892, -19.080428152515594, 0.0 ], [ -60.2541495873906, -19.082830493600646, 0.0 ], [ -60.256203882865599, -19.086505368782692, 0.0 ], [ -60.257408057323886, -19.090165219874432, 0.0 ], [ -60.258635985261847, -19.092612609036511, 0.0 ], [ -60.257321108391913, -19.094610823113868, 0.0 ], [ -60.258879415908346, -19.101915440002973, 0.0 ], [ -60.257139336702728, -19.103906051378573, 0.0 ], [ -60.255824451963541, -19.105904240929146, 0.0 ], [ -60.254108031179626, -19.106682432887414, 0.0 ], [ -60.253643342401233, -19.108695635725535, 0.0 ], [ -60.254446158563056, -19.111135435162005, 0.0 ], [ -60.253981453859438, -19.113148636048738, 0.0 ], [ -60.251800300237235, -19.11593999271043, 0.0 ], [ -60.251311791695947, -19.11916546406, 0.0 ], [ -60.251280103967588, -19.120782069713307, 0.0 ], [ -60.250752019968985, -19.126028258291196, 0.0 ], [ -60.249429012858208, -19.12843039286178, 0.0 ], [ -60.247720263786313, -19.12880446615311, 0.0 ], [ -60.245626094429369, -19.127150256863782, 0.0 ], [ -60.245169145377439, -19.128759204530009, 0.0 ], [ -60.246846170415253, -19.130001753768759, 0.0 ], [ -60.245097786655315, -19.132396401109212, 0.0 ], [ -60.243381133824116, -19.133174525779939, 0.0 ], [ -60.242498948031077, -19.134775917598315, 0.0 ], [ -60.241199588112934, -19.135965697120106, 0.0 ], [ -60.23991604436354, -19.136347142868477, 0.0 ], [ -60.238608607348795, -19.137941029823683, 0.0 ], [ -60.238568896612463, -19.139961636603577, 0.0 ], [ -60.237702565324021, -19.140754842192418, 0.0 ], [ -60.236387190068591, -19.142752820845612, 0.0 ], [ -60.235512856922632, -19.143950032252977, 0.0 ], [ -60.230859312585267, -19.142654485589905, 0.0 ], [ -60.229126607717106, -19.144240713489356, 0.0 ], [ -60.226984558734429, -19.145011078488835, 0.0 ], [ -60.225259699895958, -19.146193225487469, 0.0 ], [ -60.224369373496728, -19.148198607611448, 0.0 ], [ -60.222620542545847, -19.150593065901081, 0.0 ], [ -60.222163397737177, -19.152201918260889, 0.0 ], [ -60.218304332289499, -19.153750126314726, 0.0 ], [ -60.216980608332904, -19.156152044717025, 0.0 ], [ -60.2177592234396, -19.159804292990437, 0.0 ], [ -60.216435527105141, -19.162206274454405, 0.0 ], [ -60.213851941533683, -19.163777153509308, 0.0 ], [ -60.211292350831521, -19.164135643148452, 0.0 ], [ -60.208724701381747, -19.164898215777999, 0.0 ], [ -60.209069923240413, -19.168946949078897, 0.0 ], [ -60.208580568949365, -19.172172262216748, 0.0 ], [ -60.206863450076078, -19.172950063075454, 0.0 ], [ -60.202153197603316, -19.174482750258193, 0.0 ], [ -60.198333609218729, -19.174009931743889, 0.0 ], [ -60.19665652944753, -19.172767117687776, 0.0 ], [ -60.194923282195688, -19.174353012018948, 0.0 ], [ -60.194457784626074, -19.176365940291983, 0.0 ], [ -60.191905972331519, -19.176320031178022, 0.0 ], [ -60.188078408296413, -19.176251278532334, 0.0 ], [ -60.185060996050368, -19.178218168940052, 0.0 ], [ -60.18454710523897, -19.182655765544684, 0.0 ], [ -60.182813640997033, -19.184241514932879, 0.0 ], [ -60.181513490698137, -19.185430854783757, 0.0 ], [ -60.178905078710564, -19.188213609880616, 0.0 ], [ -60.176288532411455, -19.191400423921092, 0.0 ], [ -60.175798637536815, -19.194625557040805, 0.0 ], [ -60.174875217812435, -19.198247143398049, 0.0 ], [ -60.171849275042071, -19.200618016251319, 0.0 ], [ -60.16968211020496, -19.202600049466191, 0.0 ], [ -60.167522944131392, -19.204177962481499, 0.0 ], [ -60.16497085771131, -19.204131809839719, 0.0 ], [ -60.161584231086678, -19.203261981094432, 0.0 ], [ -60.16028377927401, -19.204451240335015, 0.0 ], [ -60.157314443778034, -19.203993120141746, 0.0 ], [ -60.155179540603108, -19.20435867843732, 0.0 ], [ -60.153871013606846, -19.205951875470284, 0.0 ], [ -60.151736081632492, -19.206317389262303, 0.0 ], [ -60.148308786334198, -19.207467864114019, 0.0 ], [ -60.138665365590477, -19.221440891483951, 0.0 ], [ -60.13524591713086, -19.222187067862887, 0.0 ], [ -60.132660815628043, -19.223756834116184, 0.0 ], [ -60.128807754092925, -19.22489921648663, 0.0 ], [ -60.125797172659333, -19.226461198209982, 0.0 ], [ -60.124480019432951, -19.228458286263834, 0.0 ], [ -60.12141211363187, -19.232848725360167, 0.0 ], [ -60.123048174612492, -19.236112613749963, 0.0 ], [ -60.121739169710935, -19.237705596933985, 0.0 ], [ -60.121698129137783, -19.239725959889988, 0.0 ], [ -60.12165719896521, -19.241746434274138, 0.0 ], [ -60.118638108091531, -19.243712335003387, 0.0 ], [ -60.118171683533767, -19.245724915620215, 0.0 ], [ -60.118130679463839, -19.24774536390542, 0.0 ], [ -60.117246981847572, -19.249346092407961, 0.0 ], [ -60.116314015231794, -19.2533712315781, 0.0 ], [ -60.119169193483394, -19.259486967334187, 0.0 ], [ -60.12210661539158, -19.261561854395666, 0.0 ], [ -60.124201161947276, -19.263217075637268, 0.0 ], [ -60.126263182527573, -19.266488560728103, 0.0 ], [ -60.124446487428791, -19.272114415549382, 0.0 ], [ -60.126099372396013, -19.274569982699621, 0.0 ], [ -60.12602572051896, -19.278206586699618, 0.0 ], [ -60.124732759535107, -19.27899139127036, 0.0 ], [ -60.125551021846306, -19.280623247307062, 0.0 ], [ -60.125935685436943, -19.282651327071868, 0.0 ], [ -60.125469149744227, -19.284663914938054, 0.0 ], [ -60.125428256603207, -19.286684203150187, 0.0 ], [ -60.12744955546836, -19.291975921508758, 0.0 ], [ -60.129552690007188, -19.293226954476342, 0.0 ], [ -60.12993739021563, -19.295255106322067, 0.0 ], [ -60.127752263144885, -19.298044651499783, 0.0 ], [ -60.126009151219172, -19.300033877886626, 0.0 ], [ -60.125108843902012, -19.302442654745249, 0.0 ], [ -60.123365552297514, -19.304431843322959, 0.0 ], [ -60.121196706653755, -19.306413220495376, 0.0 ], [ -60.11905238295693, -19.307182442521093, 0.0 ], [ -60.118995000269656, -19.310010844648556, 0.0 ], [ -60.118520141053033, -19.312427381903944, 0.0 ], [ -60.119322110408632, -19.314867256864378, 0.0 ], [ -60.118405260253155, -19.318084104149751, 0.0 ], [ -60.11665363656158, -19.320477279021258, 0.0 ], [ -60.118315020517052, -19.322528704183505, 0.0 ], [ -60.119976521211917, -19.324580139310921, 0.0 ], [ -60.120097645217847, -19.326990469377968, 0.0 ], [ -60.606017026092047, -19.453845368091471, 0.0 ], [ -61.189218960537524, -19.54914083541815, 0.0 ], [ -61.729558686859562, -19.627259225912038, 0.0 ], [ -61.917515475207452, -20.083241556469762, 0.0 ], [ -62.036550308698267, -20.248950046914057, 0.0 ], [ -62.040596036305978, -20.24897138870725, 0.0 ], [ -62.04059578663022, -20.248971043993897, 0.0 ], [ -62.042620413777236, -20.24898203287119, 0.0 ], [ -62.428389865189779, -20.250583878061004, 0.0 ], [ -62.428409924067253, -20.24816163098059, 0.0 ], [ -62.430375714941803, -20.010346870208529, 0.0 ], [ -62.346192803131679, -20.010107352655371, 0.0 ], [ -62.346192809180074, -20.010106582791369, 0.0 ], [ -62.344928126673871, -20.010102679329851, 0.0 ], [ -62.346036845119563, -19.63687886130921, 0.0 ], [ -62.346408314567846, -19.59405522954167, 0.0 ], [ -62.351093985421485, -19.594495709514682, 0.0 ], [ -62.361335344078626, -19.593362933878193, 0.0 ], [ -62.36121102172018, -19.558210444748259, 0.0 ], [ -62.27298986160492, -19.557107032839337, 0.0 ], [ -62.27498078678753, -19.195433868548726, 0.0 ], [ -62.417397735537669, -19.002113261532262, 0.0 ], [ -62.417261797752865, -18.812903395374367, 0.0 ], [ -62.402402469290202, -18.812791591320185, 0.0 ], [ -62.3473962183593, -18.74160982733466, 0.0 ], [ -62.124439718665187, -18.451414052339835, 0.0 ], [ -62.031819651651816, -18.515683579159422, 0.0 ], [ -61.956993317331147, -18.416289839836253, 0.0 ], [ -61.938469045791351, -18.405189374626733, 0.0 ], [ -61.484184568841314, -17.902105948481193, 0.0 ], [ -61.086339703258766, -17.897760900897637, 0.0 ], [ -60.851035972122702, -18.392566686460366, 0.0 ], [ -60.850592453583197, -18.393773469745735, 0.0 ], [ -60.848428170064459, -18.396572564457433, 0.0 ], [ -60.846263698799426, -18.399371625237318, 0.0 ], [ -60.844959751867002, -18.401374470877247, 0.0 ], [ -60.842358309985137, -18.404975904970158, 0.0 ], [ -60.842311870422776, -18.407806619803189, 0.0 ], [ -60.841828456797785, -18.41143964395291, 0.0 ], [ -60.840517698892441, -18.413846881215825, 0.0 ], [ -60.838346298367206, -18.417050233058802, 0.0 ], [ -60.837068764722481, -18.417435502336787, 0.0 ], [ -60.833659641096119, -18.418597843951165, 0.0 ], [ -60.832792327149491, -18.419798287309373, 0.0 ], [ -60.828919517805367, -18.423380357620939, 0.0 ], [ -60.827198255091297, -18.424972423519225, 0.0 ], [ -60.824616148203461, -18.427360430042146, 0.0 ], [ -60.822901508294002, -18.428548033451278, 0.0 ], [ -60.820319385904114, -18.430935988103244, 0.0 ], [ -60.817320191274277, -18.432913150946259, 0.0 ], [ -60.813904013876225, -18.434479429984343, 0.0 ], [ -60.811752153745125, -18.436469324026032, 0.0 ], [ -60.810010387462242, -18.439274270996378, 0.0 ], [ -60.80787180324814, -18.440455378430823, 0.0 ], [ -60.806526810991457, -18.444884190606416, 0.0 ], [ -60.803917388818967, -18.448889435677415, 0.0 ], [ -60.801731542312353, -18.452900968528176, 0.0 ], [ -60.798738598846214, -18.454473457202912, 0.0 ], [ -60.797447281310575, -18.455667235751964, 0.0 ], [ -60.794023729925861, -18.457637678643263, 0.0 ], [ -60.791023880188924, -18.459614341258192, 0.0 ] ] ] ] } },
{ "type": "Feature", "properties": { "fid": 563616, "Nombre": "PN ANMI Otuquis", "actividades": "Contribución a la gestión del área.|Control y vigilancia.|Manejo Integral del Fuego.|Fortalecimiento de capacidades.", "descripcion": "s/descripcion", "categoria": "Área Protegida", "hectareas": 950033.36521862389 }, "geometry": { "type": "MultiPolygon", "coordinates": [ [ [ [ -58.441976509522156, -19.002465618941567, 0.0 ], [ -58.438577942726532, -19.002376445440451, 0.0 ], [ -58.438460640045008, -19.006417298837111, 0.0 ], [ -58.435050224191485, -19.00673217651018, 0.0 ], [ -58.435369404532381, -19.010380122683941, 0.0 ], [ -58.43185319505109, -19.014331699236504, 0.0 ], [ -58.431263968107501, -19.019977738509059, 0.0 ], [ -58.428266421700158, -19.020707690513845, 0.0 ], [ -58.424949764705872, -19.017789646755947, 0.0 ], [ -58.420323430160984, -19.01605020303964, 0.0 ], [ -58.418506341073865, -19.020046234477988, 0.0 ], [ -58.417196378746453, -19.02122492518583, 0.0 ], [ -58.407412781303115, -19.021371172685335, 0.0 ], [ -58.40481629399666, -19.022920205565804, 0.0 ], [ -58.401287466845559, -19.027275268665434, 0.0 ], [ -58.397333620757159, -19.031619083090209, 0.0 ], [ -58.393816295849057, -19.035569923047191, 0.0 ], [ -58.389673828405385, -19.031820710018195, 0.0 ], [ -58.385731443674345, -19.035760192446567, 0.0 ], [ -58.382213702608922, -19.039710823410864, 0.0 ], [ -58.378377788555753, -19.040013446513793, 0.0 ], [ -58.374434951468423, -19.043952659761018, 0.0 ], [ -58.370598863199199, -19.044255112176081, 0.0 ], [ -58.370916867053168, -19.047903074012066, 0.0 ], [ -58.37079811867298, -19.051943807803983, 0.0 ], [ -58.367268020061964, -19.056298266836286, 0.0 ], [ -58.367467180661627, -19.063986842372199, 0.0 ], [ -58.367348346133461, -19.068027458764547, 0.0 ], [ -58.363829650992415, -19.07197775724886, 0.0 ], [ -58.360287111922851, -19.076736021737517, 0.0 ], [ -58.35645028936468, -19.07703819691508, 0.0 ], [ -58.356140732608281, -19.087543831467265, 0.0 ], [ -58.353010732724464, -19.092717263351513, 0.0 ], [ -58.339864600812831, -19.095648244151665, 0.0 ], [ -58.181852368749361, -19.022633828707697, 0.0 ], [ -57.990390646426654, -19.100298737032336, 0.0 ], [ -58.001040884360314, -19.414525288435904, 0.0 ], [ -57.965315013582106, -19.412640306892129, 0.0 ], [ -57.983188081239703, -19.452967089724591, 0.0 ], [ -58.015012041236908, -19.517007677439299, 0.0 ], [ -58.129898507543658, -19.756404588832254, 0.0 ], [ -57.85701840705304, -19.9667419989682, 0.0 ], [ -57.895412627519192, -20.038192476355736, 0.0 ], [ -57.931433735343965, -20.020231068126108, 0.0 ], [ -57.953422472612324, -20.019255984423001, 0.0 ], [ -57.982759632960331, -20.053069212347122, 0.0 ], [ -58.031103685916733, -20.058042501180864, 0.0 ], [ -58.050468407525742, -20.100013307071407, 0.0 ], [ -58.078950443403883, -20.112701516433891, 0.0 ], [ -58.131540359566849, -20.16020849263036, 0.0 ], [ -58.169337736373819, -20.161654531296502, 0.0 ], [ -58.166224150232281, -20.14267574408575, 0.0 ], [ -58.135702012630837, -20.125026968531575, 0.0 ], [ -58.135127885022889, -20.112569195793288, 0.0 ], [ -58.15958512569371, -20.070438525973866, 0.0 ], [ -58.157386502791347, -20.039376797363204, 0.0 ], [ -58.168100250520652, -20.031767331315919, 0.0 ], [ -58.186219651888855, -19.969849766946982, 0.0 ], [ -58.215842947605466, -19.954358034875597, 0.0 ], [ -58.197972343018485, -19.927058068273929, 0.0 ], [ -58.206729152625961, -19.892255311578172, 0.0 ], [ -58.202967453022353, -19.862016429977761, 0.0 ], [ -58.164072222222188, -19.827102777777672, 0.0 ], [ -58.235966666666656, -19.774997222222275, 0.0 ], [ -59.068927777777816, -19.287647222222013, 0.0 ], [ -59.500113352701987, -19.290986620385905, 0.0 ], [ -59.500102516540331, -19.290986522579519, 0.0 ], [ -59.499644948169603, -19.002283448630084, 0.0 ], [ -59.190693142230678, -18.999765630444287, 0.0 ], [ -58.890376564050698, -19.000503101161005, 0.0 ], [ -58.56276621987368, -19.00074882346901, 0.0 ], [ -58.547013172887972, -19.001556959465681, 0.0 ], [ -58.535921497996455, -19.002888619061252, 0.0 ], [ -58.528687885471228, -19.003106206490973, 0.0 ], [ -58.437886788090438, -19.000037590626732, 0.0 ], [ -58.441976509522156, -19.002465618941567, 0.0 ] ] ], [ [ [ -57.767207431669988, -18.896945760819406, 0.0 ], [ -57.718781268043855, -18.896235630249624, 0.0 ], [ -57.718183299944819, -18.978476303520665, 0.0 ], [ -57.731787507856403, -18.985255104382457, 0.0 ], [ -57.771589379131626, -18.968329748664484, 0.0 ], [ -57.797959619706695, -18.938757310365073, 0.0 ], [ -57.835787335507398, -18.940931316612755, 0.0 ], [ -57.809000420563912, -18.900383370105899, 0.0 ], [ -57.879259835553988, -18.900064213114494, 0.0 ], [ -57.892609510261842, -18.910844854982003, 0.0 ], [ -57.887685742102612, -18.877431826506257, 0.0 ], [ -57.920331324127943, -18.849231703123781, 0.0 ], [ -57.91307260180664, -18.832124380277001, 0.0 ], [ -57.958707826903947, -18.829464336490545, 0.0 ], [ -57.95662484703287, -18.813561135213533, 0.0 ], [ -57.935709733384193, -18.806708794720251, 0.0 ], [ -57.925089186438143, -18.773325032308854, 0.0 ], [ -57.901409588081037, -18.780670350832072, 0.0 ], [ -57.880887650257343, -18.77162274178216, 0.0 ], [ -57.859538520882523, -18.784256582990373, 0.0 ], [ -57.830686240071451, -18.772918979711928, 0.0 ], [ -57.806368496695221, -18.74676336501312, 0.0 ], [ -57.770231421680528, -18.727033567795853, 0.0 ], [ -57.730130838510384, -18.665739915432088, 0.0 ], [ -57.697959673513729, -18.682129661961149, 0.0 ], [ -57.767207431669988, -18.896945760819406, 0.0 ] ] ] ] } },
{ "type": "Feature", "properties": { "fid": 563617, "Nombre": "PNH Santa Cruz La Vieja", "actividades": "Contribución a la gestión del área.|Control y vigilancia.|Manejo Integral del Fuego.|Fortalecimiento de capacidades.", "descripcion": "s/descripcion", "categoria": "Área Protegida", "hectareas": 97270.824469406492 }, "geometry": { "type": "MultiPolygon", "coordinates": [ [ [ [ -60.839458445071344, -17.852083144383396, 0.0 ], [ -60.839147940389175, -17.851742618213866, 0.0 ], [ -60.838531518417739, -17.851066599321971, 0.0 ], [ -60.837020891852944, -17.851301223922086, 0.0 ], [ -60.835811642145586, -17.851360348393364, 0.0 ], [ -60.83514026781183, -17.850955973029961, 0.0 ], [ -60.834167517741719, -17.850366597988959, 0.0 ], [ -60.833096849262176, -17.850572372223436, 0.0 ], [ -60.83167651689088, -17.850845347631108, 0.0 ], [ -60.829864518160058, -17.851078098024363, 0.0 ], [ -60.829032892881244, -17.851322223783161, 0.0 ], [ -60.827636766926688, -17.851377473003655, 0.0 ], [ -60.826168018453714, -17.851470972568158, 0.0 ], [ -60.824699391539617, -17.851165849410204, 0.0 ], [ -60.823387141652709, -17.850788098089222, 0.0 ], [ -60.821735393446431, -17.850301722999227, 0.0 ], [ -60.820610016612676, -17.849925972870881, 0.0 ], [ -60.819820392802953, -17.849628473228986, 0.0 ], [ -60.818698892056759, -17.849002849152409, 0.0 ], [ -60.817760517215639, -17.84863097316877, 0.0 ], [ -60.812961516307382, -17.849660847580363, 0.0 ], [ -60.808086392434198, -17.850942597803709, 0.0 ], [ -60.802761017446777, -17.852142348943296, 0.0 ], [ -60.798149143134836, -17.853246723199735, 0.0 ], [ -60.793006892283891, -17.854635223267721, 0.0 ], [ -60.788093517927088, -17.855802598401318, 0.0 ], [ -60.782764392060116, -17.857151099278312, 0.0 ], [ -60.777172142447945, -17.85849197276961, 0.0 ], [ -60.770862516764502, -17.859937722563362, 0.0 ], [ -60.765079516629676, -17.861276598935419, 0.0 ], [ -60.760582017412489, -17.862417222679753, 0.0 ], [ -60.756347642428352, -17.863525348029036, 0.0 ], [ -60.751510641834706, -17.864692724236857, 0.0 ], [ -60.750000018348686, -17.865001724330291, 0.0 ], [ -60.749130267060615, -17.865243972564318, 0.0 ], [ -60.74747851812382, -17.864898723016189, 0.0 ], [ -60.746189141801707, -17.865318349394737, 0.0 ], [ -60.743843017453145, -17.866302472634725, 0.0 ], [ -60.742137893072609, -17.866825099320288, 0.0 ], [ -60.741077391592526, -17.867282848103951, 0.0 ], [ -60.740398393411674, -17.867595724080282, 0.0 ], [ -60.73960114298378, -17.86776734893262, 0.0 ], [ -60.736434892386356, -17.868091597626609, 0.0 ], [ -60.733230642086866, -17.868053473216925, 0.0 ], [ -60.727920516730684, -17.868028598734096, 0.0 ], [ -60.720382643141079, -17.868049599244795, 0.0 ], [ -60.716918892375162, -17.867935223293482, 0.0 ], [ -60.715900392300945, -17.867959972773395, 0.0 ], [ -60.714874267741585, -17.868598973211117, 0.0 ], [ -60.712673143263686, -17.869728097934448, 0.0 ], [ -60.711574516615507, -17.870288849415463, 0.0 ], [ -60.710578892163831, -17.870683723158709, 0.0 ], [ -60.709049267884453, -17.870296473313427, 0.0 ], [ -60.707588141767623, -17.869523973707825, 0.0 ], [ -60.706695517427079, -17.869680474064602, 0.0 ], [ -60.705436766992364, -17.869895973687949, 0.0 ], [ -60.703750641763207, -17.869298973304257, 0.0 ], [ -60.702961017789775, -17.869144472778974, 0.0 ], [ -60.702247641812136, -17.868846848811643, 0.0 ], [ -60.700294517099437, -17.868572224213263, 0.0 ], [ -60.698829642125268, -17.86804772382893, 0.0 ], [ -60.697483016854449, -17.86720084759299, 0.0 ], [ -60.696659142683487, -17.866939597828939, 0.0 ], [ -60.695297267464632, -17.867391598445241, 0.0 ], [ -60.693512017179735, -17.868419723643434, 0.0 ], [ -60.692180641903498, -17.869415349076615, 0.0 ], [ -60.691227016944246, -17.870302223634699, 0.0 ], [ -60.68959039218884, -17.871728973570164, 0.0 ], [ -60.687492392033128, -17.873577097618465, 0.0 ], [ -60.686580641897493, -17.874217973206182, 0.0 ], [ -60.685932141671614, -17.87475209820736, 0.0 ], [ -60.68513489191627, -17.875284223017793, 0.0 ], [ -60.684337642400308, -17.875598974237029, 0.0 ], [ -60.68259814190754, -17.876264598275036, 0.0 ], [ -60.681076016552076, -17.877254472888065, 0.0 ], [ -60.67971039161764, -17.877887722566854, 0.0 ], [ -60.678386641679985, -17.878450472753439, 0.0 ], [ -60.677551267356371, -17.8789825983682, 0.0 ], [ -60.67675014214506, -17.879514723672791, 0.0 ], [ -60.675838516561569, -17.880258598543904, 0.0 ], [ -60.675113642301589, -17.880828849392426, 0.0 ], [ -60.674873392084301, -17.881835974262014, 0.0 ], [ -60.674861891763619, -17.882812473660458, 0.0 ], [ -60.674890723389112, -17.882926534658058, 0.0 ], [ -60.671953520955867, -17.88309218188315, 0.0 ], [ -60.671294254493361, -17.882444974619773, 0.0 ], [ -60.669516767274125, -17.882210605088414, 0.0 ], [ -60.667959035100843, -17.882191960751097, 0.0 ], [ -60.6677142382567, -17.883893895497206, 0.0 ], [ -60.665043820258013, -17.883861896110659, 0.0 ], [ -60.662353880877284, -17.885321380935228, 0.0 ], [ -60.660342682245187, -17.885936549319254, 0.0 ], [ -60.65586678290834, -17.887800682572671, 0.0 ], [ -60.653652607805405, -17.886921588065306, 0.0 ], [ -60.648976544539693, -17.887078291839938, 0.0 ], [ -60.646545506747913, -17.885770291226944, 0.0 ], [ -60.641872303754745, -17.885713755624408, 0.0 ], [ -60.638320235995216, -17.885031396728365, 0.0 ], [ -60.636762514191169, -17.885012499241363, 0.0 ], [ -60.634275141395861, -17.887965753215898, 0.0 ], [ -60.63248073502217, -17.889009462121077, 0.0 ], [ -60.629345428546486, -17.890463034039549, 0.0 ], [ -60.626015879820656, -17.889783153933852, 0.0 ], [ -60.622480859154287, -17.887822095412339, 0.0 ], [ -60.620925972617464, -17.887590000384296, 0.0 ], [ -60.618700653690681, -17.887562796864952, 0.0 ], [ -60.614675159013252, -17.889005236009233, 0.0 ], [ -60.611559705409853, -17.888967042393205, 0.0 ], [ -60.607531282627811, -17.890622387095288, 0.0 ], [ -60.60487803828795, -17.889311161559888, 0.0 ], [ -60.601542931568666, -17.889057005236609, 0.0 ], [ -60.598875432738978, -17.888811026182189, 0.0 ], [ -60.597566062211499, -17.886876979304319, 0.0 ], [ -60.594912960926706, -17.885565632702864, 0.0 ], [ -60.593592170901182, -17.884483822057419, 0.0 ], [ -60.589586750429618, -17.884434285412837, 0.0 ], [ -60.587113083533538, -17.886321534439524, 0.0 ], [ -60.582908194541368, -17.884564601150021, 0.0 ], [ -60.583642077199592, -17.879672462729054, 0.0 ], [ -60.584133222836805, -17.876268989068073, 0.0 ], [ -60.58303219529612, -17.875402940573242, 0.0 ], [ -60.580833058233843, -17.873457768238659, 0.0 ], [ -60.578171631893731, -17.872785415509632, 0.0 ], [ -60.576420482039637, -17.870632672625042, 0.0 ], [ -60.574198339749685, -17.870391925913708, 0.0 ], [ -60.57197041822586, -17.870577277006507, 0.0 ], [ -60.569499702198371, -17.872251243973782, 0.0 ], [ -60.565248895964594, -17.873902938528126, 0.0 ], [ -60.560804605954807, -17.873421159371404, 0.0 ], [ -60.558339585395892, -17.874668852478635, 0.0 ], [ -60.55367281130281, -17.874184123675004, 0.0 ], [ -60.550323565980257, -17.874994413667288, 0.0 ], [ -60.546292146585195, -17.876861519692454, 0.0 ], [ -60.54317119957588, -17.877248370277957, 0.0 ], [ -60.538724017838831, -17.876979139538893, 0.0 ], [ -60.537154731210038, -17.877811671930331, 0.0 ], [ -60.534715988921384, -17.877141549326353, 0.0 ], [ -60.532048878896461, -17.876894686376286, 0.0 ], [ -60.530262956147169, -17.877298236034708, 0.0 ], [ -60.528719797263321, -17.876239848403436, 0.0 ], [ -60.525520359660653, -17.87827686491212, 0.0 ], [ -60.522683429859612, -17.87824080500036, 0.0 ], [ -60.521205922584564, -17.87646401801744, 0.0 ], [ -60.517183129201896, -17.877691324719503, 0.0 ], [ -60.514163780273314, -17.878771532734337, 0.0 ], [ -60.512308096999263, -17.880186189045755, 0.0 ], [ -60.510806190529536, -17.880167000321837, 0.0 ], [ -60.507644426481455, -17.879487303994889, 0.0 ], [ -60.502284247706434, -17.880856979181118, 0.0 ], [ -60.499458514933366, -17.880021645425355, 0.0 ], [ -60.496470416777612, -17.878864558189683, 0.0 ], [ -60.49327960361348, -17.880261848183785, 0.0 ], [ -60.49026685192554, -17.880862308759401, 0.0 ], [ -60.487105199342203, -17.880182284153488, 0.0 ], [ -60.484094692576861, -17.880622860127737, 0.0 ], [ -60.482419181886115, -17.881080649298678, 0.0 ], [ -60.47873438744967, -17.881991861458204, 0.0 ], [ -60.476919072779914, -17.880530036339675, 0.0 ], [ -60.473592892286597, -17.87968785660971, 0.0 ], [ -60.471423543668479, -17.879659706575797, 0.0 ], [ -60.468570853762884, -17.88074133473048, 0.0 ], [ -60.465889541189405, -17.881505523933519, 0.0 ], [ -60.464522785298385, -17.883725095664207, 0.0 ], [ -60.46148948838767, -17.885763125634792, 0.0 ], [ -60.457143860041725, -17.886185853868437, 0.0 ], [ -60.452832421399229, -17.88421177563459, 0.0 ], [ -60.450025223877034, -17.88209750392954, 0.0 ], [ -60.445873993256804, -17.880604816259684, 0.0 ], [ -60.440886210063191, -17.879260869281104, 0.0 ], [ -60.436559103894155, -17.87840492389558, 0.0 ], [ -60.432209080027086, -17.879146668253679, 0.0 ], [ -60.428359635382733, -17.879894918475909, 0.0 ], [ -60.42400956379312, -17.880636470396208, 0.0 ], [ -60.420676834106338, -17.880272747148936, 0.0 ], [ -60.415652340393081, -17.881484593697085, 0.0 ], [ -60.411809768499438, -17.881753177291483, 0.0 ], [ -60.408963757311831, -17.882354554867803, 0.0 ], [ -60.405795606966826, -17.882152572480795, 0.0 ], [ -60.40059949202827, -17.883681333086834, 0.0 ], [ -60.396406844816809, -17.885063562474009, 0.0 ], [ -60.395368333996615, -17.887606542809376, 0.0 ], [ -60.393986710513978, -17.890784139700322, 0.0 ], [ -60.391455588713256, -17.892667885193035, 0.0 ], [ -60.388442499102496, -17.893266694926968, 0.0 ], [ -60.389061589155887, -17.894893753308118, 0.0 ], [ -60.385440508643804, -17.899011862416561, 0.0 ], [ -60.381852618486278, -17.900857577810445, 0.0 ], [ -60.382320364752488, -17.902266725613568, 0.0 ], [ -60.386100907938371, -17.908501594048921, 0.0 ], [ -60.387922182415458, -17.911862931897716, 0.0 ], [ -60.389877028843429, -17.919904356789655, 0.0 ], [ -60.393771929906862, -17.924508282608453, 0.0 ], [ -60.397261555064745, -17.929097692094683, 0.0 ], [ -60.404350179506302, -17.931459334202568, 0.0 ], [ -60.407860564335337, -17.93529928873313, 0.0 ], [ -60.412566802415142, -17.938017203204367, 0.0 ], [ -60.421659046918755, -17.938887712738204, 0.0 ], [ -60.426783777896638, -17.940093620153526, 0.0 ], [ -60.432281396416876, -17.943580216125717, 0.0 ], [ -60.436185045228704, -17.947036604213782, 0.0 ], [ -60.442080920340288, -17.949760561030704, 0.0 ], [ -60.445583087668332, -17.953599851311704, 0.0 ], [ -60.455902961691251, -17.951847840431615, 0.0 ], [ -60.466582621538933, -17.95198753178358, 0.0 ], [ -60.475728563277173, -17.949830748509758, 0.0 ], [ -60.482471362500235, -17.948780337251435, 0.0 ], [ -60.48998645570677, -17.948498324616217, 0.0 ], [ -60.498683730408644, -17.949369242931102, 0.0 ], [ -60.50662466063708, -17.948333407265416, 0.0 ], [ -60.511762328833349, -17.948019993457748, 0.0 ], [ -60.523635659684864, -17.94914463951249, 0.0 ], [ -60.528370200500838, -17.949370158651373, 0.0 ], [ -60.534669338361859, -17.951726288471132, 0.0 ], [ -60.537524919136075, -17.951310942908719, 0.0 ], [ -60.546372720467282, -17.951576529418972, 0.0 ], [ -60.562307325781617, -17.946349058953999, 0.0 ], [ -60.566495040277466, -17.945119042264007, 0.0 ], [ -60.571681248653313, -17.944705272360995, 0.0 ], [ -60.573381623948883, -17.942495605816351, 0.0 ], [ -60.575910925185035, -17.94108205998587, 0.0 ], [ -60.577774640715489, -17.939344053054072, 0.0 ], [ -60.579128738568009, -17.937608705247595, 0.0 ], [ -60.579329018812757, -17.935371235739577, 0.0 ], [ -60.577845583726067, -17.933437937020337, 0.0 ], [ -60.5780263341439, -17.932636332226597, 0.0 ], [ -60.5798659936479, -17.932659256913823, 0.0 ], [ -60.584210003331904, -17.932397194927319, 0.0 ], [ -60.588892893281447, -17.931497955514157, 0.0 ], [ -60.59260470177162, -17.929141417374957, 0.0 ], [ -60.600116427947953, -17.929071753928074, 0.0 ], [ -60.610615684754492, -17.928568877166555, 0.0 ], [ -60.610477583881085, -17.927609755908062, 0.0 ], [ -60.614171892618486, -17.926535138656213, 0.0 ], [ -60.616504286291615, -17.926401175773293, 0.0 ], [ -60.621102407043423, -17.925472986957359, 0.0 ], [ -60.62106018313532, -17.928633793114827, 0.0 ], [ -60.621122055440509, -17.934595900354203, 0.0 ], [ -60.622375911749607, -17.938919681409644, 0.0 ], [ -60.62235551930646, -17.940445898690392, 0.0 ], [ -60.621006762319105, -17.943220375126511, 0.0 ], [ -60.620846879892738, -17.944591331629717, 0.0 ], [ -60.621104101470088, -17.947231925507126, 0.0 ], [ -60.62077814590328, -17.949729887740176, 0.0 ], [ -60.619284237869998, -17.952764498096922, 0.0 ], [ -60.619844933766281, -17.953882350378226, 0.0 ], [ -60.621856923795661, -17.955857997497272, 0.0 ], [ -60.622859191844825, -17.957125771676349, 0.0 ], [ -60.623114610585461, -17.959197305766985, 0.0 ], [ -60.623109070794733, -17.960317247717985, 0.0 ], [ -60.624787685896408, -17.96394170905597, 0.0 ], [ -60.627496760699515, -17.968147807270274, 0.0 ], [ -60.628761849837808, -17.970945244618449, 0.0 ], [ -60.628699870119384, -17.975587118043414, 0.0 ], [ -60.630563846835194, -17.977362184586113, 0.0 ], [ -60.630228904433821, -17.981242005563228, 0.0 ], [ -60.630352014672162, -17.982625461505066, 0.0 ], [ -60.631783045370369, -17.984313939322373, 0.0 ], [ -60.62838635717231, -17.987749856776237, 0.0 ], [ -60.624022901170839, -17.989358350141252, 0.0 ], [ -60.623272261532655, -17.991137542256748, 0.0 ], [ -60.621179493110745, -17.995158329011488, 0.0 ], [ -60.620575801392484, -17.997237374657956, 0.0 ], [ -60.621986361500142, -18.000452132785636, 0.0 ], [ -60.621656711017572, -18.003211967440819, 0.0 ], [ -60.62104148641648, -18.00544441810667, 0.0 ], [ -60.620430467473554, -18.008065304753394, 0.0 ], [ -60.61938867295077, -18.009723467828589, 0.0 ], [ -60.61689169875671, -18.012185647830343, 0.0 ], [ -60.617607181007223, -18.013034456960611, 0.0 ], [ -60.616554148500974, -18.015523427749159, 0.0 ], [ -60.616677222940773, -18.017602363163199, 0.0 ], [ -60.617787837486517, -18.020659912221607, 0.0 ], [ -60.620221532054032, -18.024320837394097, 0.0 ], [ -60.62134146008912, -18.026692036678025, 0.0 ], [ -60.619997777431273, -18.029728413475365, 0.0 ], [ -60.62229623793823, -18.032222499082941, 0.0 ], [ -60.622272358899018, -18.033297046351297, 0.0 ], [ -60.625598069412902, -18.03382565926935, 0.0 ], [ -60.625572014711267, -18.035767282185269, 0.0 ], [ -60.623518165522199, -18.037548502364821, 0.0 ], [ -60.622766890826512, -18.039354752353539, 0.0 ], [ -60.622886378554497, -18.041704613005617, 0.0 ], [ -60.623734255388086, -18.043250526393017, 0.0 ], [ -60.622522707246972, -18.046984017099124, 0.0 ], [ -60.622481781803799, -18.050027386998128, 0.0 ], [ -60.621430350630177, -18.052380896573897, 0.0 ], [ -60.619089057582585, -18.053752051816474, 0.0 ], [ -60.619922226889884, -18.056390703431276, 0.0 ], [ -60.623239970103846, -18.057542528464179, 0.0 ], [ -60.626155332502229, -18.057722901313092, 0.0 ], [ -60.629048299344717, -18.058869411032639, 0.0 ], [ -60.634103366167778, -18.060042382843879, 0.0 ], [ -60.634358801324645, -18.062827466319117, 0.0 ], [ -60.636655545509512, -18.064788511019106, 0.0 ], [ -60.639073442895359, -18.068286512592877, 0.0 ], [ -60.641504371660929, -18.07152271379255, 0.0 ], [ -60.648047317255553, -18.07021157159874, 0.0 ], [ -60.655781462293753, -18.068083684001831, 0.0 ], [ -60.659400732199472, -18.066700685950408, 0.0 ], [ -60.660015095843534, -18.066466213223595, 0.0 ], [ -60.662648767266028, -18.064970253738981, 0.0 ], [ -60.664396568462941, -18.064574715288394, 0.0 ], [ -60.66655058121264, -18.066406422613113, 0.0 ], [ -60.668882827480076, -18.065740113863992, 0.0 ], [ -60.671948340786166, -18.064527026842335, 0.0 ], [ -60.673834001931155, -18.064688652034722, 0.0 ], [ -60.675129761146714, -18.065537647812477, 0.0 ], [ -60.678153250700255, -18.067518606950582, 0.0 ], [ -60.679430803677775, -18.069756339022106, 0.0 ], [ -60.682619665222788, -18.070211344344866, 0.0 ], [ -60.685481741396096, -18.073440354891744, 0.0 ], [ -60.687498173500359, -18.074714616017253, 0.0 ], [ -60.689371252472569, -18.075848243578974, 0.0 ], [ -60.692146445985202, -18.074631362256884, 0.0 ], [ -60.694329916544596, -18.074240764209208, 0.0 ], [ -60.696230228212961, -18.073291164070017, 0.0 ], [ -60.697985319691277, -18.072339810053688, 0.0 ], [ -60.700453730866087, -18.072369236586322, 0.0 ], [ -60.703677053633072, -18.070185213656149, 0.0 ], [ -60.705724281991834, -18.06909835854638, 0.0 ], [ -60.70731425603762, -18.069672850805226, 0.0 ], [ -60.711085844799065, -18.069995412043049, 0.0 ], [ -60.719215276860695, -18.070230545568716, 0.0 ], [ -60.722990509357018, -18.070275117142199, 0.0 ], [ -60.723004835798633, -18.069164073566434, 0.0 ], [ -60.724636039499153, -18.066544175177143, 0.0 ], [ -60.725806568470645, -18.065863459040539, 0.0 ], [ -60.727133011554692, -18.064351157539519, 0.0 ], [ -60.727211623422356, -18.058240393415485, 0.0 ], [ -60.727430033591894, -18.052547977897571, 0.0 ], [ -60.727178941476524, -18.049489176048795, 0.0 ], [ -60.727784669524574, -18.047551669431087, 0.0 ], [ -60.727675178489697, -18.044772337869183, 0.0 ], [ -60.727429429767213, -18.041296893138174, 0.0 ], [ -60.727029584965017, -18.038514144341978, 0.0 ], [ -60.725328543356525, -18.035299386473451, 0.0 ], [ -60.725487998382683, -18.034190043969005, 0.0 ], [ -60.726955773530158, -18.032957184743463, 0.0 ], [ -60.728565136737707, -18.032003779153648, 0.0 ], [ -60.732194406169874, -18.03204637489079, 0.0 ], [ -60.735669630731167, -18.032781615091196, 0.0 ], [ -60.740311594185215, -18.033113724253521, 0.0 ], [ -60.744243653429585, -18.032187309126499, 0.0 ], [ -60.747584390330346, -18.032087347122388, 0.0 ], [ -60.751719569742193, -18.038395537792329, 0.0 ], [ -60.754543881106464, -18.032862808403475, 0.0 ], [ -60.757326826990884, -18.03095043888068, 0.0 ], [ -60.761414501008318, -18.029192033208904, 0.0 ], [ -60.764608278688662, -18.02922897491155, 0.0 ], [ -60.764776249150458, -18.027425146796141, 0.0 ], [ -60.765119182945632, -18.02326194698545, 0.0 ], [ -60.765281877570956, -18.021874773263495, 0.0 ], [ -60.767924624230695, -18.019543882935494, 0.0 ], [ -60.768323425596812, -18.010936326205666, 0.0 ], [ -60.767643124280383, -18.007316932016408, 0.0 ], [ -60.767525958590994, -18.005093087319619, 0.0 ], [ -60.769587797947501, -18.002755446380569, 0.0 ], [ -60.770932569838145, -17.999714996585784, 0.0 ], [ -60.77185406348088, -17.995697318899378, 0.0 ], [ -60.775776472107196, -17.995464581843041, 0.0 ], [ -60.778389093156747, -17.995494561907417, 0.0 ], [ -60.779279093800206, -17.993976792695697, 0.0 ], [ -60.780302057553989, -17.993432887060827, 0.0 ], [ -60.780620146197826, -17.991214019682744, 0.0 ], [ -60.780642731164143, -17.989408487055151, 0.0 ], [ -60.782249699113038, -17.988593441615386, 0.0 ], [ -60.785601798125512, -17.987520517747797, 0.0 ], [ -60.78735213474193, -17.986845972334912, 0.0 ], [ -60.787378108346026, -17.984762654338596, 0.0 ], [ -60.785795455225795, -17.983633321450547, 0.0 ], [ -60.786129034194381, -17.980164442117449, 0.0 ], [ -60.787882754453108, -17.979212107691851, 0.0 ], [ -60.789931910508095, -17.977846401098628, 0.0 ], [ -60.790823441900471, -17.976189666844547, 0.0 ], [ -60.792000032460571, -17.974952896498081, 0.0 ], [ -60.791581914161313, -17.973559053151735, 0.0 ], [ -60.790737052768684, -17.971465809072729, 0.0 ], [ -60.790184189043572, -17.969236983775239, 0.0 ], [ -60.790811319230997, -17.965493610532874, 0.0 ], [ -60.792746215564058, -17.96162620266249, 0.0 ], [ -60.799353978874308, -17.955450359895085, 0.0 ], [ -60.801565051669499, -17.952697236600006, 0.0 ], [ -60.803176737002076, -17.951465301070968, 0.0 ], [ -60.805211736888161, -17.951210500586946, 0.0 ], [ -60.806814822156113, -17.950672977759105, 0.0 ], [ -60.808576701841773, -17.94902595894137, 0.0 ], [ -60.810333419823884, -17.947795590582079, 0.0 ], [ -60.812518610302, -17.947125671479004, 0.0 ], [ -60.814271870001512, -17.946173044657517, 0.0 ], [ -60.817611084739752, -17.946071694421502, 0.0 ], [ -60.821960965253176, -17.946398354866997, 0.0 ], [ -60.823137139411173, -17.945161347324856, 0.0 ], [ -60.825472465285891, -17.944076223665796, 0.0 ], [ -60.827632132988199, -17.945489505101197, 0.0 ], [ -60.82910695762186, -17.943561240907698, 0.0 ], [ -60.830721775172925, -17.942051260429817, 0.0 ], [ -60.833200438429373, -17.941106549083212, 0.0 ], [ -60.834226327465416, -17.940284520025312, 0.0 ], [ -60.835814403397009, -17.939452623433525, 0.0 ], [ -60.835993076149059, -17.939656106681067, 0.0 ], [ -60.84090639534778, -17.943312309299667, 0.0 ], [ -60.84355478136532, -17.945259886178199, 0.0 ], [ -60.848560288841881, -17.945635100236046, 0.0 ], [ -60.852262788496333, -17.943278382625753, 0.0 ], [ -60.854825260332369, -17.938511294229752, 0.0 ], [ -60.855038458926693, -17.934677315967736, 0.0 ], [ -60.859247312356885, -17.931846480807948, 0.0 ], [ -60.86562276263929, -17.929359042589741, 0.0 ], [ -60.871159411737288, -17.927181889938502, 0.0 ], [ -60.877348556457697, -17.926290484729932, 0.0 ], [ -60.883023470015537, -17.926512226193193, 0.0 ], [ -60.887715572786441, -17.925124623846635, 0.0 ], [ -60.893069798452444, -17.924223629140045, 0.0 ], [ -60.899255038819305, -17.923651163481992, 0.0 ], [ -60.905605348440993, -17.923240130846398, 0.0 ], [ -60.91145288069513, -17.922983337432523, 0.0 ], [ -60.920671446566068, -17.920044951470921, 0.0 ], [ -60.924561873739648, -17.915770481148456, 0.0 ], [ -60.92678812523809, -17.910998621360001, 0.0 ], [ -60.932837461299634, -17.907706066949103, 0.0 ], [ -60.938213239984513, -17.90488573317451, 0.0 ], [ -60.943765023041522, -17.901267814618073, 0.0 ], [ -60.947968156567363, -17.898754493540643, 0.0 ], [ -60.952492228727408, -17.897363435543056, 0.0 ], [ -60.956023725977268, -17.895162565615834, 0.0 ], [ -60.959072588802826, -17.891358000581089, 0.0 ], [ -60.961449920136722, -17.887866056634369, 0.0 ], [ -60.966006410067934, -17.883597561374497, 0.0 ], [ -60.974197090162811, -17.882723773691858, 0.0 ], [ -60.984107582883837, -17.87739139860513, 0.0 ], [ -60.986482438680518, -17.874058917843072, 0.0 ], [ -60.988334838352486, -17.87263931740172, 0.0 ], [ -60.992823900904519, -17.874284199508889, 0.0 ], [ -60.997975402999245, -17.876415368242061, 0.0 ], [ -61.003785841553018, -17.879352464357783, 0.0 ], [ -61.006101510101153, -17.881294503085019, 0.0 ], [ -61.012588911260444, -17.883438987458987, 0.0 ], [ -61.016911578304175, -17.88508165612183, 0.0 ], [ -61.022076129766639, -17.886093339965207, 0.0 ], [ -61.02572942241806, -17.887888887111899, 0.0 ], [ -61.029547975406743, -17.88984590649401, 0.0 ], [ -61.03319438558183, -17.892280705197464, 0.0 ], [ -61.036870789031376, -17.891998082815711, 0.0 ], [ -61.043884429794531, -17.891908808911207, 0.0 ], [ -61.050567680050285, -17.891496244804653, 0.0 ], [ -61.055099726057755, -17.889303469459573, 0.0 ], [ -61.062791524649818, -17.888261086215149, 0.0 ], [ -61.067332012815285, -17.885268763859521, 0.0 ], [ -61.070560983608502, -17.880025220540528, 0.0 ], [ -61.072285596017124, -17.874926595155532, 0.0 ], [ -61.070162028603932, -17.870589208319416, 0.0 ], [ -61.068021277745707, -17.867850290484817, 0.0 ], [ -61.065890968184789, -17.864152263235596, 0.0 ], [ -61.064263239282532, -17.860299346639806, 0.0 ], [ -61.063969192247164, -17.856619526811993, 0.0 ], [ -61.064674915772493, -17.853109494908821, 0.0 ], [ -61.064885050813963, -17.849114944183949, 0.0 ], [ -61.064090303412002, -17.84715347800363, 0.0 ], [ -61.064137862056995, -17.847015543923828, 0.0 ], [ -61.064190711879228, -17.846907185463721, 0.0 ], [ -61.064265086860111, -17.846719855263554, 0.0 ], [ -61.064443983248282, -17.846424681715746, 0.0 ], [ -61.064559162097687, -17.846287247428634, 0.0 ], [ -61.06469563231007, -17.846048978001374, 0.0 ], [ -61.066494416535498, -17.844361577053132, 0.0 ], [ -61.068295466717018, -17.842461022149557, 0.0 ], [ -61.070768691323423, -17.84014078508692, 0.0 ], [ -61.073452921674075, -17.838888364613677, 0.0 ], [ -61.075253843475174, -17.836987732995141, 0.0 ], [ -61.078169682467077, -17.834884905251773, 0.0 ], [ -61.081980144537773, -17.832364500650879, 0.0 ], [ -61.085561141993672, -17.830481233855014, 0.0 ], [ -61.088231492089385, -17.830507393832718, 0.0 ], [ -61.091787427415404, -17.830968486350109, 0.0 ], [ -61.095806573181079, -17.829728771167328, 0.0 ], [ -61.099594099318992, -17.829339348564691, 0.0 ], [ -61.101811932829996, -17.827111100558763, 0.0 ], [ -61.106796054442199, -17.826350136223816, 0.0 ], [ -61.10961715208817, -17.825927827457821, 0.0 ], [ -61.112534013277021, -17.825326546510855, 0.0 ], [ -61.117238322787088, -17.824382751041401, 0.0 ], [ -61.119964558303778, -17.824049298970195, 0.0 ], [ -61.123911201723409, -17.823727532573766, 0.0 ], [ -61.126639303906614, -17.823214149158336, 0.0 ], [ -61.128519678630717, -17.822962388452655, 0.0 ], [ -61.131059070433821, -17.822537061021141, 0.0 ], [ -61.132656866934511, -17.822372486414178, 0.0 ], [ -61.137068192478772, -17.822504526477452, 0.0 ], [ -61.139795323399902, -17.822080873995834, 0.0 ], [ -61.142618188817302, -17.821478234273215, 0.0 ], [ -61.145071109885478, -17.820332474269705, 0.0 ], [ -61.146486708078463, -17.819626484732012, 0.0 ], [ -61.147158715395086, -17.818194008470101, 0.0 ], [ -61.147452423750238, -17.817027730143646, 0.0 ], [ -61.147004417600769, -17.814955135825667, 0.0 ], [ -61.146748811249864, -17.812434725865444, 0.0 ], [ -61.147426358030231, -17.810462731601618, 0.0 ], [ -61.148377147818707, -17.809302673578255, 0.0 ], [ -61.150169985675305, -17.808420362702854, 0.0 ], [ -61.151214616184589, -17.807261177003991, 0.0 ], [ -61.153667289437685, -17.806115284469538, 0.0 ], [ -61.154433977121357, -17.804593738518033, 0.0 ], [ -61.15463558624262, -17.80324671441382, 0.0 ], [ -61.154651305308221, -17.801718078084519, 0.0 ], [ -61.154007178429019, -17.800453000356882, 0.0 ], [ -61.152900201871034, -17.798554052844388, 0.0 ], [ -61.152066513659811, -17.797467038687863, 0.0 ], [ -61.150381562616758, -17.797001472053747, 0.0 ], [ -61.149268157401053, -17.795731942733696, 0.0 ], [ -61.148433574948868, -17.794734834064336, 0.0 ], [ -61.147783948483671, -17.794009260352166, 0.0 ], [ -61.146578570608618, -17.792558992373603, 0.0 ], [ -61.145836024885725, -17.79174260456805, 0.0 ], [ -61.145775993804591, -17.791680491365824, 0.0 ], [ -61.145930451308928, -17.791543486150584, 0.0 ], [ -61.146958948498806, -17.789362917192772, 0.0 ], [ -61.150552336721262, -17.786768533374868, 0.0 ], [ -61.154223566002088, -17.785488997650322, 0.0 ], [ -61.158434420671043, -17.785090598058314, 0.0 ], [ -61.161277214658014, -17.784328807800172, 0.0 ], [ -61.162027574388723, -17.782495978330218, 0.0 ], [ -61.162135144681898, -17.780919951102572, 0.0 ], [ -61.164432796451798, -17.779802534663304, 0.0 ], [ -61.16799718199978, -17.780011148413003, 0.0 ], [ -61.169464693061812, -17.779586808207114, 0.0 ], [ -61.172682034933516, -17.777952204086194, 0.0 ], [ -61.174603159493564, -17.777882511483249, 0.0 ], [ -61.178177305759284, -17.777127274769196, 0.0 ], [ -61.181847299750281, -17.775934789686165, 0.0 ], [ -61.18258501364906, -17.775328340940312, 0.0 ], [ -61.184154519411031, -17.773853460600687, 0.0 ], [ -61.185906875507449, -17.772380259109486, 0.0 ], [ -61.187944107212068, -17.7698583044283, 0.0 ], [ -61.189508228810972, -17.768909010260025, 0.0 ], [ -61.189982162055117, -17.767248717853089, 0.0 ], [ -61.191822316755271, -17.766126722430602, 0.0 ], [ -61.194116981301178, -17.765271741792844, 0.0 ], [ -61.195871809913527, -17.76353561658707, 0.0 ], [ -61.195797071390814, -17.76187024921628, 0.0 ], [ -61.200014375910996, -17.760770041180244, 0.0 ], [ -61.202210505231676, -17.760614970093727, 0.0 ], [ -61.204215022719808, -17.761334269347024, 0.0 ], [ -61.206687203821801, -17.761006448510539, 0.0 ], [ -61.208799755100657, -17.760062003844883, 0.0 ], [ -61.211186580793751, -17.759120037225394, 0.0 ], [ -61.213670904928257, -17.757565619735164, 0.0 ], [ -61.214783726455984, -17.755998679686801, 0.0 ], [ -61.216066361002817, -17.755747511245389, 0.0 ], [ -61.217541399241881, -17.754534311916071, 0.0 ], [ -61.218917186408802, -17.754108739327084, 0.0 ], [ -61.221214191508182, -17.752990592666912, 0.0 ], [ -61.222690039377021, -17.751689740730242, 0.0 ], [ -61.223252446904006, -17.750292984050834, 0.0 ], [ -61.224562679289456, -17.747238297479122, 0.0 ], [ -61.224273460316752, -17.746319524737462, 0.0 ], [ -61.224731562517377, -17.743830899029962, 0.0 ], [ -61.224536300456357, -17.741647953593162, 0.0 ], [ -61.222936219375526, -17.739036825956887, 0.0 ], [ -61.222619281614854, -17.738203029047735, 0.0 ], [ -61.221976191486135, -17.737470143503884, 0.0 ], [ -61.219935497455637, -17.735582061755242, 0.0 ], [ -61.219295506427351, -17.734537599074315, 0.0 ], [ -61.218442878574436, -17.733075744829701, 0.0 ], [ -61.217599509471484, -17.730679180390776, 0.0 ], [ -61.217284662547563, -17.72963766752687, 0.0 ], [ -61.216764377077546, -17.727451767737065, 0.0 ], [ -61.21558052463574, -17.726610086851863, 0.0 ], [ -61.214547446465602, -17.725674520982935, 0.0 ], [ -61.210901234665009, -17.72243665627207, 0.0 ], [ -61.207360460157183, -17.720185371668876, 0.0 ], [ -61.198568408613248, -17.716955293253001, 0.0 ], [ -61.197279856437213, -17.716382427350734, 0.0 ], [ -61.195042275252604, -17.714513190693634, 0.0 ], [ -61.194907312257989, -17.714471900825515, 0.0 ], [ -61.194954754929007, -17.71444007657189, 0.0 ], [ -61.194644380121844, -17.714180788907179, 0.0 ], [ -61.193790779506735, -17.713537956566707, 0.0 ], [ -61.190537969695292, -17.711669526199572, 0.0 ], [ -61.190433806393905, -17.711602128074333, 0.0 ], [ -61.189747999556431, -17.711152756165415, 0.0 ], [ -61.188834575852106, -17.710550636135149, 0.0 ], [ -61.188681066868654, -17.710453754827423, 0.0 ], [ -61.188603603744006, -17.710407264623843, 0.0 ], [ -61.188525374725387, -17.710362886085122, 0.0 ], [ -61.188446059940311, -17.710321493578547, 0.0 ], [ -61.188365234719335, -17.71028425866594, 0.0 ], [ -61.188282340609177, -17.710252720310688, 0.0 ], [ -61.188197138368196, -17.710228171950963, 0.0 ], [ -61.188109875000798, -17.710209296721992, 0.0 ], [ -61.188021106956747, -17.710194566479558, 0.0 ], [ -61.187931255120098, -17.710182810527435, 0.0 ], [ -61.187840637438327, -17.710173158093081, 0.0 ], [ -61.187657979184721, -17.710157740469398, 0.0 ], [ -61.186461829757597, -17.71007808129184, 0.0 ], [ -61.18544813736905, -17.710000963145394, 0.0 ], [ -61.185265249835012, -17.70999002898477, 0.0 ], [ -61.185174730708304, -17.709986734310661, 0.0 ], [ -61.185085239196987, -17.709985870519095, 0.0 ], [ -61.184997235810137, -17.709988515246, 0.0 ], [ -61.184911333703276, -17.709996127919833, 0.0 ], [ -61.184828354235123, -17.71001064966201, 0.0 ], [ -61.184749374755917, -17.71003462570371, 0.0 ], [ -61.184674253663005, -17.710070698435846, 0.0 ], [ -61.184603228230884, -17.710116458563292, 0.0 ], [ -61.184535184360676, -17.710169263844286, 0.0 ], [ -61.184469271210681, -17.710227104221048, 0.0 ], [ -61.184404855199901, -17.710288488455365, 0.0 ], [ -61.184278776312325, -17.710417758715533, 0.0 ], [ -61.184154557211805, -17.710551430843935, 0.0 ], [ -61.183722219065459, -17.711025008456179, 0.0 ], [ -61.183350492482127, -17.711428219295783, 0.0 ], [ -61.181548833031698, -17.71336531748435, 0.0 ], [ -61.180574468571152, -17.714891161249916, 0.0 ], [ -61.180283422533904, -17.715352294047999, 0.0 ], [ -61.179945537945684, -17.715894740548695, 0.0 ], [ -61.179848098109893, -17.716047323223393, 0.0 ], [ -61.17979862996323, -17.716121616252437, 0.0 ], [ -61.179748278651687, -17.716193551937714, 0.0 ], [ -61.17969661461472, -17.716261977024683, 0.0 ], [ -61.179643039194687, -17.716325305713937, 0.0 ], [ -61.17958674832672, -17.716381381086457, 0.0 ], [ -61.179526662375544, -17.716427328083149, 0.0 ], [ -61.179461360345861, -17.716459346893213, 0.0 ], [ -61.179390008131598, -17.716474335238011, 0.0 ], [ -61.179313480298674, -17.716475499666711, 0.0 ], [ -61.179233181260997, -17.716466603689746, 0.0 ], [ -61.179150183390448, -17.716450496092985, 0.0 ], [ -61.179065283455643, -17.716429310234183, 0.0 ], [ -61.178979070755631, -17.716404625500306, 0.0 ], [ -61.178891978696178, -17.716377587952834, 0.0 ], [ -61.178716294682488, -17.716319507106125, 0.0 ], [ -61.178098233601652, -17.716107773733576, 0.0 ], [ -61.177569911425465, -17.715930126962984, 0.0 ], [ -61.175813206758043, -17.715348424602713, 0.0 ], [ -61.174847854373553, -17.715026611381198, 0.0 ], [ -61.174672118239243, -17.714969309981729, 0.0 ], [ -61.174495914602758, -17.714914620665017, 0.0 ], [ -61.174407483188041, -17.714889108375544, 0.0 ], [ -61.174318704154103, -17.714865530854315, 0.0 ], [ -61.174229441574234, -17.7148446503064, 0.0 ], [ -61.174139511759293, -17.714827476958643, 0.0 ], [ -61.174047968460947, -17.714814731148291, 0.0 ], [ -61.173955749826789, -17.714805746670013, 0.0 ], [ -61.17386304161554, -17.714799494340333, 0.0 ], [ -61.173676674417266, -17.714792258133627, 0.0 ], [ -61.173489611829147, -17.714788902199693, 0.0 ], [ -61.171896448170358, -17.714777766033958, 0.0 ], [ -61.167774610581667, -17.714739533440316, 0.0 ], [ -61.16665018995991, -17.714727745030977, 0.0 ], [ -61.165712403928453, -17.714714659333321, 0.0 ], [ -61.165431945260913, -17.714714448589838, 0.0 ], [ -61.165338959106492, -17.714716500149844, 0.0 ], [ -61.165246430189171, -17.714720496676946, 0.0 ], [ -61.16515455375243, -17.714727262189857, 0.0 ], [ -61.165063591889009, -17.714737906841133, 0.0 ], [ -61.164973886093748, -17.714753890280605, 0.0 ], [ -61.164886614753456, -17.714776139678825, 0.0 ], [ -61.164800579664522, -17.714803635525161, 0.0 ], [ -61.164715444590584, -17.714834956167902, 0.0 ], [ -61.164630956582606, -17.714869018646088, 0.0 ], [ -61.164546924016499, -17.714905013431615, 0.0 ], [ -61.164379695486623, -17.714980566919767, 0.0 ], [ -61.164213039808324, -17.715058547917405, 0.0 ], [ -61.163464004038154, -17.71541333923669, 0.0 ], [ -61.16204792635056, -17.716078308394756, 0.0 ], [ -61.161048951408922, -17.716550299974475, 0.0 ], [ -61.160881722002131, -17.716625850212285, 0.0 ], [ -61.160797686136796, -17.716661840514181, 0.0 ], [ -61.160713196676262, -17.71669590024943, 0.0 ], [ -61.160628060171184, -17.716727216255475, 0.0 ], [ -61.160542023659097, -17.716754710084285, 0.0 ], [ -61.160454749109427, -17.71677695554353, 0.0 ], [ -61.16036679628737, -17.716792680315422, 0.0 ], [ -61.160277625334608, -17.716803240025513, 0.0 ], [ -61.160187565262504, -17.716810021929309, 0.0 ], [ -61.160096865435641, -17.71681408817707, 0.0 ], [ -61.160005711996611, -17.716816229274773, 0.0 ], [ -61.159822564793089, -17.716816942744071, 0.0 ], [ -61.159638839369592, -17.716815194889524, 0.0 ], [ -61.157799712743802, -17.716788786170259, 0.0 ], [ -61.157432295631274, -17.716785539804967, 0.0 ], [ -61.157249155145699, -17.716787280029546, 0.0 ], [ -61.157157908368532, -17.7167900775822, 0.0 ], [ -61.157067002935875, -17.716794897632848, 0.0 ], [ -61.156976570342714, -17.71680252565951, 0.0 ], [ -61.156886782914398, -17.71681399508434, 0.0 ], [ -61.156795838699722, -17.716830543965667, 0.0 ], [ -61.156705564553619, -17.716851079038978, 0.0 ], [ -61.156615777476645, -17.716874503537099, 0.0 ], [ -61.156526336929836, -17.716899993950204, 0.0 ], [ -61.156348106131773, -17.716954860408869, 0.0 ], [ -61.154926376412746, -17.717422877719716, 0.0 ], [ -61.154480488578699, -17.717566970274344, 0.0 ], [ -61.15376477130728, -17.717794945382735, 0.0 ], [ -61.153588248481675, -17.717854292171914, 0.0 ], [ -61.153501623108106, -17.717885580090908, 0.0 ], [ -61.153416853168636, -17.717918693330141, 0.0 ], [ -61.153334782307766, -17.717954470146605, 0.0 ], [ -61.153256562243392, -17.717994044431265, 0.0 ], [ -61.153183736623959, -17.718038942269835, 0.0 ], [ -61.153118343812721, -17.718091171453338, 0.0 ], [ -61.153062192294819, -17.718152172922199, 0.0 ], [ -61.153013441827625, -17.718220476539766, 0.0 ], [ -61.152970072777912, -17.718294086446601, 0.0 ], [ -61.152930554535331, -17.718371492045296, 0.0 ], [ -61.152893750370723, -17.718451568624292, 0.0 ], [ -61.152825153938352, -17.7186166505338, 0.0 ], [ -61.152728048908479, -17.71886992726456, 0.0 ], [ -61.152442355855136, -17.719634777363709, 0.0 ], [ -61.152377335820773, -17.719803481397975, 0.0 ], [ -61.152309535123983, -17.719970106469766, 0.0 ], [ -61.152273653041135, -17.720051950670491, 0.0 ], [ -61.152235632026695, -17.72013221257388, 0.0 ], [ -61.15219457942672, -17.720210235965336, 0.0 ], [ -61.152149295757454, -17.720285131348231, 0.0 ], [ -61.15209819603173, -17.720355725510174, 0.0 ], [ -61.152041223772486, -17.720419801618863, 0.0 ], [ -61.15197864119056, -17.720479739256902, 0.0 ], [ -61.151911958321328, -17.720536665749044, 0.0 ], [ -61.151842333448009, -17.720591443094644, 0.0 ], [ -61.151697491001265, -17.720696971442322, 0.0 ], [ -61.151548660963513, -17.720799702826124, 0.0 ], [ -61.151398179384067, -17.720901299994463, 0.0 ], [ -61.151171413687813, -17.721052441552946, 0.0 ], [ -61.151019617303788, -17.721151300141443, 0.0 ], [ -61.150866481438413, -17.721245989865274, 0.0 ], [ -61.150788918847084, -17.721290392987747, 0.0 ], [ -61.150710273822966, -17.721331682345866, 0.0 ], [ -61.150630104563191, -17.72136862952987, 0.0 ], [ -61.150547824246523, -17.721399622581309, 0.0 ], [ -61.150462666829021, -17.721423427324122, 0.0 ], [ -61.150375374307096, -17.721441234334947, 0.0 ], [ -61.150286527774249, -17.721454663646888, 0.0 ], [ -61.150196567164485, -17.72146494274676, 0.0 ], [ -61.150014531480515, -17.721479514160617, 0.0 ], [ -61.149830984362872, -17.721489785844177, 0.0 ], [ -61.147803803444056, -17.721578538895521, 0.0 ], [ -61.147619944712282, -17.721587754776902, 0.0 ], [ -61.147437188739907, -17.721599931727898, 0.0 ], [ -61.147346613577902, -17.72160816901452, 0.0 ], [ -61.147256900783979, -17.721618723747898, 0.0 ], [ -61.147168411884707, -17.721632560667025, 0.0 ], [ -61.147081620271351, -17.721650950950714, 0.0 ], [ -61.146997155323604, -17.721675581957982, 0.0 ], [ -61.146914424876023, -17.721708299377799, 0.0 ], [ -61.14683407431081, -17.721747398070249, 0.0 ], [ -61.146755453999148, -17.721791141699434, 0.0 ], [ -61.14667807411287, -17.7218382065304, 0.0 ], [ -61.146601562050485, -17.721887604229828, 0.0 ], [ -61.146450139705706, -17.721990693634691, 0.0 ], [ -61.14554989776672, -17.722631466690537, 0.0 ], [ -61.144648731689678, -17.723269455268838, 0.0 ], [ -61.144048756268504, -17.723696337863849, 0.0 ], [ -61.143822931617819, -17.723854631985837, 0.0 ], [ -61.143670721861589, -17.723956610142132, 0.0 ], [ -61.143593569936989, -17.724005360785068, 0.0 ], [ -61.143515311059808, -17.724051741886271, 0.0 ], [ -61.143435504275132, -17.724094813247895, 0.0 ], [ -61.14335357033665, -17.7241333315947, 0.0 ], [ -61.143268541112676, -17.724166465582542, 0.0 ], [ -61.143181364454506, -17.724195002990367, 0.0 ], [ -61.143092625105197, -17.72422020340526, 0.0 ], [ -61.142912141115154, -17.72426416895885, 0.0 ], [ -61.142637689322221, -17.724322144012845, 0.0 ], [ -61.14015521335044, -17.724816906666497, 0.0 ], [ -61.139879949790817, -17.724873197644122, 0.0 ], [ -61.139697551138944, -17.724913476477465, 0.0 ], [ -61.139607057850839, -17.724935358140055, 0.0 ], [ -61.139517310983578, -17.724959089066996, 0.0 ], [ -61.139428612103885, -17.724985411179187, 0.0 ], [ -61.139341356524049, -17.725015300389277, 0.0 ], [ -61.139256384901003, -17.725049332064259, 0.0 ], [ -61.139172841830238, -17.725086897271623, 0.0 ], [ -61.139090337546165, -17.72512703009194, 0.0 ], [ -61.138927334724421, -17.725212261288302, 0.0 ], [ -61.138765817388368, -17.72530116107086, 0.0 ], [ -61.137801666664267, -17.725846846062005, 0.0 ], [ -61.136354297331287, -17.726662778768389, 0.0 ], [ -61.135470822327363, -17.727164736026918, 0.0 ], [ -61.135309656445202, -17.727254338914463, 0.0 ], [ -61.135147321230349, -17.727340310234581, 0.0 ], [ -61.135065332469644, -17.727380738821399, 0.0 ], [ -61.134982476000509, -17.727418464899088, 0.0 ], [ -61.134898402855079, -17.72745240908667, 0.0 ], [ -61.13481266192715, -17.727481158545142, 0.0 ], [ -61.134724009246796, -17.727503755490563, 0.0 ], [ -61.134633657692262, -17.727521066153972, 0.0 ], [ -61.134542073042695, -17.727534544168737, 0.0 ], [ -61.134449609797834, -17.727545281615946, 0.0 ], [ -61.134263020869525, -17.727561594259743, 0.0 ], [ -61.13388696175938, -17.727585303017992, 0.0 ], [ -61.132661627647011, -17.727653344868244, 0.0 ], [ -61.132473975607653, -17.727666155468256, 0.0 ], [ -61.13228799026529, -17.727683344725342, 0.0 ], [ -61.132196171457657, -17.727695021437921, 0.0 ], [ -61.1321056009023, -17.727709970700186, 0.0 ], [ -61.132016774104351, -17.727729503683417, 0.0 ], [ -61.131930355666555, -17.727755353294242, 0.0 ], [ -61.131847650625922, -17.727788587238763, 0.0 ], [ -61.131767315384032, -17.727828036258263, 0.0 ], [ -61.1316887018545, -17.72787201007106, 0.0 ], [ -61.131611321869407, -17.727919216551289, 0.0 ], [ -61.131534808232111, -17.727968699017307, 0.0 ], [ -61.131383374195678, -17.728071840514659, 0.0 ], [ -61.130407892720065, -17.728765468873934, 0.0 ], [ -61.128077511828799, -17.730408433617502, 0.0 ], [ -61.127101943578886, -17.731101854480034, 0.0 ], [ -61.126951064096239, -17.731206668841413, 0.0 ], [ -61.126798492626016, -17.731307354221048, 0.0 ], [ -61.126721030133439, -17.73135480348569, 0.0 ], [ -61.126642324732742, -17.731399195177097, 0.0 ], [ -61.12656188928846, -17.731439322998334, 0.0 ], [ -61.126479080456733, -17.73147358975514, 0.0 ], [ -61.126394433238779, -17.731500412213087, 0.0 ], [ -61.126307445516481, -17.731521476914512, 0.0 ], [ -61.126218727393322, -17.731538314777861, 0.0 ], [ -61.126128738265962, -17.731552080333941, 0.0 ], [ -61.125946233048211, -17.731573652144906, 0.0 ], [ -61.125761739857978, -17.73159074335048, 0.0 ], [ -61.125205714921023, -17.731635827062878, 0.0 ], [ -61.125023506338458, -17.731654430150016, 0.0 ], [ -61.124934458919746, -17.73166611526905, 0.0 ], [ -61.12484769025766, -17.731680424178005, 0.0 ], [ -61.124764206757504, -17.731698491344169, 0.0 ], [ -61.124685359465644, -17.731721853873147, 0.0 ], [ -61.124612952312923, -17.731752559155918, 0.0 ], [ -61.124549359465668, -17.73179330332124, 0.0 ], [ -61.124495570389634, -17.731847391771947, 0.0 ], [ -61.124450882640211, -17.731911840796577, 0.0 ], [ -61.12441280285536, -17.731983811290085, 0.0 ], [ -61.124379435797159, -17.732061151094232, 0.0 ], [ -61.124349378321504, -17.732142255751153, 0.0 ], [ -61.12432159244014, -17.732225945319318, 0.0 ], [ -61.124295325245114, -17.732311367838324, 0.0 ], [ -61.124245368027765, -17.732485144024984, 0.0 ], [ -61.12405195644881, -17.733187327304716, 0.0 ], [ -61.123759972713714, -17.734236533797489, 0.0 ], [ -61.123708699063471, -17.734409313238192, 0.0 ], [ -61.123681400726156, -17.734494459216197, 0.0 ], [ -61.1236522257215, -17.734578200382149, 0.0 ], [ -61.123620320786387, -17.734659905166314, 0.0 ], [ -61.12358452215085, -17.734738701410492, 0.0 ], [ -61.123543269297784, -17.734813428561523, 0.0 ], [ -61.12349450033895, -17.734882544513532, 0.0 ], [ -61.123436333058478, -17.734944998568398, 0.0 ], [ -61.123370606585141, -17.735001813893707, 0.0 ], [ -61.123299405325966, -17.735054542739803, 0.0 ], [ -61.123224297234501, -17.735104355663768, 0.0 ], [ -61.123146459202403, -17.735152132173894, 0.0 ], [ -61.123066751949246, -17.735198512040938, 0.0 ], [ -61.122904040471013, -17.735288814251508, 0.0 ], [ -61.12207896201221, -17.735731772378045, 0.0 ], [ -61.121011854991195, -17.736311162334189, 0.0 ], [ -61.120764966713395, -17.73644200820916, 0.0 ], [ -61.120435299897174, -17.736611813356671, 0.0 ], [ -61.119772754785259, -17.736947303657502, 0.0 ], [ -61.119023617021568, -17.737321816891615, 0.0 ], [ -61.118859748451847, -17.737406998681841, 0.0 ], [ -61.118779589732299, -17.737450915701924, 0.0 ], [ -61.118701429265499, -17.737496323631401, 0.0 ], [ -61.118626182034262, -17.73754390163602, 0.0 ], [ -61.118555081037648, -17.737594572260615, 0.0 ], [ -61.118489778397802, -17.737649570160965, 0.0 ], [ -61.11843245958044, -17.737710519092801, 0.0 ], [ -61.118385084568281, -17.737778425375122, 0.0 ], [ -61.118345631635357, -17.737852236936497, 0.0 ], [ -61.118311943402418, -17.737930349273473, 0.0 ], [ -61.118282384557865, -17.738011543256697, 0.0 ], [ -61.118255729598303, -17.738094900934094, 0.0 ], [ -61.118231076626401, -17.738179754109144, 0.0 ], [ -61.118163443656158, -17.738439029056174, 0.0 ], [ -61.117818384785529, -17.739834151465416, 0.0 ], [ -61.117625588362188, -17.740621145092351, 0.0 ], [ -61.117579650744617, -17.740792999424716, 0.0 ], [ -61.117554639094244, -17.740876911172805, 0.0 ], [ -61.117527331727253, -17.740958556618349, 0.0 ], [ -61.11749668896524, -17.741036917489414, 0.0 ], [ -61.117461311092725, -17.74111060253124, 0.0 ], [ -61.117419316679232, -17.741177762313249, 0.0 ], [ -61.117368232724417, -17.741235955361145, 0.0 ], [ -61.117305671319713, -17.741283439410058, 0.0 ], [ -61.117233932657165, -17.741321870034628, 0.0 ], [ -61.117155528957703, -17.741353725213806, 0.0 ], [ -61.117072360225336, -17.741380881654006, 0.0 ], [ -61.116985852478983, -17.741404739893362, 0.0 ], [ -61.116897045237181, -17.741426333559286, 0.0 ], [ -61.116715369379357, -17.741465512748071, 0.0 ], [ -61.115792416208983, -17.741647027100406, 0.0 ], [ -61.114874788333672, -17.741833791305009, 0.0 ], [ -61.11102923077091, -17.742625959759305, 0.0 ], [ -61.11075497622474, -17.742684104661048, 0.0 ], [ -61.110481838825493, -17.742746471069054, 0.0 ], [ -61.110213109275278, -17.742815914986924, 0.0 ], [ -61.109945487845181, -17.742889537874913, 0.0 ], [ -61.105937428531938, -17.744017572159109, 0.0 ], [ -61.105402449189853, -17.744166058210478, 0.0 ], [ -61.104960956355946, -17.744281377579384, 0.0 ], [ -61.103461621255839, -17.744661587147501, 0.0 ], [ -61.10319657714254, -17.744723881139286, 0.0 ], [ -61.103108016827697, -17.744742358159403, 0.0 ], [ -61.103019270077091, -17.744758841157658, 0.0 ], [ -61.102930265753869, -17.744772565100558, 0.0 ], [ -61.102840910780863, -17.744782520802403, 0.0 ], [ -61.10274958009191, -17.744787954397282, 0.0 ], [ -61.102657886718632, -17.744789510311907, 0.0 ], [ -61.102565930831823, -17.744788241167829, 0.0 ], [ -61.10247378512608, -17.744784943635469, 0.0 ], [ -61.102289136338655, -17.744774506994894, 0.0 ], [ -61.102011735539975, -17.744754255177877, 0.0 ], [ -61.100068760828975, -17.744603280977405, 0.0 ], [ -61.099142192601221, -17.744527788923225, 0.0 ], [ -61.098865021723206, -17.744508015589862, 0.0 ], [ -61.098773193460012, -17.744503441890743, 0.0 ], [ -61.098681901264179, -17.744500783302257, 0.0 ], [ -61.098591381242983, -17.74450089499884, 0.0 ], [ -61.098501960524047, -17.744504941124404, 0.0 ], [ -61.098414071461015, -17.744514478050178, 0.0 ], [ -61.098328284636814, -17.744531543235851, 0.0 ], [ -61.098244680996238, -17.744557934489077, 0.0 ], [ -61.098163197759007, -17.744591917425588, 0.0 ], [ -61.098083255233377, -17.744631422878165, 0.0 ], [ -61.098004415533275, -17.744674881774934, 0.0 ], [ -61.097926351630491, -17.744721120035617, 0.0 ], [ -61.09784882187283, -17.74476927159084, 0.0 ], [ -61.097617920374034, -17.744919765014725, 0.0 ], [ -61.096927687328254, -17.745380020329417, 0.0 ], [ -61.095623023592694, -17.746243865406111, 0.0 ], [ -61.095392155140104, -17.746394812441149, 0.0 ], [ -61.095236819378727, -17.746492370021109, 0.0 ], [ -61.095158257328507, -17.746539214761558, 0.0 ], [ -61.095078747607438, -17.746584015628208, 0.0 ], [ -61.094997914088545, -17.746625963967386, 0.0 ], [ -61.094915264659143, -17.746663985278811, 0.0 ], [ -61.094830035823257, -17.74669734664991, 0.0 ], [ -61.094742974375585, -17.746726756432626, 0.0 ], [ -61.09465458368215, -17.746753295558058, 0.0 ], [ -61.09456524165477, -17.746777782633842, 0.0 ], [ -61.094384767421367, -17.746822891348177, 0.0 ], [ -61.094203020897254, -17.746865267151861, 0.0 ], [ -61.093291430400107, -17.747071265722624, 0.0 ], [ -61.092107994274166, -17.747343572885391, 0.0 ], [ -61.091925661434786, -17.747382827396606, 0.0 ], [ -61.091834329850471, -17.747401044458769, 0.0 ], [ -61.091742821784422, -17.747417763602101, 0.0 ], [ -61.091651068156814, -17.747432386052914, 0.0 ], [ -61.091558975493086, -17.747444123973381, 0.0 ], [ -61.0914671300647, -17.747452283779026, 0.0 ], [ -61.091374948997839, -17.747457595226859, 0.0 ], [ -61.091282522184407, -17.747460828953638, 0.0 ], [ -61.0910971983213, -17.747463271228547, 0.0 ], [ -61.090911519511643, -17.747462732014409, 0.0 ], [ -61.089144795253183, -17.747441059930026, 0.0 ], [ -61.088678394892661, -17.747433711686387, 0.0 ], [ -61.088023274735079, -17.747420298512147, 0.0 ], [ -61.087837386412218, -17.747418388289923, 0.0 ], [ -61.087745504079962, -17.747419015514019, 0.0 ], [ -61.087654873006109, -17.747421498889999, 0.0 ], [ -61.087566098337696, -17.747426741471759, 0.0 ], [ -61.087480015415984, -17.747435988265948, 0.0 ], [ -61.087397756694976, -17.747450917232165, 0.0 ], [ -61.087320833264073, -17.747473775600131, 0.0 ], [ -61.08725123333123, -17.747507517255293, 0.0 ], [ -61.087191512886875, -17.747553658775008, 0.0 ], [ -61.087138915406939, -17.74761038801114, 0.0 ], [ -61.087091541794202, -17.747674882057463, 0.0 ], [ -61.087047942156268, -17.747744990055349, 0.0 ], [ -61.087007030510492, -17.747819096841724, 0.0 ], [ -61.086968001153565, -17.74789600739205, 0.0 ], [ -61.086930261867295, -17.747974844076733, 0.0 ], [ -61.086857090404465, -17.748135974030621, 0.0 ], [ -61.086536505390669, -17.748874555614385, 0.0 ], [ -61.086427398493363, -17.749117136075458, 0.0 ], [ -61.086389676413333, -17.749195722510432, 0.0 ], [ -61.086350679817812, -17.749272154358291, 0.0 ], [ -61.086309827106582, -17.749345442058452, 0.0 ], [ -61.08626632176037, -17.74941423617641, 0.0 ], [ -61.086219091309466, -17.74947671477678, 0.0 ], [ -61.086166707591495, -17.749530457061983, 0.0 ], [ -61.086107296080449, -17.749572280764308, 0.0 ], [ -61.086038265209353, -17.74959993441972, 0.0 ], [ -61.085962032485824, -17.749615370536368, 0.0 ], [ -61.085880548384509, -17.74962190131107, 0.0 ], [ -61.085795300406197, -17.749622042979901, 0.0 ], [ -61.085707398016481, -17.749617685596526, 0.0 ], [ -61.08561766376063, -17.749610214083173, 0.0 ], [ -61.085526697768991, -17.749600648898696, 0.0 ], [ -61.085342661713533, -17.749577938172258, 0.0 ], [ -61.084694069855807, -17.749490544553169, 0.0 ], [ -61.084232328974203, -17.749430371293766, 0.0 ], [ -61.083955840690365, -17.749395530259555, 0.0 ], [ -61.083679481162719, -17.749362601850908, 0.0 ], [ -61.083495151138642, -17.749343120083761, 0.0 ], [ -61.083310567789063, -17.749327777188899, 0.0 ], [ -61.083218191494716, -17.749322476013926, 0.0 ], [ -61.083033184083824, -17.749315618647362, 0.0 ], [ -61.082662680255545, -17.749309228483082, 0.0 ], [ -61.081272581606413, -17.749296424758295, 0.0 ], [ -61.080901922494533, -17.749293849628462, 0.0 ], [ -61.080623961600622, -17.749294490557762, 0.0 ], [ -61.08024878414836, -17.749302020461048, 0.0 ], [ -61.079498500511328, -17.749324374328911, 0.0 ], [ -61.078372806903815, -17.749359810178774, 0.0 ], [ -61.077246119619893, -17.749398783119304, 0.0 ], [ -61.077059210795575, -17.749401755619651, 0.0 ], [ -61.076966269603219, -17.749401183762796, 0.0 ], [ -61.076873889801071, -17.749398369535221, 0.0 ], [ -61.076782309790239, -17.749392355791546, 0.0 ], [ -61.07669185056303, -17.749381868175714, 0.0 ], [ -61.076602935649191, -17.749365213224955, 0.0 ], [ -61.076517725079228, -17.749341603527544, 0.0 ], [ -61.076434001899848, -17.749312037356074, 0.0 ], [ -61.076351368233745, -17.749278102723022, 0.0 ], [ -61.076269515094388, -17.749241009958276, 0.0 ], [ -61.076188216054327, -17.749201654890197, 0.0 ], [ -61.076026640657552, -17.749118662313066, 0.0 ], [ -61.075785432380179, -17.748988837369673, 0.0 ], [ -61.075223214182799, -17.748679736122529, 0.0 ], [ -61.075062497321973, -17.748592727200876, 0.0 ], [ -61.074901842925634, -17.748509414865513, 0.0 ], [ -61.074821586062413, -17.748470532993643, 0.0 ], [ -61.074741413466306, -17.748434707451555, 0.0 ], [ -61.074661373105386, -17.748403271326783, 0.0 ], [ -61.074581519234584, -17.748378027572464, 0.0 ], [ -61.074501928050353, -17.748361372032594, 0.0 ], [ -61.07442269788379, -17.748356451551079, 0.0 ], [ -61.074343852225418, -17.748365828595464, 0.0 ], [ -61.074265369262946, -17.7483869569751, 0.0 ], [ -61.074187152711595, -17.74841667269903, 0.0 ], [ -61.074109124533173, -17.748452574483423, 0.0 ], [ -61.07403123239807, -17.748492854876254, 0.0 ], [ -61.073953430306183, -17.748536172677838, 0.0 ], [ -61.073797991762362, -17.748628290245875, 0.0 ], [ -61.07364264855434, -17.748723996286216, 0.0 ], [ -61.072242949087901, -17.749597554311855, 0.0 ], [ -61.072087590327577, -17.749691745504109, 0.0 ], [ -61.072010172072325, -17.749736639154865, 0.0 ], [ -61.071933058198489, -17.749778991599673, 0.0 ], [ -61.071856395528158, -17.749817595443307, 0.0 ], [ -61.071780380850569, -17.74985080379378, 0.0 ], [ -61.07170528689597, -17.749876394094116, 0.0 ], [ -61.071631467859163, -17.749891404649389, 0.0 ], [ -61.071559399065961, -17.749891952516634, 0.0 ], [ -61.071488683531811, -17.749874610556049, 0.0 ], [ -61.07141974978277, -17.749842505369664, 0.0 ], [ -61.071352112141469, -17.749799608343423, 0.0 ], [ -61.071285404563625, -17.749748932556379, 0.0 ], [ -61.071219350218357, -17.749692732148311, 0.0 ], [ -61.071153746558224, -17.749632663893827, 0.0 ], [ -61.071023336012594, -17.749505406810943, 0.0 ], [ -61.070633922501976, -17.749106291089781, 0.0 ], [ -61.070504123569407, -17.748976404324587, 0.0 ], [ -61.070439215364303, -17.748914130122948, 0.0 ], [ -61.070374310649974, -17.748854877131738, 0.0 ], [ -61.070309420966836, -17.74880003138281, 0.0 ], [ -61.070244561558333, -17.748751512893467, 0.0 ], [ -61.070179755525324, -17.748711915744433, 0.0 ], [ -61.070115027836295, -17.748684714915019, 0.0 ], [ -61.07005041422741, -17.748674491333627, 0.0 ], [ -61.069985806543706, -17.748684999646457, 0.0 ], [ -61.069921316274772, -17.748712522278996, 0.0 ], [ -61.0698569100662, -17.748752429536918, 0.0 ], [ -61.069792565166971, -17.748801213936616, 0.0 ], [ -61.069728260778056, -17.748856241666633, 0.0 ], [ -61.06966398560585, -17.748915575582313, 0.0 ], [ -61.069599728407781, -17.748977801646976, 0.0 ], [ -61.069471244112442, -17.749107171566177, 0.0 ], [ -61.069085834936722, -17.749504463073034, 0.0 ], [ -61.068764632784038, -17.749832503908852, 0.0 ], [ -61.067800756067435, -17.750804600212234, 0.0 ], [ -61.067159298168086, -17.751444084292849, 0.0 ], [ -61.06523390151537, -17.75335566115762, 0.0 ], [ -61.064979445259794, -17.753612456447101, 0.0 ], [ -61.064855031573991, -17.753743200919196, 0.0 ], [ -61.064794258219344, -17.753809765388588, 0.0 ], [ -61.064675195253152, -17.7539472472771, 0.0 ], [ -61.064559342787568, -17.754087430512048, 0.0 ], [ -61.064275365997524, -17.754442993522403, 0.0 ], [ -61.063712610749299, -17.755160700471201, 0.0 ], [ -61.063598400551804, -17.755301284991088, 0.0 ], [ -61.063540208009293, -17.755369582921698, 0.0 ], [ -61.063480794954081, -17.755435637217076, 0.0 ], [ -61.063419614067648, -17.755498437817192, 0.0 ], [ -61.063355916412952, -17.755556609476827, 0.0 ], [ -61.063288707279909, -17.755608309237626, 0.0 ], [ -61.063216668159058, -17.755651117241182, 0.0 ], [ -61.06313814733025, -17.755683261731541, 0.0 ], [ -61.063054737410248, -17.755706400936855, 0.0 ], [ -61.062967782746625, -17.755723008268344, 0.0 ], [ -61.062878296631759, -17.755734953063982, 0.0 ], [ -61.062787037260435, -17.75574362692031, 0.0 ], [ -61.062694559291899, -17.755750058941381, 0.0 ], [ -61.062507453004898, -17.755758946232742, 0.0 ], [ -61.061187419835804, -17.755800883348098, 0.0 ], [ -61.0608111601763, -17.755814204012822, 0.0 ], [ -61.060623384156635, -17.755822243545939, 0.0 ], [ -61.060436242135474, -17.755833047441385, 0.0 ], [ -61.06034310760613, -17.755840380725544, 0.0 ], [ -61.060250431927379, -17.755849756716387, 0.0 ], [ -61.060158396696941, -17.75586199755508, 0.0 ], [ -61.060067244893631, -17.755878178960021, 0.0 ], [ -61.059977567836377, -17.755899075631003, 0.0 ], [ -61.059888765087173, -17.755923882965615, 0.0 ], [ -61.059800597390826, -17.755951528897217, 0.0 ], [ -61.059712879266058, -17.755981201184905, 0.0 ], [ -61.059538284389092, -17.756044356635108, 0.0 ], [ -61.058581485842751, -17.756410961011486, 0.0 ], [ -61.057883652654468, -17.75667465751803, 0.0 ], [ -61.057710593692498, -17.756742163050824, 0.0 ], [ -61.05754053519393, -17.75681330928926, 0.0 ], [ -61.057457622216646, -17.756851459214342, 0.0 ], [ -61.057376952036854, -17.756892345327405, 0.0 ], [ -61.057299416152098, -17.756937059717288, 0.0 ], [ -61.057226194627852, -17.756987039745887, 0.0 ], [ -61.057158512607714, -17.757043215478674, 0.0 ], [ -61.057095120731013, -17.757104628612439, 0.0 ], [ -61.057034859444492, -17.757169862774539, 0.0 ], [ -61.056976848414713, -17.757237839542785, 0.0 ], [ -61.056865123966304, -17.757379028715388, 0.0 ], [ -61.056756526501268, -17.757524010821335, 0.0 ], [ -61.056381217659947, -17.758037346722482, 0.0 ], [ -61.056271880141814, -17.758181805266847, 0.0 ], [ -61.056216006702527, -17.758252774430961, 0.0 ], [ -61.05615885584335, -17.758322410949194, 0.0 ], [ -61.056099905355758, -17.758390176599175, 0.0 ], [ -61.056038461518, -17.758455349861094, 0.0 ], [ -61.055973604921043, -17.758516978399985, 0.0 ], [ -61.055905829565667, -17.758573324338766, 0.0 ], [ -61.055834747733783, -17.75862623772834, 0.0 ], [ -61.055761247093656, -17.758676641673119, 0.0 ], [ -61.055686004592779, -17.758725239454279, 0.0 ], [ -61.055609527463083, -17.75877255920587, 0.0 ], [ -61.055454282896939, -17.758864832307744, 0.0 ], [ -61.05427493512633, -17.759541663733952, 0.0 ], [ -61.054116785390178, -17.759629727402974, 0.0 ], [ -61.053956945364185, -17.759714172052924, 0.0 ], [ -61.053875909052515, -17.75975402656492, 0.0 ], [ -61.053793746272405, -17.759791496465756, 0.0 ], [ -61.053708217586937, -17.759826846812324, 0.0 ], [ -61.05362151449701, -17.759859711783307, 0.0 ], [ -61.053445792628196, -17.759920545341949, 0.0 ], [ -61.053268313668049, -17.759977664323426, 0.0 ], [ -61.053090025333205, -17.76003306484527, 0.0 ], [ -61.052107447199873, -17.760333508966209, 0.0 ], [ -61.05112571031075, -17.760635761331642, 0.0 ], [ -61.050595222197195, -17.760803018810243, 0.0 ], [ -61.049465379122161, -17.761170552561719, 0.0 ], [ -61.048508199280704, -17.761479912539578, 0.0 ], [ -61.048335690022256, -17.76153864014384, 0.0 ], [ -61.048250284971395, -17.761569389666739, 0.0 ], [ -61.048165795336629, -17.761601628129824, 0.0 ], [ -61.048082599078278, -17.761635977263296, 0.0 ], [ -61.048001198433958, -17.761673249761792, 0.0 ], [ -61.047922254921673, -17.761714525523647, 0.0 ], [ -61.047845402057511, -17.761761252754351, 0.0 ], [ -61.047771058191806, -17.761812068694805, 0.0 ], [ -61.047698541372391, -17.761865864336286, 0.0 ], [ -61.047627336413527, -17.761921803367766, 0.0 ], [ -61.047487418466361, -17.762037766303798, 0.0 ], [ -61.047349295417902, -17.762156704021272, 0.0 ], [ -61.047006330309394, -17.762458288944785, 0.0 ], [ -61.046321161699908, -17.76306550721776, 0.0 ], [ -61.046183445172865, -17.763184897938427, 0.0 ], [ -61.046114146359557, -17.763243043502172, 0.0 ], [ -61.04604433897363, -17.763299393316927, 0.0 ], [ -61.045973781520679, -17.763353089401644, 0.0 ], [ -61.045902143664065, -17.763402945838262, 0.0 ], [ -61.045828974984126, -17.76344737347312, 0.0 ], [ -61.045753676359908, -17.763484236885397, 0.0 ], [ -61.04567545978194, -17.763510734730044, 0.0 ], [ -61.045596115858366, -17.763524351578294, 0.0 ], [ -61.04551399380567, -17.763528101150996, 0.0 ], [ -61.045429821870364, -17.763524559233367, 0.0 ], [ -61.045344155598848, -17.763515707222062, 0.0 ], [ -61.045257421836936, -17.763503048206147, 0.0 ], [ -61.045081937090231, -17.763470562703326, 0.0 ], [ -61.044639568366094, -17.76337664941715, 0.0 ], [ -61.044463767202863, -17.763343806067894, 0.0 ], [ -61.044376726199125, -17.763330803005019, 0.0 ], [ -61.044290598100559, -17.763321429159141, 0.0 ], [ -61.044205736996126, -17.763317112813318, 0.0 ], [ -61.044122616502747, -17.763319736074759, 0.0 ], [ -61.044041849219518, -17.763331753421934, 0.0 ], [ -61.043961955442363, -17.763355875805964, 0.0 ], [ -61.043884516130511, -17.76338978990519, 0.0 ], [ -61.043808867872293, -17.763430856431992, 0.0 ], [ -61.04373451008059, -17.763477071045248, 0.0 ], [ -61.043661065030363, -17.763526923916093, 0.0 ], [ -61.043515868419895, -17.763633379918339, 0.0 ], [ -61.043371843094199, -17.763744484923645, 0.0 ], [ -61.042725919261784, -17.764252775126987, 0.0 ], [ -61.041864566466522, -17.764926545556563, 0.0 ], [ -61.041648775909238, -17.765093834891189, 0.0 ], [ -61.041503681959632, -17.765202937312647, 0.0 ], [ -61.041430322434543, -17.765255900665721, 0.0 ], [ -61.041356089498457, -17.76530715224612, 0.0 ], [ -61.041280613706263, -17.765355982762422, 0.0 ], [ -61.04120341133023, -17.765401440558072, 0.0 ], [ -61.041123843456852, -17.765442277898575, 0.0 ], [ -61.041043332421523, -17.765476727394766, 0.0 ], [ -61.040960546369945, -17.76550673441383, 0.0 ], [ -61.040876083604786, -17.765533466776859, 0.0 ], [ -61.040790403945167, -17.765557820788466, 0.0 ], [ -61.040703850843428, -17.765580468437264, 0.0 ], [ -61.040529093937565, -17.76562252268107, 0.0 ], [ -61.039823907803694, -17.765778673132651, 0.0 ], [ -61.039560648784772, -17.765839948154824, 0.0 ], [ -61.039387060464939, -17.765885136259651, 0.0 ], [ -61.039301353814089, -17.76591020755993, 0.0 ], [ -61.039216743909321, -17.765937774290904, 0.0 ], [ -61.03913361897817, -17.765968724819171, 0.0 ], [ -61.039049748311832, -17.766004936776842, 0.0 ], [ -61.038967439865175, -17.766044711285954, 0.0 ], [ -61.038886270404085, -17.766087083741986, 0.0 ], [ -61.038805917875386, -17.766131322739707, 0.0 ], [ -61.038646769333795, -17.766223359546828, 0.0 ], [ -61.038331212534118, -17.766413776197968, 0.0 ], [ -61.037387267127961, -17.766992457420802, 0.0 ], [ -61.037229197945919, -17.767086550970181, 0.0 ], [ -61.037149733131777, -17.767132146051765, 0.0 ], [ -61.037069788192781, -17.767176111881266, 0.0 ], [ -61.036989148451752, -17.767217728966965, 0.0 ], [ -61.036907523022897, -17.767256003307526, 0.0 ], [ -61.036824522746279, -17.767289614674041, 0.0 ], [ -61.036739632968946, -17.767316818764382, 0.0 ], [ -61.03665392054512, -17.767335939527072, 0.0 ], [ -61.036566375083872, -17.767348837881165, 0.0 ], [ -61.036477487575567, -17.767357181095939, 0.0 ], [ -61.036387632566303, -17.767362246790089, 0.0 ], [ -61.036206078606234, -17.767366120337691, 0.0 ], [ -61.035931514597934, -17.767364352395617, 0.0 ], [ -61.034922084545023, -17.767348739457258, 0.0 ], [ -61.032809391980855, -17.767325543229937, 0.0 ], [ -61.0315188147786, -17.767308030581475, 0.0 ], [ -61.031335112637365, -17.767308509959395, 0.0 ], [ -61.031243641758216, -17.767310455501484, 0.0 ], [ -61.031152582571202, -17.767314243655925, 0.0 ], [ -61.031062105873509, -17.767320637746668, 0.0 ], [ -61.0309724381069, -17.767330658236563, 0.0 ], [ -61.030883879541612, -17.767345644344616, 0.0 ], [ -61.030795901169412, -17.767366889008819, 0.0 ], [ -61.030709048122489, -17.76739317534404, 0.0 ], [ -61.030623012943373, -17.76742313063265, 0.0 ], [ -61.030537567495614, -17.76745571632674, 0.0 ], [ -61.030367785512276, -17.76752587132227, 0.0 ], [ -61.030114445418327, -17.767637061607282, 0.0 ], [ -61.029271465300148, -17.768014201046977, 0.0 ], [ -61.028174841096352, -17.768500685212349, 0.0 ], [ -61.027920661467796, -17.768610126624324, 0.0 ], [ -61.027749895878756, -17.768679857278073, 0.0 ], [ -61.027663776613039, -17.768712916366294, 0.0 ], [ -61.027578266445431, -17.768743913557717, 0.0 ], [ -61.027405802542226, -17.768802369840873, 0.0 ], [ -61.027145139586878, -17.768885235944239, 0.0 ], [ -61.025835097020838, -17.769283895118576, 0.0 ], [ -61.025574437494697, -17.769366163662283, 0.0 ], [ -61.025402866869271, -17.769425092343958, 0.0 ], [ -61.025318385450667, -17.769456975193872, 0.0 ], [ -61.025235240344401, -17.769491330656237, 0.0 ], [ -61.025153919454709, -17.769529066193911, 0.0 ], [ -61.025074605770065, -17.769571034699545, 0.0 ], [ -61.024997123747035, -17.76961639149048, 0.0 ], [ -61.024920976027651, -17.76966423081825, 0.0 ], [ -61.024845785611539, -17.76971384961573, 0.0 ], [ -61.024697204433934, -17.769816462464561, 0.0 ], [ -61.024035392898945, -17.770292497615941, 0.0 ], [ -61.023518996753992, -17.770661741546849, 0.0 ], [ -61.023373044442359, -17.770768341377998, 0.0 ], [ -61.023230621912958, -17.770877555140871, 0.0 ], [ -61.023161899526578, -17.770934003473755, 0.0 ], [ -61.023095803460713, -17.770992401721248, 0.0 ], [ -61.023033377626945, -17.771053515702995, 0.0 ], [ -61.022975983932177, -17.771118348441941, 0.0 ], [ -61.022925463898325, -17.771186648402399, 0.0 ], [ -61.022879908937284, -17.771258592370263, 0.0 ], [ -61.022838065858593, -17.771333238053753, 0.0 ], [ -61.022799018432863, -17.771409870615557, 0.0 ], [ -61.022762110485246, -17.771487964855947, 0.0 ], [ -61.022726921769276, -17.771567149735112, 0.0 ], [ -61.022660962993456, -17.771727913031881, 0.0 ], [ -61.022630257350222, -17.771809293343914, 0.0 ], [ -61.02260137930795, -17.771891342580783, 0.0 ], [ -61.022547573552231, -17.772063722137485, 0.0 ], [ -61.022498881386461, -17.772237725294666, 0.0 ], [ -61.022452580482621, -17.772412411185773, 0.0 ], [ -61.022181229204762, -17.773461132424938, 0.0 ], [ -61.021747791810256, -17.775119136713261, 0.0 ], [ -61.021632997805952, -17.77555524450117, 0.0 ], [ -61.021562144160235, -17.775816401633474, 0.0 ], [ -61.021512561192303, -17.77599007820211, 0.0 ], [ -61.021434693989391, -17.776249970930213, 0.0 ], [ -61.021036507145176, -17.777547704505661, 0.0 ], [ -61.020981225234102, -17.777719693410965, 0.0 ], [ -61.020952282235037, -17.777805064416327, 0.0 ], [ -61.020921915333155, -17.777889747052562, 0.0 ], [ -61.020889511016563, -17.777973450532784, 0.0 ], [ -61.020854251358536, -17.778055779010497, 0.0 ], [ -61.020815053871928, -17.778136212902751, 0.0 ], [ -61.020772099377098, -17.778212546923903, 0.0 ], [ -61.020725360845418, -17.778287063798199, 0.0 ], [ -61.020675856971586, -17.778360252646127, 0.0 ], [ -61.020571468418531, -17.778504060705597, 0.0 ], [ -61.020408145683177, -17.778716608411589, 0.0 ], [ -61.01991051946311, -17.779352233335228, 0.0 ], [ -61.019471899235299, -17.779922598088358, 0.0 ], [ -61.019361547701386, -17.780063444036369, 0.0 ], [ -61.01924896046409, -17.780199555833921, 0.0 ], [ -61.019191023464479, -17.780264160187318, 0.0 ], [ -61.019131311301706, -17.780325037024504, 0.0 ], [ -61.019069086554374, -17.78038064664457, 0.0 ], [ -61.019003366640625, -17.780428934613369, 0.0 ], [ -61.018932863032099, -17.78046720014877, 0.0 ], [ -61.018856214430137, -17.780493356070917, 0.0 ], [ -61.018774747083718, -17.780509420533633, 0.0 ], [ -61.018689766220355, -17.780518120681226, 0.0 ], [ -61.018602257994459, -17.780521529952239, 0.0 ], [ -61.018512967256868, -17.780521198961623, 0.0 ], [ -61.018422441419872, -17.780518282426321, 0.0 ], [ -61.0182391833049, -17.780507818438846, 0.0 ], [ -61.01722233813139, -17.780431192221616, 0.0 ], [ -61.016484910945564, -17.780380773155429, 0.0 ], [ -61.016208493116963, -17.780365323163839, 0.0 ], [ -61.015930768411536, -17.780355677697248, 0.0 ], [ -61.015559461745823, -17.78034953809215, 0.0 ], [ -61.014258070008452, -17.780334458885573, 0.0 ], [ -61.013230998437834, -17.780314766018709, 0.0 ], [ -61.013047652870853, -17.780314857525052, 0.0 ], [ -61.012958047576824, -17.780317421756905, 0.0 ], [ -61.012870711954022, -17.780322810550924, 0.0 ], [ -61.012786627801972, -17.780332289656574, 0.0 ], [ -61.012707105835233, -17.780347568138502, 0.0 ], [ -61.012633886026379, -17.780370934008076, 0.0 ], [ -61.012596677703797, -17.780388634988224, 0.0 ], [ -61.012536382686363, -17.780431597528711, 0.0 ], [ -61.012482944973613, -17.780486336430592, 0.0 ], [ -61.01243448914822, -17.780549678752411, 0.0 ], [ -61.01238959715014, -17.780619218696845, 0.0 ], [ -61.012347204639589, -17.780693138581544, 0.0 ], [ -61.012306528680007, -17.780770096982462, 0.0 ], [ -61.012267003054532, -17.780849108823681, 0.0 ], [ -61.012189875805454, -17.781010676323138, 0.0 ], [ -61.011923514551924, -17.781584086087527, 0.0 ], [ -61.011578181489881, -17.782316402960614, 0.0 ], [ -61.01146699980935, -17.782561228288824, 0.0 ], [ -61.011397974899005, -17.782726227582241, 0.0 ], [ -61.011366015797478, -17.782809772685741, 0.0 ], [ -61.011335576387275, -17.782893865345635, 0.0 ], [ -61.011277704923174, -17.783063140026584, 0.0 ], [ -61.011194861698492, -17.783318518798467, 0.0 ], [ -61.011060286105803, -17.783745650251067, 0.0 ], [ -61.010742007377502, -17.78477481309875, 0.0 ], [ -61.010686381665622, -17.784944183475972, 0.0 ], [ -61.010656828510683, -17.785027370682425, 0.0 ], [ -61.010625321179397, -17.785108873885719, 0.0 ], [ -61.010590979739895, -17.785187935190653, 0.0 ], [ -61.010552616009846, -17.785263530667461, 0.0 ], [ -61.010508636453906, -17.785334282634356, 0.0 ], [ -61.010456943045433, -17.78539838547049, 0.0 ], [ -61.010396779573952, -17.785453617156321, 0.0 ], [ -61.010329092814452, -17.785502363350453, 0.0 ], [ -61.010255900383058, -17.785546367412898, 0.0 ], [ -61.010178745518161, -17.785586950495162, 0.0 ], [ -61.010098784553008, -17.785625117227518, 0.0 ], [ -61.010016874989518, -17.785661607206542, 0.0 ], [ -61.009849560339902, -17.785731576487862, 0.0 ], [ -61.009084565579556, -17.786036234260248, 0.0 ], [ -61.008153758563296, -17.78641146264362, 0.0 ], [ -61.007898534091495, -17.786509299884049, 0.0 ], [ -61.007725071396059, -17.786570080810474, 0.0 ], [ -61.007459832338057, -17.786654418429684, 0.0 ], [ -61.007193094207537, -17.786734795998967, 0.0 ], [ -61.003629621334404, -17.78778829830528, 0.0 ], [ -61.003364442096455, -17.787871882588533, 0.0 ], [ -61.003276986794162, -17.787901795562348, 0.0 ], [ -61.003190332315512, -17.787933470231707, 0.0 ], [ -61.00310478259145, -17.787967560171438, 0.0 ], [ -61.003019750274603, -17.788004983602065, 0.0 ], [ -61.002935839205584, -17.788044864934491, 0.0 ], [ -61.002852743814202, -17.788086527993048, 0.0 ], [ -61.002688115975253, -17.78817329034668, 0.0 ], [ -61.002524638813519, -17.788262566803979, 0.0 ], [ -61.000162424897589, -17.789575966124925, 0.0 ], [ -60.999104130483275, -17.790170244452984, 0.0 ], [ -60.998940513165863, -17.790257066031089, 0.0 ], [ -60.998858224987217, -17.790297720004915, 0.0 ], [ -60.998775412050144, -17.790335362855146, 0.0 ], [ -60.998691851095543, -17.790368704003999, 0.0 ], [ -60.998607237050074, -17.790396009354954, 0.0 ], [ -60.998521176712245, -17.790414991009524, 0.0 ], [ -60.998433351308975, -17.790423790960308, 0.0 ], [ -60.998344075857744, -17.790424268077864, 0.0 ], [ -60.998253752996916, -17.790418711259495, 0.0 ], [ -60.99816267839153, -17.7904088536012, 0.0 ], [ -60.998071080994727, -17.790395983028343, 0.0 ], [ -60.997979121890886, -17.790381046178229, 0.0 ], [ -60.997702126452452, -17.790329789694983, 0.0 ], [ -60.99705451171166, -17.790202883133997, 0.0 ], [ -60.996407340431851, -17.790079098594362, 0.0 ], [ -60.995667642925376, -17.789940638404364, 0.0 ], [ -60.99474168535744, -17.789771149238163, 0.0 ], [ -60.994465642042272, -17.789716751439709, 0.0 ], [ -60.994374644171458, -17.789696542253012, 0.0 ], [ -60.994284578622121, -17.789674423696972, 0.0 ], [ -60.994195850627541, -17.789649575998819, 0.0 ], [ -60.994108994861662, -17.789620904264016, 0.0 ], [ -60.994024725450608, -17.789586951356561, 0.0 ], [ -60.993944131258473, -17.789546819592825, 0.0 ], [ -60.993866090665485, -17.789501469569089, 0.0 ], [ -60.993789899244277, -17.789452335037055, 0.0 ], [ -60.993715020580737, -17.789400498228691, 0.0 ], [ -60.993567715267062, -17.789291760659481, 0.0 ], [ -60.993277062325362, -17.789065829967278, 0.0 ], [ -60.992842925948118, -17.788723482968066, 0.0 ], [ -60.992628952932229, -17.788549989734626, 0.0 ], [ -60.992559255089468, -17.788490809312727, 0.0 ], [ -60.992491011968085, -17.788430400674873, 0.0 ], [ -60.992424817775557, -17.788368248639941, 0.0 ], [ -60.992361447630621, -17.788303682686934, 0.0 ], [ -60.992301753430439, -17.788236418847617, 0.0 ], [ -60.992244870013508, -17.788166746380345, 0.0 ], [ -60.992190037537817, -17.788095318801375, 0.0 ], [ -60.992084360176207, -17.787949057941074, 0.0 ], [ -60.991880342943958, -17.787650270215391, 0.0 ], [ -60.991427203251682, -17.786972978941812, 0.0 ], [ -60.991325235973399, -17.786823601076119, 0.0 ], [ -60.991221009433644, -17.786676242633003, 0.0 ], [ -60.991167339751335, -17.786603956768513, 0.0 ], [ -60.991112035591151, -17.786533128510683, 0.0 ], [ -60.991054456742326, -17.786464339418451, 0.0 ], [ -60.99099375363501, -17.786398340552239, 0.0 ], [ -60.990929938556718, -17.786336394125478, 0.0 ], [ -60.990863060163541, -17.786277185242241, 0.0 ], [ -60.990793943339547, -17.786219977942761, 0.0 ], [ -60.990723218655141, -17.786164209538626, 0.0 ], [ -60.990651356706152, -17.786109455731101, 0.0 ], [ -60.990505526003517, -17.786001824518916, 0.0 ], [ -60.989471939379705, -17.785258589347624, 0.0 ], [ -60.989030050360093, -17.784936349926529, 0.0 ], [ -60.988515127396539, -17.784556150394497, 0.0 ], [ -60.988367847738431, -17.78444980655561, 0.0 ], [ -60.988294064642325, -17.784398486961322, 0.0 ], [ -60.98822011213521, -17.784349331117582, 0.0 ], [ -60.98814591070218, -17.784303376245255, 0.0 ], [ -60.988071348129026, -17.784262053123072, 0.0 ], [ -60.987996274596647, -17.784227287221167, 0.0 ], [ -60.987920487890847, -17.784201640387071, 0.0 ], [ -60.987843725790817, -17.784188485128709, 0.0 ], [ -60.987765389534225, -17.78419059423079, 0.0 ], [ -60.987686071038461, -17.784205297823036, 0.0 ], [ -60.987606032916055, -17.784229186357262, 0.0 ], [ -60.987525481552993, -17.784259660985988, 0.0 ], [ -60.987444568817757, -17.784294780900471, 0.0 ], [ -60.987363403259785, -17.784333105345688, 0.0 ], [ -60.987282070130249, -17.784373589932272, 0.0 ], [ -60.987119115453503, -17.784458240203524, 0.0 ], [ -60.986548163356964, -17.78476237663067, 0.0 ], [ -60.986059050995983, -17.785019589194299, 0.0 ], [ -60.983778518939076, -17.7862067038728, 0.0 ], [ -60.98353239347346, -17.786329626740201, 0.0 ], [ -60.983366025800038, -17.786406356896755, 0.0 ], [ -60.983281565822672, -17.786441799736743, 0.0 ], [ -60.983196251779681, -17.786474525266563, 0.0 ], [ -60.983110009192558, -17.786505119944231, 0.0 ], [ -60.982935673988443, -17.786562089182212, 0.0 ], [ -60.982671767672294, -17.786642048617175, 0.0 ], [ -60.981434903893764, -17.787003202343069, 0.0 ], [ -60.980199080536536, -17.78736755573097, 0.0 ], [ -60.979933709350178, -17.787443086513154, 0.0 ], [ -60.979756003958279, -17.787489832747738, 0.0 ], [ -60.979666696499834, -17.787511127749038, 0.0 ], [ -60.979576929749761, -17.787530329250355, 0.0 ], [ -60.979485562050037, -17.787547156243544, 0.0 ], [ -60.979393724248268, -17.787561845355633, 0.0 ], [ -60.979301541921529, -17.787574969749887, 0.0 ], [ -60.979116491052224, -17.787598172201736, 0.0 ], [ -60.978651975820668, -17.78764846991216, 0.0 ], [ -60.977626816918459, -17.78775146358603, 0.0 ], [ -60.977441912099977, -17.787772896119499, 0.0 ], [ -60.977350477938955, -17.78778538858305, 0.0 ], [ -60.977260192509434, -17.787799877695608, 0.0 ], [ -60.977171575701043, -17.787817258703743, 0.0 ], [ -60.977085328487803, -17.787838759379191, 0.0 ], [ -60.977002400013149, -17.787866012083331, 0.0 ], [ -60.976924029620172, -17.787901173453449, 0.0 ], [ -60.976851860309601, -17.78794555869851, 0.0 ], [ -60.976784180611695, -17.787997734467183, 0.0 ], [ -60.976719775168277, -17.788055590451116, 0.0 ], [ -60.976657722810579, -17.788117521685002, 0.0 ], [ -60.976597325996195, -17.788182330247917, 0.0 ], [ -60.976538076117578, -17.788249123721506, 0.0 ], [ -60.976363955615049, -17.788455805866484, 0.0 ], [ -60.975789342915526, -17.789154794559892, 0.0 ], [ -60.974866148599119, -17.790266573163983, 0.0 ], [ -60.974291461232319, -17.790965433548457, 0.0 ], [ -60.97417500009135, -17.791102557747042, 0.0 ], [ -60.974115746503799, -17.791169343033445, 0.0 ], [ -60.974055347801084, -17.791234142465942, 0.0 ], [ -60.973993291633519, -17.791296061772268, 0.0 ], [ -60.973928882357654, -17.791353903038985, 0.0 ], [ -60.973861200699972, -17.791406062206875, 0.0 ], [ -60.973789023807797, -17.791450427059534, 0.0 ], [ -60.973710903437521, -17.791485471171299, 0.0 ], [ -60.973628245351648, -17.791512642823651, 0.0 ], [ -60.97354228529943, -17.791534082366056, 0.0 ], [ -60.973453959310085, -17.791551413902368, 0.0 ], [ -60.973363970360687, -17.791565854391454, 0.0 ], [ -60.973272834585003, -17.791578297240097, 0.0 ], [ -60.973088518974357, -17.791599632870891, 0.0 ], [ -60.972438140972635, -17.791665678976642, 0.0 ], [ -60.972160062759968, -17.791696892994878, 0.0 ], [ -60.971975339089056, -17.791720946229468, 0.0 ], [ -60.971882365052714, -17.791734656731713, 0.0 ], [ -60.971696867855947, -17.791764570291331, 0.0 ], [ -60.971511736885276, -17.791796454210342, 0.0 ], [ -60.970032620571736, -17.792062536383195, 0.0 ], [ -60.969012611498542, -17.792240356604303, 0.0 ], [ -60.968735913166761, -17.792291217536167, 0.0 ], [ -60.96864482580537, -17.792310007887142, 0.0 ], [ -60.968554838818925, -17.792330560443695, 0.0 ], [ -60.968466454174624, -17.792353684461585, 0.0 ], [ -60.968380359162957, -17.792380479311987, 0.0 ], [ -60.968297472623732, -17.79241241626983, 0.0 ], [ -60.968219007879064, -17.792451443963692, 0.0 ], [ -60.968146443005104, -17.792498782004881, 0.0 ], [ -60.968078248058198, -17.792553126235767, 0.0 ], [ -60.968013230021356, -17.79261256618851, 0.0 ], [ -60.967950486796362, -17.792675650641549, 0.0 ], [ -60.967889340334374, -17.792741296583419, 0.0 ], [ -60.967829290460294, -17.792808702908964, 0.0 ], [ -60.967652604734425, -17.793016469482843, 0.0 ], [ -60.967244372238063, -17.793507733731651, 0.0 ], [ -60.966893227905459, -17.793926843437969, 0.0 ], [ -60.964721264381865, -17.796500775474598, 0.0 ], [ -60.963785367216659, -17.797618290037736, 0.0 ], [ -60.963666219480807, -17.797755060793744, 0.0 ], [ -60.96360534708618, -17.797821688123001, 0.0 ], [ -60.963543060984399, -17.797886404440717, 0.0 ], [ -60.963478763036541, -17.797948399478038, 0.0 ], [ -60.963411652584725, -17.798006592542261, 0.0 ], [ -60.963340674518541, -17.798059555185478, 0.0 ], [ -60.963265243955547, -17.798105974071298, 0.0 ], [ -60.96318596804926, -17.798147195282574, 0.0 ], [ -60.963103894526185, -17.798184633633372, 0.0 ], [ -60.963019814761935, -17.798219357068383, 0.0 ], [ -60.962934323156489, -17.798252173105151, 0.0 ], [ -60.962760744793975, -17.798314293554846, 0.0 ], [ -60.961793592670581, -17.798639095933325, 0.0 ], [ -60.961179256512608, -17.798847308904104, 0.0 ], [ -60.959513821543133, -17.799415619166989, 0.0 ], [ -60.95837506487414, -17.799807777404805, 0.0 ], [ -60.958111782997413, -17.799895723288714, 0.0 ], [ -60.957935431380314, -17.799950018252691, 0.0 ], [ -60.957846756139595, -17.799974558627859, 0.0 ], [ -60.957757564470228, -17.799996412239231, 0.0 ], [ -60.957667664179141, -17.800014567967636, 0.0 ], [ -60.957576377216363, -17.800028278836706, 0.0 ], [ -60.957484374490846, -17.800038257416997, 0.0 ], [ -60.957391851862631, -17.800045524802883, 0.0 ], [ -60.957205802430416, -17.800054821808551, 0.0 ], [ -60.956925481983383, -17.800062266558765, 0.0 ], [ -60.9554279708398, -17.800089120442419, 0.0 ], [ -60.951124631972249, -17.800176845713743, 0.0 ], [ -60.950189029616368, -17.800196674386182, 0.0 ], [ -60.949065970064872, -17.800222761924847, 0.0 ], [ -60.948879113799414, -17.800224939879108, 0.0 ], [ -60.948692836144247, -17.800223196606979, 0.0 ], [ -60.948600089833491, -17.800219668032454, 0.0 ], [ -60.948507750393382, -17.800213381963147, 0.0 ], [ -60.948415973011691, -17.800203302915321, 0.0 ], [ -60.948325352834956, -17.800188682788004, 0.0 ], [ -60.948235290574296, -17.800170303068057, 0.0 ], [ -60.948145631153196, -17.800149190208145, 0.0 ], [ -60.948056260113418, -17.800126117228928, 0.0 ], [ -60.94787806785579, -17.800076265723217, 0.0 ], [ -60.947611430996332, -17.799997065604835, 0.0 ], [ -60.946545663095378, -17.799675010246613, 0.0 ], [ -60.944501522466794, -17.799062352122021, 0.0 ], [ -60.943877775648204, -17.79887227954169, 0.0 ], [ -60.943251982747356, -17.798677369319723, 0.0 ], [ -60.943074197167817, -17.798624072363889, 0.0 ], [ -60.942986149146144, -17.798599421109731, 0.0 ], [ -60.942899098375385, -17.798577120127927, 0.0 ], [ -60.942813527701489, -17.798558320920037, 0.0 ], [ -60.942730107483051, -17.798544599754504, 0.0 ], [ -60.942649744852581, -17.798538102729985, 0.0 ], [ -60.942573649992411, -17.798541687404168, 0.0 ], [ -60.94250342055485, -17.79855912694839, 0.0 ], [ -60.942439640180723, -17.798593967050628, 0.0 ], [ -60.942381840819337, -17.798642941497583, 0.0 ], [ -60.942328378965321, -17.798702161909922, 0.0 ], [ -60.942278007679079, -17.798768685427472, 0.0 ], [ -60.942229803292875, -17.798840326933725, 0.0 ], [ -60.942183082708929, -17.798915469374233, 0.0 ], [ -60.942137350002682, -17.79899295026954, 0.0 ], [ -60.942047550109542, -17.799151842189385, 0.0 ], [ -60.941736564630268, -17.799715803298486, 0.0 ], [ -60.941468295213809, -17.800195151429797, 0.0 ], [ -60.940570005825911, -17.801782444411479, 0.0 ], [ -60.940077797268891, -17.80265621737577, 0.0 ], [ -60.939941559015558, -17.802893072152301, 0.0 ], [ -60.939847313212759, -17.803048498229803, 0.0 ], [ -60.939798114814593, -17.803124707795146, 0.0 ], [ -60.939746757680147, -17.803199355198394, 0.0 ], [ -60.939692426231709, -17.803271849148789, 0.0 ], [ -60.939635381542175, -17.803340643056927, 0.0 ], [ -60.939575437332337, -17.803407340306414, 0.0 ], [ -60.939513383076232, -17.803472505710349, 0.0 ], [ -60.939449815418065, -17.80353657828455, 0.0 ], [ -60.939253939954185, -17.803725049131632, 0.0 ], [ -60.938456258041711, -17.804468705882666, 0.0 ], [ -60.937462262661185, -17.805400786636188, 0.0 ], [ -60.937262499767947, -17.805586108165464, 0.0 ], [ -60.937127805532867, -17.805707992484596, 0.0 ], [ -60.936990462327373, -17.805826975018107, 0.0 ], [ -60.936919075183106, -17.80588575506663, 0.0 ], [ -60.936773804675539, -17.806000583942449, 0.0 ], [ -60.936626598629253, -17.80611329185427, 0.0 ], [ -60.936404210492, -17.806280630737742, 0.0 ], [ -60.934992295132595, -17.807336650296936, 0.0 ], [ -60.928382864024336, -17.812288231200693, 0.0 ], [ -60.927715170249314, -17.812790902441275, 0.0 ], [ -60.927048778803069, -17.813297264377283, 0.0 ], [ -60.926899858626832, -17.81340743322933, 0.0 ], [ -60.926824818592593, -17.813460873595066, 0.0 ], [ -60.926749117298144, -17.813512445011451, 0.0 ], [ -60.926672451566183, -17.813561287841154, 0.0 ], [ -60.926594410506844, -17.81360623324553, 0.0 ], [ -60.926514436987574, -17.813645709725535, 0.0 ], [ -60.926431796752091, -17.813677640710139, 0.0 ], [ -60.926346991110243, -17.813700107280475, 0.0 ], [ -60.926259577309636, -17.813715186163396, 0.0 ], [ -60.926170263947895, -17.813724890416317, 0.0 ], [ -60.926079589828568, -17.8137307461717, 0.0 ], [ -60.925987958647362, -17.813733892378519, 0.0 ], [ -60.925895669989778, -17.813735173277529, 0.0 ], [ -60.925709918234553, -17.81373441424083, 0.0 ], [ -60.924963388212809, -17.813721406080102, 0.0 ], [ -60.924404116970251, -17.813713421107291, 0.0 ], [ -60.92133120665401, -17.813678751935026, 0.0 ], [ -60.920771236984613, -17.813670114058578, 0.0 ], [ -60.92011626521036, -17.813656869875071, 0.0 ], [ -60.919930016743258, -17.813654758517995, 0.0 ], [ -60.919746116042298, -17.813657092279058, 0.0 ], [ -60.919655899843626, -17.813661533384753, 0.0 ], [ -60.919567564448094, -17.813669533062551, 0.0 ], [ -60.919481903535178, -17.813682591266613, 0.0 ], [ -60.919399978448212, -17.813702711281636, 0.0 ], [ -60.919323186425409, -17.813732534152127, 0.0 ], [ -60.919252373682028, -17.813774396034241, 0.0 ], [ -60.91918673087288, -17.813826032542753, 0.0 ], [ -60.919124844127076, -17.813884771747833, 0.0 ], [ -60.919065644810011, -17.813948587706772, 0.0 ], [ -60.919008329901025, -17.814015972238074, 0.0 ], [ -60.918897166335597, -17.81415728980722, 0.0 ], [ -60.918788341134167, -17.814303030818813, 0.0 ], [ -60.918410483174256, -17.814818851455268, 0.0 ], [ -60.918139459689371, -17.815185172128661, 0.0 ], [ -60.916288966642632, -17.817662501231069, 0.0 ], [ -60.915909004435939, -17.818176154770974, 0.0 ], [ -60.915530540320731, -17.818694772104557, 0.0 ], [ -60.915421693437651, -17.818840587224724, 0.0 ], [ -60.915366664200917, -17.818911486376589, 0.0 ], [ -60.915310919246046, -17.818980018213956, 0.0 ], [ -60.915254104384609, -17.819045009969027, 0.0 ], [ -60.915195732767913, -17.81910485563705, 0.0 ], [ -60.915135148847185, -17.819157371049197, 0.0 ], [ -60.915071466013323, -17.81919964143713, 0.0 ], [ -60.915003523791619, -17.819227809582383, 0.0 ], [ -60.914930287030892, -17.819238758576599, 0.0 ], [ -60.914852779937107, -17.819235576296066, 0.0 ], [ -60.914772170427021, -17.819222130874774, 0.0 ], [ -60.914689344998308, -17.819201347917748, 0.0 ], [ -60.914604962927946, -17.819175416148838, 0.0 ], [ -60.914519512944665, -17.819145942495407, 0.0 ], [ -60.914433345435079, -17.8191141023946, 0.0 ], [ -60.914259800882725, -17.819046413477782, 0.0 ], [ -60.913562899567033, -17.818766644894186, 0.0 ], [ -60.913128364626047, -17.818595185141746, 0.0 ], [ -60.908790858664361, -17.816906855920756, 0.0 ], [ -60.90818206618647, -17.816667052439652, 0.0 ], [ -60.907483346560994, -17.816386293088357, 0.0 ], [ -60.907309759119308, -17.816318572707647, 0.0 ], [ -60.907223935777587, -17.816286907699318, 0.0 ], [ -60.907139261072267, -17.816257839549952, 0.0 ], [ -60.907056300976009, -17.81623265261593, 0.0 ], [ -60.906975836556555, -17.816213110546865, 0.0 ], [ -60.906898928194401, -17.816201610549566, 0.0 ], [ -60.90682699459316, -17.816201363105385, 0.0 ], [ -60.906761906498801, -17.816216604367249, 0.0 ], [ -60.906705309393715, -17.816250669206006, 0.0 ], [ -60.906655532077401, -17.81630016105596, 0.0 ], [ -60.906610712917868, -17.816360869164118, 0.0 ], [ -60.906569440531655, -17.816429601199776, 0.0 ], [ -60.906530661937815, -17.816503971782222, 0.0 ], [ -60.906493596011813, -17.816582221779498, 0.0 ], [ -60.906457680467156, -17.81666307410239, 0.0 ], [ -60.90638779736193, -17.816829176499809, 0.0 ], [ -60.906147233508626, -17.817419659029905, 0.0 ], [ -60.905973924114825, -17.817838089088927, 0.0 ], [ -60.904715732587448, -17.820826367843051, 0.0 ], [ -60.904507626898408, -17.821325753600185, 0.0 ], [ -60.904267096707159, -17.821910572176389, 0.0 ], [ -60.904197208831491, -17.82207653144734, 0.0 ], [ -60.904124193035486, -17.822239447039344, 0.0 ], [ -60.90408536857565, -17.822318654926598, 0.0 ], [ -60.904044026186796, -17.822395412906996, 0.0 ], [ -60.903999099002817, -17.822468685092709, 0.0 ], [ -60.903949158312088, -17.822537084812264, 0.0 ], [ -60.903892324092837, -17.822598782407908, 0.0 ], [ -60.903827500633248, -17.822651982833193, 0.0 ], [ -60.903755858258272, -17.822698553289364, 0.0 ], [ -60.903679245277175, -17.822740293273021, 0.0 ], [ -60.903599069909468, -17.822778567548902, 0.0 ], [ -60.903516382174118, -17.822814400980011, 0.0 ], [ -60.903431963566234, -17.822848552663924, 0.0 ], [ -60.9032600377002, -17.822913847010174, 0.0 ], [ -60.902302088804774, -17.823260965241396, 0.0 ], [ -60.901000901089347, -17.823739130277396, 0.0 ], [ -60.900217432423403, -17.824023013473699, 0.0 ], [ -60.899958556760069, -17.824120069778012, 0.0 ], [ -60.899873823634515, -17.824154079100396, 0.0 ], [ -60.899790564128047, -17.824189662563452, 0.0 ], [ -60.899709447209787, -17.824227522063779, 0.0 ], [ -60.899631367091793, -17.824268615771601, 0.0 ], [ -60.899557519871237, -17.824314217675294, 0.0 ], [ -60.899489487325354, -17.824366010627816, 0.0 ], [ -60.899427846385223, -17.824426111142767, 0.0 ], [ -60.899372137444935, -17.824492531356761, 0.0 ], [ -60.899320734071139, -17.824563535548602, 0.0 ], [ -60.899272404804755, -17.824637808702494, 0.0 ], [ -60.899226229196174, -17.824714377914784, 0.0 ], [ -60.899137820151154, -17.82487171425656, 0.0 ], [ -60.899052064029291, -17.825031871433612, 0.0 ], [ -60.89862744484077, -17.825837099845234, 0.0 ], [ -60.897598857632595, -17.827759642287671, 0.0 ], [ -60.897385651848722, -17.828161472330954, 0.0 ], [ -60.897089100140825, -17.828726311504649, 0.0 ], [ -60.896959585077141, -17.828965545254054, 0.0 ], [ -60.896914773382981, -17.82904336330267, 0.0 ], [ -60.896868389331324, -17.829119334152129, 0.0 ], [ -60.896819710924497, -17.829192612590724, 0.0 ], [ -60.896767761271839, -17.829262051641567, 0.0 ], [ -60.896711232360651, -17.829326107789242, 0.0 ], [ -60.896648387995022, -17.829382753209213, 0.0 ], [ -60.896578283042885, -17.829430064353481, 0.0 ], [ -60.896501929698964, -17.829470037750173, 0.0 ], [ -60.896421034262588, -17.829504677405115, 0.0 ], [ -60.89633688808226, -17.829535500450671, 0.0 ], [ -60.896250456893014, -17.82956364018975, 0.0 ], [ -60.89616245334782, -17.829589934504657, 0.0 ], [ -60.895983655104736, -17.829639244376345, 0.0 ], [ -60.89516981791428, -17.82985028225497, 0.0 ], [ -60.894358984202363, -17.830064846825806, 0.0 ], [ -60.891661692791516, -17.830786694482022, 0.0 ], [ -60.890043850949944, -17.831222652898173, 0.0 ], [ -60.889863658078085, -17.831267930766955, 0.0 ], [ -60.889773336541701, -17.831288938411966, 0.0 ], [ -60.889682778763195, -17.831308220717705, 0.0 ], [ -60.889591890958776, -17.831325091909875, 0.0 ], [ -60.889500547991794, -17.831338645450895, 0.0 ], [ -60.889409283577002, -17.831348093040127, 0.0 ], [ -60.88931757108714, -17.831354262803742, 0.0 ], [ -60.889225530209949, -17.831358044055978, 0.0 ], [ -60.889040812697239, -17.831360967937481, 0.0 ], [ -60.888855624490262, -17.831360454622082, 0.0 ], [ -60.887279339096118, -17.831340182936763, 0.0 ], [ -60.884683752721784, -17.831312709397931, 0.0 ], [ -60.884405759157431, -17.831307927106973, 0.0 ], [ -60.88422055744217, -17.831302372927819, 0.0 ], [ -60.884128028860012, -17.83129826904544, 0.0 ], [ -60.883944096959965, -17.831286787767514, 0.0 ], [ -60.88357661128935, -17.831256579209104, 0.0 ], [ -60.882289817002167, -17.831136717243652, 0.0 ], [ -60.881274405476582, -17.831035079496665, 0.0 ], [ -60.881091898152121, -17.831020441086356, 0.0 ], [ -60.881002074935367, -17.831015707440098, 0.0 ], [ -60.880913849281569, -17.831013862915906, 0.0 ], [ -60.88082793603904, -17.831016190837527, 0.0 ], [ -60.88074528995314, -17.831024425206767, 0.0 ], [ -60.880667194694418, -17.831040879045933, 0.0 ], [ -60.880595330957227, -17.83106858787011, 0.0 ], [ -60.880529866074873, -17.8311109456703, 0.0 ], [ -60.880470839460799, -17.831164939224315, 0.0 ], [ -60.880416487408866, -17.831227373130492, 0.0 ], [ -60.880365467132172, -17.831295828035401, 0.0 ], [ -60.880316783196392, -17.8313685008421, 0.0 ], [ -60.880269700494182, -17.831444066453329, 0.0 ], [ -60.880178362575492, -17.83160030709119, 0.0 ], [ -60.879686815754297, -17.832479151392214, 0.0 ], [ -60.878966141041751, -17.833746361925076, 0.0 ], [ -60.878428197877263, -17.834698617075663, 0.0 ], [ -60.878335566566911, -17.834854342875634, 0.0 ], [ -60.878287505881062, -17.834930455474915, 0.0 ], [ -60.878237538029197, -17.835004652055673, 0.0 ], [ -60.878184850176972, -17.835076117974097, 0.0 ], [ -60.878128349889479, -17.835143754597883, 0.0 ], [ -60.878066596091664, -17.835206115319007, 0.0 ], [ -60.877999860768696, -17.835260942851228, 0.0 ], [ -60.87792804528052, -17.835310671609438, 0.0 ], [ -60.877852510497213, -17.835356671439378, 0.0 ], [ -60.877774287317116, -17.835399980677543, 0.0 ], [ -60.877694149339966, -17.835441381920443, 0.0 ], [ -60.877530248384943, -17.835520611798049, 0.0 ], [ -60.877363708037386, -17.835597305968847, 0.0 ], [ -60.876521011186547, -17.835973512862314, 0.0 ], [ -60.876353491773102, -17.836049504356929, 0.0 ], [ -60.876189715342505, -17.836127529250717, 0.0 ], [ -60.876110679305889, -17.836168059168319, 0.0 ], [ -60.876034800166337, -17.83621026211236, 0.0 ], [ -60.875963476523701, -17.836254870580436, 0.0 ], [ -60.875898583095157, -17.836302873389503, 0.0 ], [ -60.875842632093388, -17.836355587895326, 0.0 ], [ -60.875798911735785, -17.836414751836703, 0.0 ], [ -60.875769970273311, -17.836482143684197, 0.0 ], [ -60.875753373918492, -17.836556037721159, 0.0 ], [ -60.875745776207054, -17.836634677518695, 0.0 ], [ -60.875744635096638, -17.836716716495442, 0.0 ], [ -60.875748051449989, -17.836801157442491, 0.0 ], [ -60.875754611719017, -17.836887255957972, 0.0 ], [ -60.875763290430527, -17.836974471507713, 0.0 ], [ -60.875784266126004, -17.837150807440405, 0.0 ], [ -60.875898998589449, -17.838037679389849, 0.0 ], [ -60.876060093239879, -17.839361586381482, 0.0 ], [ -60.876180102914873, -17.840332016075475, 0.0 ], [ -60.876198077621673, -17.840507875777593, 0.0 ], [ -60.876204889964221, -17.840595478428721, 0.0 ], [ -60.876209346468016, -17.840682730231435, 0.0 ], [ -60.876210460416722, -17.840769478619539, 0.0 ], [ -60.87620691924225, -17.840855527732529, 0.0 ], [ -60.876196990425697, -17.840940619323767, 0.0 ], [ -60.876179152181358, -17.841025018683787, 0.0 ], [ -60.87615486601274, -17.84110845173101, 0.0 ], [ -60.876125886996881, -17.841191182374576, 0.0 ], [ -60.876093546545945, -17.841273407581369, 0.0 ], [ -60.876022511814504, -17.841436903518879, 0.0 ], [ -60.875908381645822, -17.841681010640492, 0.0 ], [ -60.875481444880684, -17.84257484610719, 0.0 ], [ -60.875059392933231, -17.843469982713778, 0.0 ], [ -60.874792652588994, -17.844041779572283, 0.0 ], [ -60.874453418888073, -17.844783038965325, 0.0 ], [ -60.874376899115248, -17.844945862650462, 0.0 ], [ -60.874337606986423, -17.845025548183969, 0.0 ], [ -60.874297097604277, -17.845103202317542, 0.0 ], [ -60.874254777247955, -17.845177826682594, 0.0 ], [ -60.874209826424696, -17.845248053682514, 0.0 ], [ -60.874161133315503, -17.845312031942345, 0.0 ], [ -60.874107220062015, -17.845367279159802, 0.0 ], [ -60.874046127598952, -17.845410530890199, 0.0 ], [ -60.873975566324688, -17.845439350184964, 0.0 ], [ -60.873897709376394, -17.845455974871633, 0.0 ], [ -60.873814561951519, -17.845463757515127, 0.0 ], [ -60.873727639032502, -17.845465232308545, 0.0 ], [ -60.873638070920656, -17.845462283346123, 0.0 ], [ -60.873546690004616, -17.845456304560987, 0.0 ], [ -60.873454097465753, -17.845448301629215, 0.0 ], [ -60.873266875812391, -17.845428890321617, 0.0 ], [ -60.872607504084669, -17.845354108206454, 0.0 ], [ -60.872138132815167, -17.845303373940034, 0.0 ], [ -60.869705317547123, -17.845052006972526, 0.0 ], [ -60.868488473731347, -17.844921996700727, 0.0 ], [ -60.868301926936397, -17.844905612566198, 0.0 ], [ -60.868209047603997, -17.844899578816431, 0.0 ], [ -60.868116598579917, -17.844895906608148, 0.0 ], [ -60.868024764112505, -17.84489559888501, 0.0 ], [ -60.867933790271636, -17.84490001157933, 0.0 ], [ -60.867844002874563, -17.844910932400893, 0.0 ], [ -60.867755951483183, -17.84492973685925, 0.0 ], [ -60.867669079367715, -17.844955015943718, 0.0 ], [ -60.867583064340181, -17.844984992825637, 0.0 ], [ -60.867497662036051, -17.845018326045807, 0.0 ], [ -60.867328011945695, -17.845091321320488, 0.0 ], [ -60.867074901751764, -17.845208310529088, 0.0 ], [ -60.866485381745555, -17.845487133498928, 0.0 ], [ -60.865979741746912, -17.845724291725865, 0.0 ], [ -60.863619187794683, -17.846824605624878, 0.0 ], [ -60.863281016913632, -17.846979619257507, 0.0 ], [ -60.863110728576757, -17.847054441861509, 0.0 ], [ -60.863024962268895, -17.847090470916513, 0.0 ], [ -60.862939283596333, -17.847125004015744, 0.0 ], [ -60.862766696729409, -17.847191334787627, 0.0 ], [ -60.862506181705641, -17.847287182558482, 0.0 ], [ -60.858845340121078, -17.848603127296624, 0.0 ], [ -60.858323800445667, -17.848793573372252, 0.0 ], [ -60.85807008132398, -17.848891864283473, 0.0 ], [ -60.857909332101464, -17.84896018309815, 0.0 ], [ -60.857833537160836, -17.848995675057509, 0.0 ], [ -60.85776221421272, -17.849032355227351, 0.0 ], [ -60.857696786402926, -17.849070482243999, 0.0 ], [ -60.857642115085213, -17.849106143739448, 0.0 ], [ -60.8575867896541, -17.849138923538316, 0.0 ], [ -60.857518380274279, -17.849167815203263, 0.0 ], [ -60.857442747191456, -17.849189934506686, 0.0 ], [ -60.857361701042564, -17.849207053846968, 0.0 ], [ -60.857276649875217, -17.849220535594064, 0.0 ], [ -60.857188679361343, -17.849231407948874, 0.0 ], [ -60.857098608586739, -17.849240432404326, 0.0 ], [ -60.856914460878698, -17.849254939366606, 0.0 ], [ -60.856633342726099, -17.84927158053798, 0.0 ], [ -60.856444771584755, -17.849279582132144, 0.0 ], [ -60.856256054912564, -17.849283197029674, 0.0 ], [ -60.856161761118905, -17.849282215992552, 0.0 ], [ -60.856067565113577, -17.849278427436118, 0.0 ], [ -60.855976642212241, -17.849271497685312, 0.0 ], [ -60.855885806041748, -17.849261896705261, 0.0 ], [ -60.855795018220526, -17.849250308821983, 0.0 ], [ -60.855613495905111, -17.849223159635038, 0.0 ], [ -60.855071608821518, -17.84913348564735, 0.0 ], [ -60.85498309630016, -17.849120957622947, 0.0 ], [ -60.854895979328965, -17.849110676203189, 0.0 ], [ -60.854810913043018, -17.849103701007728, 0.0 ], [ -60.854728781908264, -17.849101475396633, 0.0 ], [ -60.854650787207518, -17.849105924995943, 0.0 ], [ -60.85457851124184, -17.849119610168295, 0.0 ], [ -60.854514032603056, -17.849145867301687, 0.0 ], [ -60.854459091182804, -17.849187329860733, 0.0 ], [ -60.854411932335324, -17.849241334421237, 0.0 ], [ -60.854370481248758, -17.849304542839207, 0.0 ], [ -60.854333161066016, -17.849374411981451, 0.0 ], [ -60.854298774293063, -17.849449014460451, 0.0 ], [ -60.854266436287858, -17.849526921369787, 0.0 ], [ -60.854205478518224, -17.849688720166526, 0.0 ], [ -60.853915447055272, -17.85052141395213, 0.0 ], [ -60.853826889149069, -17.850769611560413, 0.0 ], [ -60.853735687465992, -17.851016269595632, 0.0 ], [ -60.853671770223862, -17.851179341806709, 0.0 ], [ -60.853637689325161, -17.851261728097082, 0.0 ], [ -60.85356705270916, -17.851425516760813, 0.0 ], [ -60.853457770688692, -17.851669849133948, 0.0 ], [ -60.852976803277826, -17.852725541218152, 0.0 ], [ -60.852572527868148, -17.853620449609988, 0.0 ], [ -60.85245996270536, -17.853863155060488, 0.0 ], [ -60.852380994142749, -17.854022562171973, 0.0 ], [ -60.852339149195821, -17.854100811055389, 0.0 ], [ -60.852294869648027, -17.854177557933625, 0.0 ], [ -60.852247241622401, -17.854252237176365, 0.0 ], [ -60.852195210878328, -17.854324817298078, 0.0 ], [ -60.852139805383914, -17.854395317745173, 0.0 ], [ -60.852081953919992, -17.854464319665183, 0.0 ], [ -60.852022360617916, -17.854532259002049, 0.0 ], [ -60.851837661774965, -17.854732492201435, 0.0 ], [ -60.851585467361318, -17.854995196908927, 0.0 ], [ -60.851457225214816, -17.855123764820746, 0.0 ], [ -60.851392028725179, -17.855186475888104, 0.0 ], [ -60.851325671686894, -17.855247478540715, 0.0 ], [ -60.85125765337407, -17.855306051801474, 0.0 ], [ -60.851187302553669, -17.855361219873931, 0.0 ], [ -60.851113732798801, -17.855411702868128, 0.0 ], [ -60.85103595875367, -17.855456603729941, 0.0 ], [ -60.850954941618227, -17.855496789429079, 0.0 ], [ -60.850871571381184, -17.855533557956925, 0.0 ], [ -60.850786523019735, -17.855567887858264, 0.0 ], [ -60.850613270064791, -17.855631979708171, 0.0 ], [ -60.850437796860795, -17.855692896913762, 0.0 ], [ -60.849379542068746, -17.856051547229143, 0.0 ], [ -60.849203071679099, -17.856109195642091, 0.0 ], [ -60.849025940360704, -17.856162336974609, 0.0 ], [ -60.848936899640755, -17.856185815115399, 0.0 ], [ -60.848847354146379, -17.856206084342865, 0.0 ], [ -60.84875711479819, -17.856221924846444, 0.0 ], [ -60.848666627909822, -17.856232307205826, 0.0 ], [ -60.848575450368294, -17.856238309657822, 0.0 ], [ -60.848483769713305, -17.856241123991406, 0.0 ], [ -60.848391727956852, -17.856241648805987, 0.0 ], [ -60.848206960810494, -17.856238364588283, 0.0 ], [ -60.847928993282437, -17.856228259464988, 0.0 ], [ -60.847001373005014, -17.85618931626939, 0.0 ], [ -60.846444385457644, -17.856168205302392, 0.0 ], [ -60.845885740700815, -17.856149687856465, 0.0 ], [ -60.845231126290159, -17.856131730952505, 0.0 ], [ -60.845045727815162, -17.856124671591967, 0.0 ], [ -60.844954359853837, -17.856119555360099, 0.0 ], [ -60.844864551912927, -17.85611257915339, 0.0 ], [ -60.844777058229397, -17.85610283801763, 0.0 ], [ -60.844692918127386, -17.856089096812585, 0.0 ], [ -60.844613532790376, -17.856069681755237, 0.0 ], [ -60.844540776248991, -17.856042350660491, 0.0 ], [ -60.844477111973006, -17.856004167760254, 0.0 ], [ -60.844424391436441, -17.855952570836717, 0.0 ], [ -60.844380820598815, -17.855890053202135, 0.0 ], [ -60.844343922472611, -17.855819576684677, 0.0 ], [ -60.844311824969679, -17.85574337898181, 0.0 ], [ -60.844283124890417, -17.855663144699026, 0.0 ], [ -60.844256788657418, -17.855580101815534, 0.0 ], [ -60.844232067736399, -17.855495151736257, 0.0 ], [ -60.844185488537221, -17.855321915509613, 0.0 ], [ -60.844006809141817, -17.854620387289515, 0.0 ], [ -60.843958676635395, -17.854448171822327, 0.0 ], [ -60.843932638101414, -17.854363774466837, 0.0 ], [ -60.843904449256321, -17.854281222379811, 0.0 ], [ -60.843873176220292, -17.854201299285577, 0.0 ], [ -60.843837553362, -17.85412507792736, 0.0 ], [ -60.843795886245772, -17.854053989455537, 0.0 ], [ -60.843745939106341, -17.853989924261651, 0.0 ], [ -60.84368628423266, -17.853934723852625, 0.0 ], [ -60.84361843893754, -17.853886470009503, 0.0 ], [ -60.843544614261901, -17.853843289221292, 0.0 ], [ -60.84346648942315, -17.85380376100365, 0.0 ], [ -60.843385322421994, -17.853766819752313, 0.0 ], [ -60.843302045285576, -17.853731679010405, 0.0 ], [ -60.843217336587244, -17.853697762711633, 0.0 ], [ -60.843045431337536, -17.853632082294336, 0.0 ], [ -60.84235124711735, -17.853375400521898, 0.0 ], [ -60.842093065778819, -17.853276650721927, 0.0 ], [ -60.841923485930735, -17.853207355504367, 0.0 ], [ -60.841840158459554, -17.853170650829441, 0.0 ], [ -60.841758333887682, -17.853131819093363, 0.0 ], [ -60.841678578679435, -17.853090038191048, 0.0 ], [ -60.841601643428376, -17.853044236020168, 0.0 ], [ -60.841527988985874, -17.852993431222178, 0.0 ], [ -60.841457158452158, -17.852938590753119, 0.0 ], [ -60.841388391695972, -17.852880795648389, 0.0 ], [ -60.841321114665917, -17.852820871545727, 0.0 ], [ -60.841189398401752, -17.852696939012368, 0.0 ], [ -60.8407365014953, -17.85225035271996, 0.0 ], [ -60.840605094953887, -17.852124585872851, 0.0 ], [ -60.84053819869132, -17.852063014434115, 0.0 ], [ -60.840470074598684, -17.852002825967247, 0.0 ], [ -60.840400269053411, -17.851944559267288, 0.0 ], [ -60.840328186685866, -17.851888930423161, 0.0 ], [ -60.840253962743461, -17.851836925584376, 0.0 ], [ -60.84017746663266, -17.851787485475995, 0.0 ], [ -60.84001975150489, -17.851693527648475, 0.0 ], [ -60.83985807951376, -17.851603081487816, 0.0 ], [ -60.839694290391911, -17.851514088743425, 0.0 ], [ -60.839366745745565, -17.851339456502529, 0.0 ], [ -60.83920862479048, -17.851257615683554, 0.0 ], [ -60.839062627465047, -17.851186831481215, 0.0 ], [ -60.83899803951951, -17.851159140999481, 0.0 ], [ -60.83894227150256, -17.851139554616676, 0.0 ], [ -60.838898747049051, -17.851131234962708, 0.0 ], [ -60.838871966314947, -17.851138340345198, 0.0 ], [ -60.838871370111491, -17.851140843252669, 0.0 ], [ -60.838997512844337, -17.851422812848618, 0.0 ], [ -60.839373943786377, -17.851741952630125, 0.0 ], [ -60.839458445071344, -17.852083144383396, 0.0 ] ], [ [ -60.839458445071344, -17.852083144383396, 0.0 ], [ -60.839458516756714, -17.852083222865687, 0.0 ], [ -60.8394584612738, -17.852083208700847, 0.0 ], [ -60.839458445071344, -17.852083144383396, 0.0 ] ] ] ] } },
{ "type": "Feature", "properties": { "fid": 563618, "Nombre": "UCPN Tucabaca", "actividades": "Contribución a la gestión del área.|Control y vigilancia.|Manejo Integral del Fuego.|Fortalecimiento de capacidades.", "descripcion": "s/descripcion", "categoria": "Área Protegida", "hectareas": 262621.50378912914 }, "geometry": { "type": "MultiPolygon", "coordinates": [ [ [ [ -59.995953954202129, -18.061485230186285, 0.0 ], [ -59.994320857454255, -18.062707079809027, 0.0 ], [ -59.994082557746069, -18.062503262654385, 0.0 ], [ -59.993542063272933, -18.062218367576097, 0.0 ], [ -59.992882053269362, -18.062048703000158, 0.0 ], [ -59.991803165925965, -18.062110182688162, 0.0 ], [ -59.991204629713515, -18.062399398206423, 0.0 ], [ -59.990306919232651, -18.062861911803562, 0.0 ], [ -59.988750326660821, -18.063499078560763, 0.0 ], [ -59.987612992039232, -18.06401987704238, 0.0 ], [ -59.986834591841351, -18.064309758253799, 0.0 ], [ -59.985637105913653, -18.064773380906175, 0.0 ], [ -59.984977843567826, -18.064833247886781, 0.0 ], [ -59.984258443602549, -18.064835946648486, 0.0 ], [ -59.983838415335654, -18.064722741975523, 0.0 ], [ -59.984077085904794, -18.064377506106144, 0.0 ], [ -59.984554990434155, -18.063859203630148, 0.0 ], [ -59.985512109961327, -18.063224320042597, 0.0 ], [ -59.986288997226573, -18.062475330603945, 0.0 ], [ -59.987544521843333, -18.061437586889703, 0.0 ], [ -59.988020702850584, -18.060402775950983, 0.0 ], [ -59.988735532715637, -18.059022724148438, 0.0 ], [ -59.989029207379737, -18.057185141341382, 0.0 ], [ -59.988784303089965, -18.055636536078495, 0.0 ], [ -59.987761994690295, -18.054664755747979, 0.0 ], [ -59.986499158919706, -18.053464309807971, 0.0 ], [ -59.985537386212691, -18.052664457418057, 0.0 ], [ -59.983736944469783, -18.052039904016929, 0.0 ], [ -59.982058273787722, -18.051988781053687, 0.0 ], [ -59.980019367548124, -18.051766812587221, 0.0 ], [ -59.978401014006842, -18.051830213562024, 0.0 ], [ -59.976783211705978, -18.052065771192595, 0.0 ], [ -59.974987043416995, -18.052761098836829, 0.0 ], [ -59.973610668632091, -18.053512254421712, 0.0 ], [ -59.972174887242616, -18.054435793742009, 0.0 ], [ -59.97067859041254, -18.055187373612277, 0.0 ], [ -59.969064762855226, -18.056685455798497, 0.0 ], [ -59.968110161932998, -18.058123723320442, 0.0 ], [ -59.967033640085738, -18.058931135142064, 0.0 ], [ -59.966257766360023, -18.060024399194997, 0.0 ], [ -59.965542924729533, -18.061461783059087, 0.0 ], [ -59.96464749530837, -18.062670260136592, 0.0 ], [ -59.963093863668277, -18.064282870847325, 0.0 ], [ -59.962317944579752, -18.065376125027541, 0.0 ], [ -59.961183389665166, -18.066815027328321, 0.0 ], [ -59.960347136378047, -18.067793713287514, 0.0 ], [ -59.95927051931023, -18.068601094083249, 0.0 ], [ -59.95807290705644, -18.06906456099501, 0.0 ], [ -59.955559724293479, -18.070623204350046, 0.0 ], [ -59.954602615322415, -18.071315350949646, 0.0 ], [ -59.953285240274788, -18.071836614755256, 0.0 ], [ -59.952268516712607, -18.072643749602427, 0.0 ], [ -59.951791200280603, -18.073391554235549, 0.0 ], [ -59.950356198961472, -18.074659313127846, 0.0 ], [ -59.949457581267069, -18.074892096555232, 0.0 ], [ -59.948438516533407, -18.074953132429009, 0.0 ], [ -59.946940164241489, -18.075130654747923, 0.0 ], [ -59.945920920366952, -18.075134286789741, 0.0 ], [ -59.945021586457379, -18.075137486913061, 0.0 ], [ -59.944422556748592, -18.075311790550014, 0.0 ], [ -59.94376409978522, -18.075658479635141, 0.0 ], [ -59.943407351251359, -18.076635409068373, 0.0 ], [ -59.943408054311163, -18.076864973614754, 0.0 ], [ -59.944489204419988, -18.07749244492512, 0.0 ], [ -59.946293196887453, -18.079207775769198, 0.0 ], [ -59.946595457774308, -18.080010183002749, 0.0 ], [ -59.946060615867765, -18.081561667740264, 0.0 ], [ -59.94642195511301, -18.082076903566552, 0.0 ], [ -59.946542932862215, -18.082420823080426, 0.0 ], [ -59.946428328891805, -18.08414298257345, 0.0 ], [ -59.946249868001388, -18.084602753975652, 0.0 ], [ -59.946614228128624, -18.086093636132102, 0.0 ], [ -59.946734501407839, -18.086207990863077, 0.0 ], [ -59.947336934087154, -18.087124103766186, 0.0 ], [ -59.947699534213214, -18.088041073201058, 0.0 ], [ -59.947761450386437, -18.088672159833418, 0.0 ], [ -59.948004846553829, -18.089819119567306, 0.0 ], [ -59.947108993058251, -18.090970159917145, 0.0 ], [ -59.946390172381989, -18.091202297982896, 0.0 ], [ -59.945189711309027, -18.090804844844726, 0.0 ], [ -59.943869865253497, -18.090579982869766, 0.0 ], [ -59.943570589207468, -18.090753224845358, 0.0 ], [ -59.942495344292198, -18.092077062996012, 0.0 ], [ -59.942076141068426, -18.092250727909924, 0.0 ], [ -59.94147582222778, -18.092023293045866, 0.0 ], [ -59.940693687697042, -18.091165189012433, 0.0 ], [ -59.939792340873829, -18.090537071919432, 0.0 ], [ -59.939313177421546, -18.090710942691686, 0.0 ], [ -59.93859609127675, -18.091516968171078, 0.0 ], [ -59.938176885112298, -18.091690625096216, 0.0 ], [ -59.937277984699982, -18.091865975002889, 0.0 ], [ -59.936436779548536, -18.091295021220823, 0.0 ], [ -59.935655191830278, -18.090609066782054, 0.0 ], [ -59.934573283532799, -18.089751987820836, 0.0 ], [ -59.932713106117603, -18.08929937504978, 0.0 ], [ -59.93247412614128, -18.089587174011353, 0.0 ], [ -59.931397068238716, -18.090337042841124, 0.0 ], [ -59.9307974528963, -18.090339139438509, 0.0 ], [ -59.929776559586372, -18.089826170363398, 0.0 ], [ -59.929713847297421, -18.088908110286628, 0.0 ], [ -59.929889433252328, -18.087472687018018, 0.0 ], [ -59.930005745124966, -18.086267040123325, 0.0 ], [ -59.930123258827244, -18.085463136287437, 0.0 ], [ -59.929461469972914, -18.08471934028519, 0.0 ], [ -59.928621690625633, -18.084607475890067, 0.0 ], [ -59.928143041700736, -18.08495349633283, 0.0 ], [ -59.927845638322815, -18.085758026097515, 0.0 ], [ -59.927307535833123, -18.086276426760907, 0.0 ], [ -59.926409327008031, -18.086681292094468, 0.0 ], [ -59.926111399960952, -18.087313644579364, 0.0 ], [ -59.925274506654937, -18.088177434747561, 0.0 ], [ -59.923778370091178, -18.08915828572589, 0.0 ], [ -59.923540561758898, -18.089847820631263, 0.0 ], [ -59.922702455752059, -18.090309857580248, 0.0 ], [ -59.92150592737832, -18.091232269426371, 0.0 ], [ -59.920907825776496, -18.091750864284318, 0.0 ], [ -59.919893194230696, -18.093361356032837, 0.0 ], [ -59.919115191834138, -18.093880565680458, 0.0 ], [ -59.918036694324812, -18.094171234089337, 0.0 ], [ -59.916779980447089, -18.095036436288943, 0.0 ], [ -59.91606125379213, -18.095325861332064, 0.0 ], [ -59.914321295884207, -18.094987447108835, 0.0 ], [ -59.913240778466523, -18.094589379133108, 0.0 ], [ -59.912640139880125, -18.094247064139502, 0.0 ], [ -59.911798320153196, -18.093446420795356, 0.0 ], [ -59.910417004362877, -18.092704995792442, 0.0 ], [ -59.908260469377915, -18.093458407796007, 0.0 ], [ -59.908802951583802, -18.094432262052788, 0.0 ], [ -59.909344780010542, -18.095176540737178, 0.0 ], [ -59.909526328726344, -18.095749860389013, 0.0 ], [ -59.909588116726233, -18.096380976881264, 0.0 ], [ -59.909289287227928, -18.096726349765966, 0.0 ], [ -59.908149627457966, -18.09661541889486, 0.0 ], [ -59.905028829358436, -18.095707649093704, 0.0 ], [ -59.904610387656973, -18.096168204276005, 0.0 ], [ -59.903831010109684, -18.096228217979014, 0.0 ], [ -59.902871572641381, -18.096231437427996, 0.0 ], [ -59.902092192580653, -18.096291442103436, 0.0 ], [ -59.901374895889369, -18.097097354818047, 0.0 ], [ -59.901196304804714, -18.097557102171532, 0.0 ], [ -59.901078493148745, -18.098303613869717, 0.0 ], [ -59.900901529707248, -18.099337293676928, 0.0 ], [ -59.900123272579911, -18.099799043708884, 0.0 ], [ -59.898384577159888, -18.099919635345518, 0.0 ], [ -59.898025751928195, -18.100265193631373, 0.0 ], [ -59.898026886845102, -18.100666946681091, 0.0 ], [ -59.898088475257246, -18.101240680191914, 0.0 ], [ -59.897852013770802, -18.102446737738589, 0.0 ], [ -59.897374219733059, -18.103137054762271, 0.0 ], [ -59.896894480302414, -18.103138651922269, 0.0 ], [ -59.896173737978096, -18.102739292568085, 0.0 ], [ -59.895750734726178, -18.101592818647735, 0.0 ], [ -59.894911358429397, -18.101652998310488, 0.0 ], [ -59.894672939525293, -18.102170335276139, 0.0 ], [ -59.893955263638155, -18.102861440576476, 0.0 ], [ -59.892697388942011, -18.103382149232271, 0.0 ], [ -59.891619569809123, -18.103959649915165, 0.0 ], [ -59.890720368968168, -18.104077405201586, 0.0 ], [ -59.888261831571675, -18.104142887389319, 0.0 ], [ -59.887782084567306, -18.104144462152888, 0.0 ], [ -59.887243482012828, -18.104547988635829, 0.0 ], [ -59.887244276016332, -18.104834957182021, 0.0 ], [ -59.887364689604468, -18.105006745061448, 0.0 ], [ -59.890128039884566, -18.106719487672464, 0.0 ], [ -59.89066984171577, -18.10746382509129, 0.0 ], [ -59.89091068120203, -18.10780739532046, 0.0 ], [ -59.893253510629023, -18.109234499364756, 0.0 ], [ -59.893973469744374, -18.109346899765441, 0.0 ], [ -59.895053571008056, -18.109572889888877, 0.0 ], [ -59.89523412858734, -18.10980186527928, 0.0 ], [ -59.895294744389389, -18.110031238665872, 0.0 ], [ -59.895056643339274, -18.110663363904553, 0.0 ], [ -59.894637499189777, -18.110894332883948, 0.0 ], [ -59.893498223767409, -18.110955508138094, 0.0 ], [ -59.892658960655659, -18.111073077394192, 0.0 ], [ -59.891578689831952, -18.110789680915442, 0.0 ], [ -59.89001977926349, -18.110909616641415, 0.0 ], [ -59.889241600796694, -18.111428728908404, 0.0 ], [ -59.888702502586057, -18.111660082026834, 0.0 ], [ -59.890444699594006, -18.112744826928573, 0.0 ], [ -59.892127590965892, -18.114059326125119, 0.0 ], [ -59.893327181075151, -18.114112743845148, 0.0 ], [ -59.894106649067133, -18.114052762982162, 0.0 ], [ -59.894767141857557, -18.114337536698592, 0.0 ], [ -59.894827760426914, -18.114566911233172, 0.0 ], [ -59.894590948407306, -18.115658182644601, 0.0 ], [ -59.893752149023442, -18.11594794021698, 0.0 ], [ -59.893333475287029, -18.116351087266246, 0.0 ], [ -59.892795982980459, -18.117156387080115, 0.0 ], [ -59.892437599380777, -18.117674121416673, 0.0 ], [ -59.891901065660413, -18.118823778772008, 0.0 ], [ -59.890520720007963, -18.118483985388472, 0.0 ], [ -59.88991826216111, -18.117510275849735, 0.0 ], [ -59.888954216150381, -18.115906421229006, 0.0 ], [ -59.88805287727984, -18.115278053807081, 0.0 ], [ -59.886671606656968, -18.11459386262322, 0.0 ], [ -59.885471531898673, -18.114368222712994, 0.0 ], [ -59.884514993474333, -18.115461847788485, 0.0 ], [ -59.884757738018529, -18.116494151302071, 0.0 ], [ -59.884700620080025, -18.117527436748425, 0.0 ], [ -59.884104060934668, -18.118677276627299, 0.0 ], [ -59.883264748107777, -18.118794810677553, 0.0 ], [ -59.881583439130992, -18.118054171868138, 0.0 ], [ -59.880983704695602, -18.118056125068559, 0.0 ], [ -59.880744756649776, -18.118401271356362, 0.0 ], [ -59.880386174206031, -18.118861594067493, 0.0 ], [ -59.879427536324165, -18.119209078167028, 0.0 ], [ -59.878348163326152, -18.119269977260792, 0.0 ], [ -59.877809180472319, -18.11955869759057, 0.0 ], [ -59.87751009219361, -18.119846640821187, 0.0 ], [ -59.877511499962608, -18.12036318779219, 0.0 ], [ -59.877572257544848, -18.120649963957352, 0.0 ], [ -59.877154313247168, -18.121340053808389, 0.0 ], [ -59.876675452381001, -18.121685972983087, 0.0 ], [ -59.875716011950139, -18.121746471334429, 0.0 ], [ -59.875177171971018, -18.122092578875634, 0.0 ], [ -59.874999272355971, -18.12283928643205, 0.0 ], [ -59.874520714381795, -18.123299989127204, 0.0 ], [ -59.873922046818848, -18.12370368341514, 0.0 ], [ -59.873322444784336, -18.123763010548071, 0.0 ], [ -59.872599946990256, -18.122732228803301, 0.0 ], [ -59.87145948641156, -18.122391523619964, 0.0 ], [ -59.870800838311624, -18.12279540162189, 0.0 ], [ -59.869962723231104, -18.123372039198635, 0.0 ], [ -59.866663745866205, -18.123267787106922, 0.0 ], [ -59.865765789178766, -18.123901993278725, 0.0 ], [ -59.865467283258006, -18.124419499322109, 0.0 ], [ -59.864929479638462, -18.125167346387741, 0.0 ], [ -59.863490344994439, -18.125286704834807, 0.0 ], [ -59.863130788406721, -18.125402635865548, 0.0 ], [ -59.862532691180284, -18.126035879131852, 0.0 ], [ -59.861515052867347, -18.12678523811595, 0.0 ], [ -59.86067657996059, -18.127247050161852, 0.0 ], [ -59.860376238748032, -18.12707581130098, 0.0 ], [ -59.860194794190328, -18.12650243115036, 0.0 ], [ -59.860193434956265, -18.125985875748164, 0.0 ], [ -59.858810496424937, -18.124670139380978, 0.0 ], [ -59.858272511329787, -18.125360575736536, 0.0 ], [ -59.858214641056399, -18.126164294732995, 0.0 ], [ -59.857796905261068, -18.126969144966985, 0.0 ], [ -59.85695932079264, -18.12777531258493, 0.0 ], [ -59.8563016631173, -18.128580912897196, 0.0 ], [ -59.855521946377799, -18.128583358447983, 0.0 ], [ -59.854921415791836, -18.128298259567355, 0.0 ], [ -59.853240983954045, -18.127901740443107, 0.0 ], [ -59.852341164372667, -18.127847149736262, 0.0 ], [ -59.85240411539521, -18.128994868172107, 0.0 ], [ -59.852646114314759, -18.12979765394784, 0.0 ], [ -59.852707283108799, -18.13025662817002, 0.0 ], [ -59.852111063053329, -18.13163598505005, 0.0 ], [ -59.851392052392072, -18.131925203316605, 0.0 ], [ -59.850432082438054, -18.13181339799409, 0.0 ], [ -59.848152708541654, -18.131763073304644, 0.0 ], [ -59.848335895453047, -18.133025215718366, 0.0 ], [ -59.848336485324623, -18.133254797182708, 0.0 ], [ -59.847857970269459, -18.133772841796741, 0.0 ], [ -59.847200543126228, -18.134693210696369, 0.0 ], [ -59.847201133023638, -18.134922792837216, 0.0 ], [ -59.847201280246288, -18.134980188819114, 0.0 ], [ -59.847681716087862, -18.135208285737622, 0.0 ], [ -59.848941461864037, -18.135261776291095, 0.0 ], [ -59.849181384798655, -18.135261031660907, 0.0 ], [ -59.84936221545702, -18.135604846139181, 0.0 ], [ -59.849362660135078, -18.135777030799396, 0.0 ], [ -59.849304158784143, -18.136351170837365, 0.0 ], [ -59.849665675834174, -18.136981401959407, 0.0 ], [ -59.850926175952374, -18.13732185413264, 0.0 ], [ -59.851587311726504, -18.137836355133068, 0.0 ], [ -59.851588800548427, -18.138410307093977, 0.0 ], [ -59.850750691286287, -18.139044273798767, 0.0 ], [ -59.847989890153599, -18.138421500160181, 0.0 ], [ -59.847992845060965, -18.139569408602743, 0.0 ], [ -59.847455957769569, -18.140718990792372, 0.0 ], [ -59.847157077239068, -18.141121686639281, 0.0 ], [ -59.846376120462196, -18.140664937879091, 0.0 ], [ -59.846074143901021, -18.139862329266037, 0.0 ], [ -59.845411104128779, -18.13860166590527, 0.0 ], [ -59.844989175229493, -18.137799424195943, 0.0 ], [ -59.844207651695058, -18.137113080861379, 0.0 ], [ -59.843980842775601, -18.137059554748323, 0.0 ], [ -59.843981455538312, -18.137060186791285, 0.0 ], [ -59.846697122030619, -18.143641652279086, 0.0 ], [ -59.825767517702076, -18.148632066838108, 0.0 ], [ -59.811042785277927, -18.154003160311639, 0.0 ], [ -59.794414519560277, -18.158679978966376, 0.0 ], [ -59.776283264429019, -18.16289712662881, 0.0 ], [ -59.761501313341014, -18.16595460692831, 0.0 ], [ -59.749725342272434, -18.168735521038442, 0.0 ], [ -59.737224578912787, -18.172811526073435, 0.0 ], [ -59.72522233494734, -18.176726153660052, 0.0 ], [ -59.721881865984621, -18.174774187262287, 0.0 ], [ -59.715309143145276, -18.172632234660782, 0.0 ], [ -59.710132599360172, -18.171865480555546, 0.0 ], [ -59.703495026154101, -18.17333223137469, 0.0 ], [ -59.699909210201085, -18.175752658238782, 0.0 ], [ -59.693592071136614, -18.185121552919444, 0.0 ], [ -59.690171144543811, -18.189358140316983, 0.0 ], [ -59.687416076026679, -18.190437333667248, 0.0 ], [ -59.679630278733825, -18.193487184258075, 0.0 ], [ -59.67264565487018, -18.196222757996924, 0.0 ], [ -59.672889709952415, -18.193788545223708, 0.0 ], [ -59.672939299843186, -18.191082018068919, 0.0 ], [ -59.672294616716961, -18.187912003604726, 0.0 ], [ -59.66949081419866, -18.186283129236767, 0.0 ], [ -59.66688919044018, -18.186464326584151, 0.0 ], [ -59.664512632892922, -18.187324540959697, 0.0 ], [ -59.66234207213455, -18.189769762385684, 0.0 ], [ -59.660163878926831, -18.192665117932538, 0.0 ], [ -59.658931731744033, -18.195352572113936, 0.0 ], [ -59.657711028533072, -18.197361010047459, 0.0 ], [ -59.656032562194021, -18.198686617202572, 0.0 ], [ -59.653453826082966, -18.1977386639354, 0.0 ], [ -59.6516456595403, -18.193645494075703, 0.0 ], [ -59.650276184911277, -18.191139239025901, 0.0 ], [ -59.648887633757688, -18.189760224873023, 0.0 ], [ -59.647243498952193, -18.189281480848592, 0.0 ], [ -59.644886016540298, -18.189014452280993, 0.0 ], [ -59.640583038272219, -18.191871660116508, 0.0 ], [ -59.639293671430316, -18.197490709248441, 0.0 ], [ -59.637573242354527, -18.201070802572858, 0.0 ], [ -59.636051177766213, -18.206459063034536, 0.0 ], [ -59.628639221082729, -18.211294191269037, 0.0 ], [ -59.621967315683357, -18.214559571932337, 0.0 ], [ -59.61791992066648, -18.216293353147361, 0.0 ], [ -59.613624572271199, -18.21870042644478, 0.0 ], [ -59.612155913590776, -18.221382158011121, 0.0 ], [ -59.612079619614569, -18.225215929135629, 0.0 ], [ -59.613212585900087, -18.227718371012184, 0.0 ], [ -59.61507034272978, -18.229330079578887, 0.0 ], [ -59.617904662967106, -18.229381579391045, 0.0 ], [ -59.619804381797252, -18.228736895010503, 0.0 ], [ -59.621696473281759, -18.228546160120434, 0.0 ], [ -59.622742290647416, -18.229238623069978, 0.0 ], [ -59.612998961989717, -18.241304414208997, 0.0 ], [ -59.601783751623067, -18.255195634767727, 0.0 ], [ -59.591445922883281, -18.267993944413604, 0.0 ], [ -59.582666006014151, -18.27283804927734, 0.0 ], [ -59.582328900356984, -18.272807741685327, 0.0 ], [ -59.542123801672048, -18.300716403980672, 0.0 ], [ -59.532455988186854, -18.287047214760214, 0.0 ], [ -59.529413785816011, -18.282745368411945, 0.0 ], [ -59.527275212114134, -18.279721155153407, 0.0 ], [ -59.525100676170013, -18.276645961783611, 0.0 ], [ -59.518381962028329, -18.267143667294508, 0.0 ], [ -59.518513903147955, -18.267033352912957, 0.0 ], [ -59.514102935136599, -18.260234850214648, 0.0 ], [ -59.510372161192095, -18.257909792378733, 0.0 ], [ -59.506866455196025, -18.256040590144448, 0.0 ], [ -59.500522613134727, -18.254571931009938, 0.0 ], [ -59.495590209266169, -18.253128068306818, 0.0 ], [ -59.492568970003674, -18.250816361829038, 0.0 ], [ -59.489330292148487, -18.247371690679369, 0.0 ], [ -59.488666686245644, -18.247200235170247, 0.0 ], [ -59.486638288300618, -18.246676141870783, 0.0 ], [ -59.482458544121577, -18.237620028035831, 0.0 ], [ -59.482963562279885, -18.235298174422905, 0.0 ], [ -59.481170652635178, -18.23052598619735, 0.0 ], [ -59.47890090907763, -18.225973146193944, 0.0 ], [ -59.474521636805953, -18.220703141597756, 0.0 ], [ -59.470352173018988, -18.216791168778201, 0.0 ], [ -59.467819213381524, -18.213586824156529, 0.0 ], [ -59.466651916777046, -18.212886827413538, 0.0 ], [ -59.464504242026322, -18.21397592338861, 0.0 ], [ -59.463783264144404, -18.214639679715329, 0.0 ], [ -59.463016509688984, -18.217557923807814, 0.0 ], [ -59.46087646491705, -18.218421952882501, 0.0 ], [ -59.459971384659163, -18.218833463014231, 0.0 ], [ -59.45651195565204, -18.218742637037561, 0.0 ], [ -59.454975128130265, -18.21831132684941, 0.0 ], [ -59.451915740695554, -18.217803970685704, 0.0 ], [ -59.450267792144743, -18.21754838718882, 0.0 ], [ -59.448623657309426, -18.217292802221507, 0.0 ], [ -59.446262359841413, -18.217248932903619, 0.0 ], [ -59.443183899444286, -18.217641847161453, 0.0 ], [ -59.440349578667664, -18.217815416311062, 0.0 ], [ -59.437808811289237, -18.218251599426591, 0.0 ], [ -59.429767607745717, -18.218040483057759, 0.0 ], [ -59.421371459684735, -18.21226503227626, 0.0 ], [ -59.411396026812021, -18.193367021393371, 0.0 ], [ -59.400897979895198, -18.174993530671475, 0.0 ], [ -59.425045013122833, -18.167644516836116, 0.0 ], [ -59.414020537598219, -18.152158754155721, 0.0 ], [ -59.39407348567179, -18.147697466095973, 0.0 ], [ -59.384148594342264, -18.146385854849843, 0.0 ], [ -59.380161284970434, -18.145858780909226, 0.0 ], [ -59.36729812611874, -18.136936204656923, 0.0 ], [ -59.353389739664735, -18.140085237115006, 0.0 ], [ -59.338292668818703, -18.1423639652172, 0.0 ], [ -59.330435543262546, -18.139951687874316, 0.0 ], [ -59.326093446007626, -18.137952946098579, 0.0 ], [ -59.317960631277828, -18.137884022643053, 0.0 ], [ -59.303428609731448, -18.144130688423409, 0.0 ], [ -59.294389251839732, -18.148015580790432, 0.0 ], [ -59.285842904290469, -18.14691282690476, 0.0 ], [ -59.271300327695364, -18.144914082836003, 0.0 ], [ -59.266889308963115, -18.144569474425694, 0.0 ], [ -59.262616134867976, -18.144500550572126, 0.0 ], [ -59.256895595429064, -18.145878995388337, 0.0 ], [ -59.250899368440336, -18.149807557639711, 0.0 ], [ -59.245684875193589, -18.149570758389928, 0.0 ], [ -59.245681053212145, -18.149571803426017, 0.0 ], [ -59.245679607403837, -18.149574890732779, 0.0 ], [ -59.227856416532717, -18.18764169725933, 0.0 ], [ -59.222797947272355, -18.19844241105169, 0.0 ], [ -59.221222642330893, -18.201805678322774, 0.0 ], [ -59.221219772224813, -18.201811855396066, 0.0 ], [ -59.216704046896503, -18.211530000566551, 0.0 ], [ -59.11316358170756, -18.19685470715493, 0.0 ], [ -59.112971484529105, -18.196830751021619, 0.0 ], [ -59.112957819586832, -18.196829046674367, 0.0 ], [ -59.112955997305811, -18.196828602843357, 0.0 ], [ -59.123575390463444, -18.182973536065589, 0.0 ], [ -59.123575467228306, -18.182973436573985, 0.0 ], [ -59.123567939320523, -18.182964253693605, 0.0 ], [ -59.121636511186693, -18.179375612911116, 0.0 ], [ -59.117055533843633, -18.175604751919806, 0.0 ], [ -59.114771121752455, -18.172652204779716, 0.0 ], [ -59.113443998713535, -18.170016484866487, 0.0 ], [ -59.113496224826875, -18.164518275850273, 0.0 ], [ -59.112731633015137, -18.162879909360786, 0.0 ], [ -59.110620568005743, -18.158356154580996, 0.0 ], [ -59.099025725834743, -18.149589554654696, 0.0 ], [ -59.095009861061605, -18.14192383018182, 0.0 ], [ -59.084377287749774, -18.138605135404813, 0.0 ], [ -59.081227886887923, -18.136985056685468, 0.0 ], [ -59.014612028512758, -18.20953576504111, 0.0 ], [ -59.160608616941985, -18.396248805228858, 0.0 ], [ -59.159327042679692, -18.397652860328915, 0.0 ], [ -59.157624193940165, -18.398556684145198, 0.0 ], [ -59.155927865387874, -18.398847135942624, 0.0 ], [ -59.154443706155043, -18.398839635775118, 0.0 ], [ -59.149676919643404, -18.398900909781318, 0.0 ], [ -59.148502984455554, -18.400108575637844, 0.0 ], [ -59.147640348868485, -18.402030762111661, 0.0 ], [ -59.14551712952607, -18.402524459327008, 0.0 ], [ -59.142758873719849, -18.402915009241678, 0.0 ], [ -59.140751166563987, -18.4023870280141, 0.0 ], [ -59.137787813194251, -18.402069640850748, 0.0 ], [ -59.137247625129206, -18.403380330810968, 0.0 ], [ -59.137550515940092, -18.405105131957527, 0.0 ], [ -59.136266978877757, -18.406612697893863, 0.0 ], [ -59.133934101223637, -18.407101981619686, 0.0 ], [ -59.134128103440489, -18.409230540083204, 0.0 ], [ -59.132638196412444, -18.409926427062391, 0.0 ], [ -59.131354377925746, -18.411442962147966, 0.0 ], [ -59.12977526379575, -18.410422889976015, 0.0 ], [ -59.128390569538553, -18.411220121752379, 0.0 ], [ -59.127111828041343, -18.412217982269425, 0.0 ], [ -59.125934148981308, -18.413529138090951, 0.0 ], [ -59.125176417997551, -18.415552547076878, 0.0 ], [ -59.123995150269792, -18.417364311277453, 0.0 ], [ -59.122501523938695, -18.418668980164384, 0.0 ], [ -59.121222808721711, -18.419477329644263, 0.0 ], [ -59.120049720698667, -18.420684779542789, 0.0 ], [ -59.118451093868352, -18.421585799659724, 0.0 ], [ -59.116009620360707, -18.422271071299896, 0.0 ], [ -59.114092078871863, -18.423377521993146, 0.0 ], [ -59.112922734333836, -18.424179023257796, 0.0 ], [ -59.110693362153725, -18.424467108254817, 0.0 ], [ -59.109101903192233, -18.424862980249411, 0.0 ], [ -59.108456179023769, -18.42607213682982, 0.0 ], [ -59.106855498433802, -18.427374451997743, 0.0 ], [ -59.100920009533397, -18.427838875955885, 0.0 ], [ -59.099278510197273, -18.427074380316999, 0.0 ], [ -59.10031160278438, -18.424592196987525, 0.0 ], [ -59.098625730901858, -18.423465932841896, 0.0 ], [ -59.096614580675684, -18.423456122807405, 0.0 ], [ -59.094494306574539, -18.423439532429093, 0.0 ], [ -59.092685956666287, -18.424335988045019, 0.0 ], [ -59.092458566023026, -18.426162628890985, 0.0 ], [ -59.092444861251238, -18.427682439060284, 0.0 ], [ -59.091373450280855, -18.429189466048808, 0.0 ], [ -59.089140296156479, -18.430189881861519, 0.0 ], [ -59.08775520758585, -18.431095004081691, 0.0 ], [ -59.086049237592285, -18.43229119182875, 0.0 ], [ -59.085086626168085, -18.433398968786399, 0.0 ], [ -59.083373820572646, -18.435519659579473, 0.0 ], [ -59.079867309670838, -18.436710134056174, 0.0 ], [ -59.078377022845601, -18.437612994970962, 0.0 ], [ -59.076888574692035, -18.438096394872794, 0.0 ], [ -59.075183344351267, -18.439306004925516, 0.0 ], [ -59.07242699429306, -18.439587187774766, 0.0 ], [ -59.070306374609537, -18.439683050199484, 0.0 ], [ -59.068501789112169, -18.440168842448251, 0.0 ], [ -59.067958086216095, -18.441682124209397, 0.0 ], [ -59.068150621225776, -18.443914330631902, 0.0 ], [ -59.0686687005403, -18.445237653024492, 0.0 ], [ -59.068657011122539, -18.446658233638697, 0.0 ], [ -59.066632383938249, -18.447955833994872, 0.0 ], [ -59.064511486232746, -18.448241049034149, 0.0 ], [ -59.060051858831216, -18.44932107199595, 0.0 ], [ -59.058139970411673, -18.449818041410925, 0.0 ], [ -59.055700165772862, -18.450303995971936, 0.0 ], [ -59.052816315992644, -18.452819398232176, 0.0 ], [ -59.051115871907641, -18.453419924690905, 0.0 ], [ -59.050565980712278, -18.4557358588219, 0.0 ], [ -59.050440447845318, -18.458069661719644, 0.0 ], [ -59.049681220356696, -18.459979790731371, 0.0 ], [ -59.047220194771953, -18.462801577603738, 0.0 ], [ -59.044250785183131, -18.46318607889809, 0.0 ], [ -59.041072110420458, -18.463060984726461, 0.0 ], [ -59.040110834390504, -18.464064742941101, 0.0 ], [ -59.041471281918916, -18.465694402418194, 0.0 ], [ -59.041141027804265, -18.467108278238673, 0.0 ], [ -59.039961367354969, -18.468923847899983, 0.0 ], [ -59.039408671366701, -18.471248676212355, 0.0 ], [ -59.03907493370523, -18.47317214811094, 0.0 ], [ -59.038213075107656, -18.474782359261464, 0.0 ], [ -59.037878047663092, -18.476606568394757, 0.0 ], [ -59.036388322065243, -18.477409783273963, 0.0 ], [ -59.035847658117078, -18.478719999946605, 0.0 ], [ -59.034874785308659, -18.480837534069369, 0.0 ], [ -59.034005260716711, -18.483263932864958, 0.0 ], [ -59.034204939331801, -18.484779101179292, 0.0 ], [ -59.032709287099756, -18.486091820766813, 0.0 ], [ -59.031006892963475, -18.486683034023816, 0.0 ], [ -59.030990851753259, -18.488608629155785, 0.0 ], [ -59.02917120403874, -18.490618124198129, 0.0 ], [ -59.027465202270562, -18.49192636776306, 0.0 ], [ -59.027127049387225, -18.494057169888016, 0.0 ], [ -59.026781197117508, -18.497288335195506, 0.0 ], [ -59.025703973160851, -18.499205132934723, 0.0 ], [ -59.024845882369611, -18.500409386789247, 0.0 ], [ -59.021239318809393, -18.500694302647343, 0.0 ], [ -59.019124190994368, -18.500370111698029, 0.0 ], [ -59.016464899198553, -18.501369477947645, 0.0 ], [ -59.015180146379592, -18.50267292642242, 0.0 ], [ -59.014213229666659, -18.504285256811709, 0.0 ], [ -59.013879646642806, -18.506005663393079, 0.0 ], [ -59.01365416819791, -18.507421646958186, 0.0 ], [ -59.013640265869675, -18.509040548930482, 0.0 ], [ -59.014048060584472, -18.510772088055461, 0.0 ], [ -59.013705373112231, -18.513597319049598, 0.0 ], [ -59.014424693303738, -18.516039043302214, 0.0 ], [ -59.01281956814725, -18.517746123735737, 0.0 ], [ -59.011116714993605, -18.51854455556181, 0.0 ], [ -59.009197737837717, -18.519843550934748, 0.0 ], [ -59.008758202974839, -18.521566201871153, 0.0 ], [ -59.007791670204334, -18.522975516660491, 0.0 ], [ -59.006396228689916, -18.524885407809737, 0.0 ], [ -59.005643649905402, -18.526190987109942, 0.0 ], [ -59.002570900472847, -18.52606729262693, 0.0 ], [ -59.000778987947726, -18.524847647888194, 0.0 ], [ -58.999302911479312, -18.523923339571962, 0.0 ], [ -58.996656930402082, -18.523596622924035, 0.0 ], [ -58.995498740320137, -18.522778254891481, 0.0 ], [ -58.995723283208044, -18.521461526786037, 0.0 ], [ -58.989722274927672, -18.516959252190791, 0.0 ], [ -58.98792244728056, -18.51674511596741, 0.0 ], [ -58.984860554086509, -18.515408159032603, 0.0 ], [ -58.983812270622892, -18.514190671826363, 0.0 ], [ -58.982770231663821, -18.512251689083705, 0.0 ], [ -58.98140248155336, -18.511126622226037, 0.0 ], [ -58.980138687137014, -18.510206715783205, 0.0 ], [ -58.978559460032045, -18.509180865719028, 0.0 ], [ -58.976860152947211, -18.509473915129259, 0.0 ], [ -58.975786024456418, -18.510979961940134, 0.0 ], [ -58.975034840859436, -18.512195217640766, 0.0 ], [ -58.97395579032262, -18.5141115656401, 0.0 ], [ -58.973414512831894, -18.515421488113791, 0.0 ], [ -58.972552806249475, -18.516837323400537, 0.0 ], [ -58.971059058058543, -18.517937488731448, 0.0 ], [ -58.970727506339756, -18.519450316827147, 0.0 ], [ -58.970601990539016, -18.521576404927966, 0.0 ], [ -58.969744566754159, -18.522681113413359, 0.0 ], [ -58.968356198629081, -18.523896247644707, 0.0 ], [ -58.965914807612918, -18.524074094791359, 0.0 ], [ -58.964211788414104, -18.524971271663944, 0.0 ], [ -58.962922864554848, -18.526680077546001, 0.0 ], [ -58.963438757342033, -18.528215516594425, 0.0 ], [ -58.96416780579748, -18.529633743159817, 0.0 ], [ -58.964144316317302, -18.532267120855025, 0.0 ], [ -58.964447324004936, -18.53388369733468, 0.0 ], [ -58.964222333097048, -18.535308574936678, 0.0 ], [ -58.962614861683228, -18.537213503184955, 0.0 ], [ -58.961005426760707, -18.539325832665099, 0.0 ], [ -58.963100874395309, -18.541878289572001, 0.0 ], [ -58.96351135796526, -18.543397948338924, 0.0 ], [ -58.963814735802586, -18.545023554359023, 0.0 ], [ -58.962317023325575, -18.546529418411154, 0.0 ], [ -58.960286738014389, -18.548235825133659, 0.0 ], [ -58.959633359539595, -18.550052901265893, 0.0 ], [ -58.959936699614587, -18.551678509757956, 0.0 ], [ -58.961410266052035, -18.552706808930388, 0.0 ], [ -58.962139358913248, -18.554125054602334, 0.0 ], [ -58.9619120320462, -18.555946755648034, 0.0 ], [ -58.961347568150501, -18.559583292074318, 0.0 ], [ -58.961413264013451, -18.562033234840648, 0.0 ], [ -58.962316450732921, -18.562033235137854, 0.0 ], [ -58.962303161267194, -18.561882035837478, 0.0 ], [ -58.996685028034456, -18.54823305008615, 0.0 ], [ -58.999023438011335, -18.547178285619683, 0.0 ], [ -59.003833771325525, -18.559787766726629, 0.0 ], [ -59.014967570026378, -18.574991917156449, 0.0 ], [ -59.015129065657852, -18.573723033390934, 0.0 ], [ -59.02363485779987, -18.574149111367412, 0.0 ], [ -59.023657819181537, -18.574146849437543, 0.0 ], [ -59.064247130895389, -18.563709276101026, 0.0 ], [ -59.138690853408171, -18.557661589878411, 0.0 ], [ -59.135623959838355, -18.548401784639754, 0.0 ], [ -59.163362120783212, -18.541666609566253, 0.0 ], [ -59.167743447986716, -18.555309461740002, 0.0 ], [ -59.167745109217947, -18.555309326804938, 0.0 ], [ -59.173244477428547, -18.554862994437464, 0.0 ], [ -59.239643096132639, -18.539716736912375, 0.0 ], [ -59.263355254927156, -18.529096620021441, 0.0 ], [ -59.27273941098904, -18.524894730873619, 0.0 ], [ -59.280151366622718, -18.521575945328433, 0.0 ], [ -59.288562774699116, -18.5182857686913, 0.0 ], [ -59.298336029706149, -18.51446534895819, 0.0 ], [ -59.300563811161481, -18.508398073444425, 0.0 ], [ -59.306171416771498, -18.505889910407173, 0.0 ], [ -59.314880371434775, -18.500429169763855, 0.0 ], [ -59.321815490202837, -18.497331636978995, 0.0 ], [ -59.330203795539816, -18.493197029859445, 0.0 ], [ -59.330470383669969, -18.491654321710559, 0.0 ], [ -59.348031612430709, -18.480182503181091, 0.0 ], [ -59.348109824826246, -18.480433752592671, 0.0 ], [ -59.34896477459899, -18.479873522256703, 0.0 ], [ -59.351772308074054, -18.477407473407066, 0.0 ], [ -59.357086182293344, -18.472833650445732, 0.0 ], [ -59.365646362281865, -18.47017671439183, 0.0 ], [ -59.374202728380183, -18.462356584858121, 0.0 ], [ -59.382715472700262, -18.45632056323819, 0.0 ], [ -59.382868554651132, -18.45624196400022, 0.0 ], [ -59.382690072813951, -18.456087915887185, 0.0 ], [ -59.422963976644319, -18.433483409969149, 0.0 ], [ -59.435954837719144, -18.43368212502472, 0.0 ], [ -59.436019447623238, -18.434076353235415, 0.0 ], [ -59.44578170789211, -18.430879611336664, 0.0 ], [ -59.450534820133569, -18.429180162571431, 0.0 ], [ -59.458347320420025, -18.429349916385437, 0.0 ], [ -59.468196869228514, -18.425954835633995, 0.0 ], [ -59.474987029801319, -18.420690553279012, 0.0 ], [ -59.481996271169557, -18.41881242566873, 0.0 ], [ -59.484007780579482, -18.416128049312952, 0.0 ], [ -59.470324006806628, -18.395037926573078, 0.0 ], [ -59.504833773844226, -18.404613081697935, 0.0 ], [ -59.506332786148249, -18.418556242694095, 0.0 ], [ -59.511329651113769, -18.415426272019069, 0.0 ], [ -59.517265318866571, -18.407539385148198, 0.0 ], [ -59.528648375931411, -18.411010760313651, 0.0 ], [ -59.533744812040858, -18.405576722939276, 0.0 ], [ -59.53564453074496, -18.399106995593673, 0.0 ], [ -59.543766020744791, -18.394765871157819, 0.0 ], [ -59.546718597395532, -18.38576509344902, 0.0 ], [ -59.547682813128048, -18.384502414281762, 0.0 ], [ -59.547771454105181, -18.384487169290146, 0.0 ], [ -59.562232971360437, -18.382041947811672, 0.0 ], [ -59.592525480972235, -18.367921846798808, 0.0 ], [ -59.638984680153271, -18.348440188023908, 0.0 ], [ -59.661666870420355, -18.336202638668478, 0.0 ], [ -59.67835932366939, -18.336287840106824, 0.0 ], [ -59.684143065875581, -18.340505617590448, 0.0 ], [ -59.688426972108267, -18.347421664317949, 0.0 ], [ -59.693695067232113, -18.354503650111976, 0.0 ], [ -59.700942992043167, -18.357961672271337, 0.0 ], [ -59.704730988343321, -18.356151599261565, 0.0 ], [ -59.708351135157194, -18.354833620316548, 0.0 ], [ -59.718399048210713, -18.352691668333925, 0.0 ], [ -59.723834990749964, -18.349727647982814, 0.0 ], [ -59.728610992036799, -18.34692765993718, 0.0 ], [ -59.72997283942572, -18.340566653033548, 0.0 ], [ -59.747333527391739, -18.316810625249634, 0.0 ], [ -59.761081695995067, -18.311788576274122, 0.0 ], [ -59.772594452400433, -18.307584779108719, 0.0 ], [ -59.786518095711862, -18.297639864357457, 0.0 ], [ -59.797756193718456, -18.289611834132529, 0.0 ], [ -59.800643920316972, -18.28754999042896, 0.0 ], [ -59.812626862636286, -18.278989954146077, 0.0 ], [ -59.812921615168023, -18.278774906673213, 0.0 ], [ -59.802410086285086, -18.272178024703045, 0.0 ], [ -59.81963808403971, -18.265482547913386, 0.0 ], [ -59.825895566667221, -18.269309234379595, 0.0 ], [ -59.825940748437894, -18.269276270999882, 0.0 ], [ -59.837852889838224, -18.255253533281032, 0.0 ], [ -59.838988517794327, -18.255020904279938, 0.0 ], [ -59.838769730709217, -18.254686941110972, 0.0 ], [ -59.84861134902026, -18.244364623204099, 0.0 ], [ -59.842247876872904, -18.238218821395371, 0.0 ], [ -59.854497553571662, -18.231141026403979, 0.0 ], [ -59.851825091607068, -18.226979129616137, 0.0 ], [ -59.853635689720306, -18.224320837160118, 0.0 ], [ -59.857598171102552, -18.227224676904694, 0.0 ], [ -59.859412010887006, -18.232610824232125, 0.0 ], [ -59.900903413368766, -18.207279723766376, 0.0 ], [ -59.900980674152386, -18.207501663184178, 0.0 ], [ -59.913091609787443, -18.195524935228757, 0.0 ], [ -59.936737307350015, -18.186329386438889, 0.0 ], [ -59.957755704378492, -18.179761137164025, 0.0 ], [ -59.961321323452623, -18.180375899344135, 0.0 ], [ -59.970759912550143, -18.159328496186415, 0.0 ], [ -59.981416275266405, -18.146052482629795, 0.0 ], [ -59.98760133485181, -18.140553864753304, 0.0 ], [ -59.997289807090461, -18.136057725112686, 0.0 ], [ -60.00524342224486, -18.130217728360176, 0.0 ], [ -60.005563344829881, -18.124232826272802, 0.0 ], [ -60.023275054414299, -18.119887440065696, 0.0 ], [ -60.035397366697737, -18.130225654824024, 0.0 ], [ -60.035821847000051, -18.130344430850009, 0.0 ], [ -60.040995714910927, -18.13258065690091, 0.0 ], [ -60.043602008996608, -18.13880876077096, 0.0 ], [ -60.047485034073404, -18.143397154075316, 0.0 ], [ -60.049867555532948, -18.14843264830758, 0.0 ], [ -60.050783576305285, -18.152252334112358, 0.0 ], [ -60.051967613110257, -18.155126401888992, 0.0 ], [ -60.046184350221033, -18.162195183054113, 0.0 ], [ -60.042629111319371, -18.164866239094859, 0.0 ], [ -60.036602968440995, -18.176939913979066, 0.0 ], [ -60.030867255073602, -18.177782583218708, 0.0 ], [ -60.029536440244776, -18.182035276082647, 0.0 ], [ -60.020306329955837, -18.183524756085788, 0.0 ], [ -60.015315958448006, -18.184381075054517, 0.0 ], [ -60.010712136837576, -18.187608865634857, 0.0 ], [ -60.008911257713017, -18.189446877598602, 0.0 ], [ -60.006534615981757, -18.190712332617249, 0.0 ], [ -60.001691856076548, -18.19754729818667, 0.0 ], [ -59.994973551356864, -18.203792069192186, 0.0 ], [ -59.993071092880683, -18.205399274427791, 0.0 ], [ -59.990716465427376, -18.207260914868947, 0.0 ], [ -59.986254445450591, -18.209628057013415, 0.0 ], [ -59.983541916100421, -18.20972314161866, 0.0 ], [ -59.983541529983974, -18.209722742810989, 0.0 ], [ -59.978774101156674, -18.232963954147134, 0.0 ], [ -59.972862677120276, -18.246100452121667, 0.0 ], [ -59.971549027364922, -18.260550600772362, 0.0 ], [ -59.977460451346424, -18.27171662544858, 0.0 ], [ -59.985342349688771, -18.282882646910796, 0.0 ], [ -59.996508373763461, -18.295362321056359, 0.0 ], [ -60.010301696951963, -18.301273745126917, 0.0 ], [ -60.02737914505169, -18.30390104512227, 0.0 ], [ -60.039858818210632, -18.305871519771422, 0.0 ], [ -60.050368017250094, -18.296675970616732, 0.0 ], [ -60.053652140550128, -18.281568997836835, 0.0 ], [ -60.060220390264426, -18.270402973812711, 0.0 ], [ -60.063504514913909, -18.266462024587305, 0.0 ], [ -60.068102288614277, -18.265805199634983, 0.0 ], [ -60.079925137315016, -18.260550600799789, 0.0 ], [ -60.085179736788049, -18.254639177024167, 0.0 ], [ -60.086493385752178, -18.24675727810132, 0.0 ], [ -60.09043433566822, -18.237561729847258, 0.0 ], [ -60.103570833581763, -18.219170631811721, 0.0 ], [ -60.103938873810442, -18.218508161150911, 0.0 ], [ -60.103208974979601, -18.207816220571125, 0.0 ], [ -60.102263738066078, -18.200208472760782, 0.0 ], [ -60.101103883805145, -18.194940533412641, 0.0 ], [ -60.100681488607229, -18.193313428155882, 0.0 ], [ -60.100048501067967, -18.190676397983289, 0.0 ], [ -60.099310257906687, -18.18794297109681, 0.0 ], [ -60.097834940687534, -18.180232408804002, 0.0 ], [ -60.097415748711185, -18.177594095971749, 0.0 ], [ -60.096570866281333, -18.173531782418411, 0.0 ], [ -60.096044128152023, -18.170900871729966, 0.0 ], [ -60.094779956058701, -18.16542368433085, 0.0 ], [ -60.089725423612848, -18.138034319713565, 0.0 ], [ -60.086477112682083, -18.132856394557066, 0.0 ], [ -60.069116653614792, -18.150997095780834, 0.0 ], [ -60.064880350602557, -18.145464216056215, 0.0 ], [ -60.059789202898763, -18.148161777568561, 0.0 ], [ -60.047452729243894, -18.131999185353166, 0.0 ], [ -60.078259073051882, -18.087070603601735, 0.0 ], [ -60.078279014206146, -18.087140852642285, 0.0 ], [ -60.080982133018829, -18.084529695407429, 0.0 ], [ -60.080788769528183, -18.082961868397831, 0.0 ], [ -60.080684273533961, -18.080933270079672, 0.0 ], [ -60.080478118647044, -18.077381739287901, 0.0 ], [ -60.080482491686439, -18.073729560563454, 0.0 ], [ -60.079535073095819, -18.069263908956451, 0.0 ], [ -60.079639192316272, -18.065275639680063, 0.0 ], [ -60.071558795785513, -18.059681519606787, 0.0 ], [ -60.070972441862779, -18.057964342372216, 0.0 ], [ -60.063541411821312, -18.056652087197946, 0.0 ], [ -60.061573028725995, -18.054029482412894, 0.0 ], [ -60.058750152113127, -18.051593796857151, 0.0 ], [ -60.055534362654257, -18.050790804116311, 0.0 ], [ -60.050704954839397, -18.051393526399412, 0.0 ], [ -60.047687530268149, -18.050991074792098, 0.0 ], [ -60.039440154900703, -18.051795976356896, 0.0 ], [ -60.029182433792904, -18.052398698667087, 0.0 ], [ -60.019527434820496, -18.053003328320742, 0.0 ], [ -60.011280058986181, -18.052398698350132, 0.0 ], [ -59.997968477074018, -18.053899498023785, 0.0 ], [ -59.996083010845261, -18.05176964774995, 0.0 ], [ -59.996083000220544, -18.051769439929405, 0.0 ], [ -59.995966204013641, -18.05210858401524, 0.0 ], [ -59.995789814448607, -18.053142267082297, 0.0 ], [ -59.995373067424588, -18.054004695176452, 0.0 ], [ -59.994954974900104, -18.054465400248557, 0.0 ], [ -59.994475981334617, -18.054639386769992, 0.0 ], [ -59.994416607884574, -18.054811782251775, 0.0 ], [ -59.994661557395531, -18.056360372144688, 0.0 ], [ -59.994424065768158, -18.057049950210661, 0.0 ], [ -59.994427509311208, -18.058082949877956, 0.0 ], [ -59.994850587062061, -18.059114355853506, 0.0 ], [ -59.995032920620467, -18.059859727799292, 0.0 ], [ -59.995334769338093, -18.060489865233819, 0.0 ], [ -59.995953954202129, -18.061485230186285, 0.0 ] ], [ [ -59.995953954202129, -18.061485230186285, 0.0 ], [ -59.995954622128572, -18.061486305039381, 0.0 ], [ -59.995954673773781, -18.061486487315644, 0.0 ], [ -59.995953954202129, -18.061485230186285, 0.0 ] ], [ [ -59.994320857454255, -18.062707079809027, 0.0 ], [ -59.99432170589364, -18.062707808076233, 0.0 ], [ -59.994322156407847, -18.062708401942476, 0.0 ], [ -59.994320857454255, -18.062707079809027, 0.0 ] ], [ [ -59.846697122030619, -18.143641652279086, 0.0 ], [ -59.846697369535043, -18.143641593146814, 0.0 ], [ -59.848136272619413, -18.147129459963157, 0.0 ], [ -59.846697122030619, -18.143641652279086, 0.0 ] ] ] ] } },
{ "type": "Feature", "properties": { "fid": 563619, "Nombre": "REMN Cañon Pilaya", "actividades": "Diagnóstico técnico legal para la creación del área.|Propuesta de ley.|Creación y consolidación del área.|Elaboración de instrumentos de gestión.|Ecoturismo.", "descripcion": "s/descripcion", "categoria": "Área Protegida", "hectareas": 26743.511397840459 }, "geometry": { "type": "MultiPolygon", "coordinates": [ [ [ [ -64.691525127065006, -20.940111466242456, 0.0 ], [ -64.691258165361006, -20.940390996946768, 0.0 ], [ -64.690984848106069, -20.940554613229441, 0.0 ], [ -64.690846091989755, -20.94068315644526, 0.0 ], [ -64.690764623374534, -20.940758628557624, 0.0 ], [ -64.690560067595399, -20.940991320031856, 0.0 ], [ -64.690503255450309, -20.941088778203991, 0.0 ], [ -64.690267420329874, -20.94149333919168, 0.0 ], [ -64.690160052195921, -20.94167752200536, 0.0 ], [ -64.690061913766698, -20.94189759943848, 0.0 ], [ -64.689980522096832, -20.942080121435822, 0.0 ], [ -64.689846479958305, -20.942507522102606, 0.0 ], [ -64.689840054689867, -20.942759751618546, 0.0 ], [ -64.68973153177501, -20.942986905891914, 0.0 ], [ -64.689715542522904, -20.943247395760277, 0.0 ], [ -64.689571119674312, -20.943970940174463, 0.0 ], [ -64.689568617482692, -20.943983475860357, 0.0 ], [ -64.688984673762107, -20.944334426190736, 0.0 ], [ -64.688600308848862, -20.944251371709271, 0.0 ], [ -64.688400205652655, -20.943769951326288, 0.0 ], [ -64.688037920553029, -20.943708211941594, 0.0 ], [ -64.687733016988375, -20.943802684016411, 0.0 ], [ -64.687582396622261, -20.944013212424007, 0.0 ], [ -64.68723826332527, -20.944330174986483, 0.0 ], [ -64.686724183124497, -20.944374454320009, 0.0 ], [ -64.686219034136045, -20.943974436338113, 0.0 ], [ -64.685836676936049, -20.943966671824409, 0.0 ], [ -64.685758204278912, -20.943985122157756, 0.0 ], [ -64.685628955243885, -20.944015510843808, 0.0 ], [ -64.68521147064223, -20.944113668080508, 0.0 ], [ -64.685187798891647, -20.944112732203113, 0.0 ], [ -64.684935145964886, -20.944078630898979, 0.0 ], [ -64.684555334274208, -20.94402736902105, 0.0 ], [ -64.684491611280379, -20.944027998324081, 0.0 ], [ -64.684466311877856, -20.944028247545557, 0.0 ], [ -64.684380822839671, -20.944029089660315, 0.0 ], [ -64.684066226864658, -20.944142408526893, 0.0 ], [ -64.683923933426286, -20.944330327649322, 0.0 ], [ -64.683672313349575, -20.944426069580864, 0.0 ], [ -64.683546076064957, -20.944435793763763, 0.0 ], [ -64.683480733948002, -20.944436438679677, 0.0 ], [ -64.683230246250204, -20.944438910720109, 0.0 ], [ -64.68311666566396, -20.94441407670914, 0.0 ], [ -64.683048382302132, -20.944367010401397, 0.0 ], [ -64.682969223108515, -20.94435718244576, 0.0 ], [ -64.682917484178802, -20.944368521255868, 0.0 ], [ -64.68286783681657, -20.944379401673853, 0.0 ], [ -64.682676591233871, -20.944444938838828, 0.0 ], [ -64.682586852458101, -20.944498868222919, 0.0 ], [ -64.682482070397754, -20.944569739707138, 0.0 ], [ -64.682378764254906, -20.944566715594807, 0.0 ], [ -64.682164131535373, -20.944613299044207, 0.0 ], [ -64.681933418190113, -20.944761099645547, 0.0 ], [ -64.681713760113581, -20.944743053713278, 0.0 ], [ -64.681648318317599, -20.944662850022873, 0.0 ], [ -64.681552668677256, -20.944574861564689, 0.0 ], [ -64.681333688072954, -20.944617443768855, 0.0 ], [ -64.68109342110661, -20.944680448171976, 0.0 ], [ -64.680796588123613, -20.944687415595386, 0.0 ], [ -64.680599842009215, -20.944794456195769, 0.0 ], [ -64.680389195736367, -20.944812700240981, 0.0 ], [ -64.680380992944634, -20.944817554453078, 0.0 ], [ -64.680331211263479, -20.944847014023097, 0.0 ], [ -64.680244945432037, -20.94489806395287, 0.0 ], [ -64.679800654020497, -20.94514665070546, 0.0 ], [ -64.679782107254226, -20.945166323424111, 0.0 ], [ -64.679584953820111, -20.945236985539228, 0.0 ], [ -64.679473583509619, -20.94528254792926, 0.0 ], [ -64.67941334596911, -20.945283141045227, 0.0 ], [ -64.679333216034991, -20.945344665531525, 0.0 ], [ -64.67932801643633, -20.945348657827353, 0.0 ], [ -64.679238023699668, -20.945381883063103, 0.0 ], [ -64.679113517621786, -20.945407364568631, 0.0 ], [ -64.679048661976523, -20.945379704165607, 0.0 ], [ -64.678907037335122, -20.945413438391896, 0.0 ], [ -64.678778229685591, -20.94543896019168, 0.0 ], [ -64.678619438395927, -20.945476904421319, 0.0 ], [ -64.678469208700264, -20.945510722077582, 0.0 ], [ -64.678409420763501, -20.945551733106935, 0.0 ], [ -64.678258498614341, -20.945652644013641, 0.0 ], [ -64.678155123438486, -20.945790117866817, 0.0 ], [ -64.677866075570648, -20.94592183795336, 0.0 ], [ -64.677768910350991, -20.945892468841322, 0.0 ], [ -64.677558777392719, -20.945864213507427, 0.0 ], [ -64.67740546674969, -20.945865721317791, 0.0 ], [ -64.677122037030614, -20.945777536396864, 0.0 ], [ -64.676945280426438, -20.945847503625206, 0.0 ], [ -64.676568738736776, -20.946093793079495, 0.0 ], [ -64.676368448781815, -20.946224638240277, 0.0 ], [ -64.676104450511744, -20.94643191800883, 0.0 ], [ -64.675879952496757, -20.946562999631801, 0.0 ], [ -64.67535673045991, -20.946681853087135, 0.0 ], [ -64.674938237093698, -20.946784515861442, 0.0 ], [ -64.674529497220192, -20.947038699450729, 0.0 ], [ -64.674282054338903, -20.947283717551873, 0.0 ], [ -64.674243649487408, -20.947458456765059, 0.0 ], [ -64.674082652376413, -20.947690097484802, 0.0 ], [ -64.67388359029529, -20.947861967584203, 0.0 ], [ -64.673642237896061, -20.947845456716397, 0.0 ], [ -64.673218349962326, -20.947679700488148, 0.0 ], [ -64.672809891542329, -20.947791089395558, 0.0 ], [ -64.672023365313208, -20.947419824665019, 0.0 ], [ -64.671411543139186, -20.947368400855126, 0.0 ], [ -64.670653675061516, -20.947375826249221, 0.0 ], [ -64.670053949621135, -20.947312795597682, 0.0 ], [ -64.669603711345772, -20.947500949542967, 0.0 ], [ -64.6690297067112, -20.947552505108444, 0.0 ], [ -64.668408461684848, -20.947753813757259, 0.0 ], [ -64.667736328796536, -20.948092104896993, 0.0 ], [ -64.667448893405719, -20.948314438601827, 0.0 ], [ -64.666717529732779, -20.948649569087582, 0.0 ], [ -64.666449256183839, -20.949036243455801, 0.0 ], [ -64.665966838714141, -20.949731567082047, 0.0 ], [ -64.665965815270212, -20.949733042196488, 0.0 ], [ -64.665128278214112, -20.950326486013822, 0.0 ], [ -64.664411726758104, -20.950956504341359, 0.0 ], [ -64.663734413285169, -20.951434596803502, 0.0 ], [ -64.663733689366524, -20.951435107790015, 0.0 ], [ -64.663194650854692, -20.951761317567325, 0.0 ], [ -64.663016413000989, -20.951875466255917, 0.0 ], [ -64.662955168843126, -20.951914688709753, 0.0 ], [ -64.662869945419047, -20.951876894605885, 0.0 ], [ -64.662288669937766, -20.951619114183124, 0.0 ], [ -64.6617839799775, -20.951416359773695, 0.0 ], [ -64.661459112833612, -20.951117453120681, 0.0 ], [ -64.66098940707974, -20.950442366934691, 0.0 ], [ -64.660944633658673, -20.950027453311105, 0.0 ], [ -64.660902774523578, -20.949876826208509, 0.0 ], [ -64.66054188723335, -20.949955858005524, 0.0 ], [ -64.660303447292776, -20.950203612279847, 0.0 ], [ -64.660025856262578, -20.950546147076178, 0.0 ], [ -64.659868006074788, -20.950811996793348, 0.0 ], [ -64.659754510437395, -20.951455004481083, 0.0 ], [ -64.65973816245284, -20.951794994215259, 0.0 ], [ -64.659518981633198, -20.95196704271282, 0.0 ], [ -64.658920683675547, -20.952388213295428, 0.0 ], [ -64.658723053816303, -20.952692208287953, 0.0 ], [ -64.658226893884589, -20.953263420691357, 0.0 ], [ -64.65794970876253, -20.953643706004286, 0.0 ], [ -64.657167622212455, -20.95380234365506, 0.0 ], [ -64.656528076600836, -20.953953281796288, 0.0 ], [ -64.655900107694265, -20.954124792258412, 0.0 ], [ -64.655508035928221, -20.954192218831651, 0.0 ], [ -64.65526641608254, -20.954391784717213, 0.0 ], [ -64.655194584044438, -20.954634235115801, 0.0 ], [ -64.655061244106406, -20.954826387736567, 0.0 ], [ -64.654859904125715, -20.954993751960572, 0.0 ], [ -64.654552598989724, -20.955156294598023, 0.0 ], [ -64.654357284088775, -20.955430666466981, 0.0 ], [ -64.654019484547234, -20.955835816388344, 0.0 ], [ -64.653495029435106, -20.956434746343525, 0.0 ], [ -64.653218173790549, -20.9566526611586, 0.0 ], [ -64.653006149441097, -20.956819546150371, 0.0 ], [ -64.652614754441885, -20.956870848008599, 0.0 ], [ -64.652296864552483, -20.956707651853694, 0.0 ], [ -64.65181618798691, -20.956688557612608, 0.0 ], [ -64.651234764204361, -20.956706065281939, 0.0 ], [ -64.651025161986283, -20.956673912081428, 0.0 ], [ -64.650943465265954, -20.956661379644324, 0.0 ], [ -64.650096026627338, -20.956633953381314, 0.0 ], [ -64.649694569374361, -20.956686792162181, 0.0 ], [ -64.649414242437373, -20.956723687502191, 0.0 ], [ -64.6485119197866, -20.957456904916317, 0.0 ], [ -64.64779909679163, -20.95817640823142, 0.0 ], [ -64.647233690139743, -20.95850254723906, 0.0 ], [ -64.646642083551129, -20.958745800585305, 0.0 ], [ -64.646513935686997, -20.959014155532152, 0.0 ], [ -64.646504168279861, -20.95935720548302, 0.0 ], [ -64.646509451420812, -20.95983983451374, 0.0 ], [ -64.646501770591072, -20.960373397868935, 0.0 ], [ -64.646600589607544, -20.960753506004504, 0.0 ], [ -64.646782068640533, -20.961272539027565, 0.0 ], [ -64.646775084429265, -20.961869605806932, 0.0 ], [ -64.646754159763034, -20.962428699260567, 0.0 ], [ -64.646472016625097, -20.962596551518892, 0.0 ], [ -64.64627058446743, -20.962725519473729, 0.0 ], [ -64.64625407022514, -20.962773699874646, 0.0 ], [ -64.646218166053913, -20.962878450409363, 0.0 ], [ -64.646411082693703, -20.963206842352676, 0.0 ], [ -64.646615574778423, -20.963357291638257, 0.0 ], [ -64.646671190578317, -20.963496477842295, 0.0 ], [ -64.646687493579648, -20.963750362301305, 0.0 ], [ -64.64671759637659, -20.964029516626017, 0.0 ], [ -64.646706021941171, -20.964207458986323, 0.0 ], [ -64.64660494303395, -20.964856241973855, 0.0 ], [ -64.646342434567771, -20.965582796652487, 0.0 ], [ -64.6461297014433, -20.965915106636619, 0.0 ], [ -64.645954368090315, -20.966209713229141, 0.0 ], [ -64.645645340054486, -20.96666744036845, 0.0 ], [ -64.64522138284697, -20.967384373429937, 0.0 ], [ -64.644844245251448, -20.96759695009921, 0.0 ], [ -64.644439593649707, -20.967686888097738, 0.0 ], [ -64.644179263365302, -20.967812304213631, 0.0 ], [ -64.643973689943721, -20.968158415517838, 0.0 ], [ -64.643833665566021, -20.968516187205068, 0.0 ], [ -64.643643589519314, -20.969083376087784, 0.0 ], [ -64.643481830861063, -20.96984693786958, 0.0 ], [ -64.643435002644367, -20.970351293262279, 0.0 ], [ -64.643332482815623, -20.970548928141312, 0.0 ], [ -64.643260830006184, -20.971176427196301, 0.0 ], [ -64.642891200711645, -20.972077184813347, 0.0 ], [ -64.642361604609661, -20.972709099362813, 0.0 ], [ -64.641506107975175, -20.973454764057887, 0.0 ], [ -64.640923760869597, -20.97405031146134, 0.0 ], [ -64.640210702734095, -20.97465940387378, 0.0 ], [ -64.639794151478355, -20.974860058075254, 0.0 ], [ -64.639396691154829, -20.975050269846616, 0.0 ], [ -64.638925962704221, -20.975202691847574, 0.0 ], [ -64.638608765638253, -20.974994465898096, 0.0 ], [ -64.638181409219868, -20.974998576504294, 0.0 ], [ -64.637822913371892, -20.97512878924422, 0.0 ], [ -64.637376746067176, -20.975471119167494, 0.0 ], [ -64.637018476489416, -20.975622456117812, 0.0 ], [ -64.636658825773807, -20.975647039507447, 0.0 ], [ -64.635783456774192, -20.975824467829185, 0.0 ], [ -64.635336134036649, -20.976061165673553, 0.0 ], [ -64.634933794941588, -20.976297431628524, 0.0 ], [ -64.634636632577909, -20.976403692932269, 0.0 ], [ -64.634287563064319, -20.97649837829027, 0.0 ], [ -64.633605892783194, -20.976413578880862, 0.0 ], [ -64.632770793406834, -20.976451974053049, 0.0 ], [ -64.632116138007646, -20.976435051407389, 0.0 ], [ -64.631851431599856, -20.975938877277272, 0.0 ], [ -64.631382111407234, -20.975931773725513, 0.0 ], [ -64.630541746491659, -20.975870230839753, 0.0 ], [ -64.629821916614958, -20.975950254726406, 0.0 ], [ -64.629599897034865, -20.976135344315523, 0.0 ], [ -64.628960686921175, -20.976454125357279, 0.0 ], [ -64.628593692663614, -20.976715662709832, 0.0 ], [ -64.628321249327271, -20.976926675877763, 0.0 ], [ -64.628127267090434, -20.977105426487668, 0.0 ], [ -64.628570723162071, -20.977174762881994, 0.0 ], [ -64.628906336240235, -20.977297140050034, 0.0 ], [ -64.629375416459538, -20.977429907875059, 0.0 ], [ -64.629845092825732, -20.97761757083655, 0.0 ], [ -64.630258107995047, -20.977970477579639, 0.0 ], [ -64.630609216987338, -20.978378408229265, 0.0 ], [ -64.630771872562491, -20.978675076135094, 0.0 ], [ -64.630954812808312, -20.978927197037446, 0.0 ], [ -64.631065130080074, -20.979129238086355, 0.0 ], [ -64.631262336016476, -20.97932258563586, 0.0 ], [ -64.631340778321857, -20.97966568911492, 0.0 ], [ -64.631307612919912, -20.980051964788323, 0.0 ], [ -64.631272620051774, -20.980269839912484, 0.0 ], [ -64.631215213233929, -20.980487930580644, 0.0 ], [ -64.63121803184859, -20.980747547872486, 0.0 ], [ -64.631186650605173, -20.980998788083141, 0.0 ], [ -64.631176786307634, -20.981077762146139, 0.0 ], [ -64.631165043171734, -20.981372606378624, 0.0 ], [ -64.631123492726999, -20.981674753732193, 0.0 ], [ -64.631029873030116, -20.981998451833284, 0.0 ], [ -64.630906215085702, -20.982308402159884, 0.0 ], [ -64.630730335924241, -20.982625870993459, 0.0 ], [ -64.630554227575544, -20.982922288825144, 0.0 ], [ -64.630414712285344, -20.983148182103534, 0.0 ], [ -64.630282668032763, -20.983374003772582, 0.0 ], [ -64.630167622138728, -20.983789132846749, 0.0 ], [ -64.630128462642787, -20.984072856712036, 0.0 ], [ -64.630119130874803, -20.984140468426887, 0.0 ], [ -64.629875169133868, -20.984381395465277, 0.0 ], [ -64.629679066823968, -20.9845641383965, 0.0 ], [ -64.629608869181411, -20.984629553619573, 0.0 ], [ -64.629515667864951, -20.98496104248408, 0.0 ], [ -64.629543253133534, -20.985468764273115, 0.0 ], [ -64.629548505496729, -20.985952916920784, 0.0 ], [ -64.629461971343659, -20.986241459041477, 0.0 ], [ -64.629361025552527, -20.986579261886469, 0.0 ], [ -64.629338171660976, -20.98689259706595, 0.0 ], [ -64.629286254316241, -20.987227658091122, 0.0 ], [ -64.62922333970954, -20.987665171000597, 0.0 ], [ -64.629187108667779, -20.988044410105079, 0.0 ], [ -64.629178867299771, -20.988524419215128, 0.0 ], [ -64.629251170923581, -20.98899102782503, 0.0 ], [ -64.629281214998144, -20.98928122480779, 0.0 ], [ -64.629363840072173, -20.989584186194474, 0.0 ], [ -64.62954524902861, -20.990038060982283, 0.0 ], [ -64.629579985316184, -20.990462223581332, 0.0 ], [ -64.629523407979391, -20.990802360526214, 0.0 ], [ -64.629496194411857, -20.991071467870871, 0.0 ], [ -64.629559987924466, -20.991396302716431, 0.0 ], [ -64.629580580231362, -20.991905499234548, 0.0 ], [ -64.629809635832103, -20.992186302781736, 0.0 ], [ -64.629828387392095, -20.992525718658435, 0.0 ], [ -64.629891107424299, -20.992751515751539, 0.0 ], [ -64.629954594632977, -20.993048054000148, 0.0 ], [ -64.630079114208456, -20.993414756389328, 0.0 ], [ -64.630308326832846, -20.993709707601475, 0.0 ], [ -64.630431926097458, -20.993991520759494, 0.0 ], [ -64.630437457183533, -20.994500860184409, 0.0 ], [ -64.630604659075416, -20.994722623848396, 0.0 ], [ -64.630776593178297, -20.994883928039481, 0.0 ], [ -64.630820887097684, -20.994968111437046, 0.0 ], [ -64.630859085961305, -20.995105627534564, 0.0 ], [ -64.630863954959565, -20.99524659553084, 0.0 ], [ -64.630819080465969, -20.995416244429453, 0.0 ], [ -64.630773663227856, -20.995535758614665, 0.0 ], [ -64.630725280062251, -20.995689772610984, 0.0 ], [ -64.630727117951992, -20.995858974016677, 0.0 ], [ -64.630761505047346, -20.995952653763876, 0.0 ], [ -64.630849278694171, -20.996045823869316, 0.0 ], [ -64.63098761025293, -20.99618551230434, 0.0 ], [ -64.631158354011149, -20.996237149745347, 0.0 ], [ -64.63148144567954, -20.996280663415114, 0.0 ], [ -64.631569835395055, -20.996286198029001, 0.0 ], [ -64.631703598381108, -20.996246631753774, 0.0 ], [ -64.631882646822845, -20.996153989272393, 0.0 ], [ -64.632130733940656, -20.996178133314125, 0.0 ], [ -64.63252708644562, -20.996460747314575, 0.0 ], [ -64.632888470829499, -20.996479892399051, 0.0 ], [ -64.633346075506125, -20.996490577360035, 0.0 ], [ -64.633595023562222, -20.996503262656582, 0.0 ], [ -64.633867882907708, -20.996500643978628, 0.0 ], [ -64.634093001761983, -20.996536169318382, 0.0 ], [ -64.634306134486053, -20.996735310371132, 0.0 ], [ -64.634210800377446, -20.997028141000918, 0.0 ], [ -64.634212813691207, -20.997037603509728, 0.0 ], [ -64.634217357810641, -20.997058962541473, 0.0 ], [ -64.634274290135622, -20.997326564774287, 0.0 ], [ -64.634489909464762, -20.997526999530354, 0.0 ], [ -64.634808551528948, -20.99782750013976, 0.0 ], [ -64.635198146220901, -20.998127319389919, 0.0 ], [ -64.635625142939787, -20.998241679771244, 0.0 ], [ -64.636049316186458, -20.998096928698153, 0.0 ], [ -64.636347433438075, -20.997960792707222, 0.0 ], [ -64.636722173072812, -20.99800848858818, 0.0 ], [ -64.636747660175601, -20.998007419720093, 0.0 ], [ -64.637010570766023, -20.997996388850144, 0.0 ], [ -64.637076131378748, -20.998050816522614, 0.0 ], [ -64.637136857733765, -20.998097850269456, 0.0 ], [ -64.63723708185114, -20.998134086459423, 0.0 ], [ -64.637316415238786, -20.998143740110997, 0.0 ], [ -64.637364470725473, -20.998135660429316, 0.0 ], [ -64.637570101847231, -20.998152057015556, 0.0 ], [ -64.63768811547159, -20.998222164037649, 0.0 ], [ -64.637722373024104, -20.998263757883358, 0.0 ], [ -64.637738431278706, -20.998336356073477, 0.0 ], [ -64.637739610331622, -20.998444423241139, 0.0 ], [ -64.637735051966402, -20.998479251849577, 0.0 ], [ -64.637530411243304, -20.998613465774891, 0.0 ], [ -64.637368155398079, -20.998860491804002, 0.0 ], [ -64.637305072611326, -20.999017748788816, 0.0 ], [ -64.637338625874762, -20.999202524385804, 0.0 ], [ -64.63768822124041, -20.999509883444514, 0.0 ], [ -64.637832298100747, -20.999628506272817, 0.0 ], [ -64.637832721123672, -20.999667274063331, 0.0 ], [ -64.637818820673573, -20.999705880733494, 0.0 ], [ -64.637799277433615, -20.999760159477603, 0.0 ], [ -64.637734789615308, -20.99987564398635, 0.0 ], [ -64.637514651706155, -21.000119973467459, 0.0 ], [ -64.63739935395958, -21.000509691967611, 0.0 ], [ -64.637394962399824, -21.00095015883884, 0.0 ], [ -64.637628423434364, -21.001276071135841, 0.0 ], [ -64.637916208868049, -21.001523738601296, 0.0 ], [ -64.638180610110069, -21.001313936174103, 0.0 ], [ -64.638437134425928, -21.001225108926338, 0.0 ], [ -64.638705398843953, -21.001369334069636, 0.0 ], [ -64.63896380878117, -21.001453203806179, 0.0 ], [ -64.639220710020595, -21.001398915302595, 0.0 ], [ -64.639412394960459, -21.001267532107221, 0.0 ], [ -64.639680189570512, -21.001368582114761, 0.0 ], [ -64.639903894072731, -21.001642770557108, 0.0 ], [ -64.640125996185986, -21.001770166353616, 0.0 ], [ -64.640382519901308, -21.0016813371046, 0.0 ], [ -64.640625541931414, -21.001702416883791, 0.0 ], [ -64.641006431854109, -21.001963378224502, 0.0 ], [ -64.641521318052114, -21.001906777417638, 0.0 ], [ -64.64198235150873, -21.001953965640062, 0.0 ], [ -64.642284749174053, -21.001951047928749, 0.0 ], [ -64.642897062448085, -21.001799674827282, 0.0 ], [ -64.643310181895757, -21.001837372249984, 0.0 ], [ -64.643375756039802, -21.001883893359722, 0.0 ], [ -64.643485015195438, -21.00193952046849, 0.0 ], [ -64.643684123138613, -21.001931928633908, 0.0 ], [ -64.643834823017727, -21.00191346968894, 0.0 ], [ -64.644033495338874, -21.001866205704118, 0.0 ], [ -64.644250646143377, -21.001852770801278, 0.0 ], [ -64.644433584046453, -21.002063504139795, 0.0 ], [ -64.64456349073005, -21.002259365829683, 0.0 ], [ -64.644612971834476, -21.00232189278427, 0.0 ], [ -64.644850252797966, -21.002621732643071, 0.0 ], [ -64.645242325062355, -21.002916691147501, 0.0 ], [ -64.645584844369637, -21.002990833635025, 0.0 ], [ -64.646132509096773, -21.003505581308392, 0.0 ], [ -64.646500779644441, -21.003778637249344, 0.0 ], [ -64.646832822065079, -21.004313558416044, 0.0 ], [ -64.646944969211148, -21.004582794751911, 0.0 ], [ -64.647209516402555, -21.004907321936756, 0.0 ], [ -64.647282152587962, -21.004977598898755, 0.0 ], [ -64.647422726850024, -21.005113607018689, 0.0 ], [ -64.647418939394299, -21.005258671498609, 0.0 ], [ -64.647380568123168, -21.005380221345042, 0.0 ], [ -64.647452298275795, -21.00558459789071, 0.0 ], [ -64.647772374103425, -21.005805213593892, 0.0 ], [ -64.648188943235425, -21.005773214580522, 0.0 ], [ -64.64850730916956, -21.006059232329378, 0.0 ], [ -64.648653304949008, -21.006477144214863, 0.0 ], [ -64.648308056442147, -21.00667623872225, 0.0 ], [ -64.648389817181666, -21.006889839469022, 0.0 ], [ -64.648629057559432, -21.006980736154283, 0.0 ], [ -64.648857451115248, -21.006987844163454, 0.0 ], [ -64.648919566210964, -21.007220277844354, 0.0 ], [ -64.648862060340704, -21.007407263021147, 0.0 ], [ -64.648870956657774, -21.007643729654554, 0.0 ], [ -64.648876082822426, -21.007779983886557, 0.0 ], [ -64.648789926561406, -21.008069782980492, 0.0 ], [ -64.648523773978141, -21.008240146846141, 0.0 ], [ -64.648268059065785, -21.008457016880037, 0.0 ], [ -64.648142402729505, -21.008765841238574, 0.0 ], [ -64.648184973142989, -21.009026428359014, 0.0 ], [ -64.648207589588978, -21.009277887759101, 0.0 ], [ -64.647984106976551, -21.009718158938597, 0.0 ], [ -64.647569369363907, -21.009917925401382, 0.0 ], [ -64.647294617177351, -21.010209550072293, 0.0 ], [ -64.647278175838196, -21.010340675382963, 0.0 ], [ -64.64724897935929, -21.010573526898817, 0.0 ], [ -64.647393571486873, -21.011084804932494, 0.0 ], [ -64.647731074715921, -21.011565920933087, 0.0 ], [ -64.648111043158508, -21.012244326511027, 0.0 ], [ -64.648289634574468, -21.013012396275155, 0.0 ], [ -64.648326090456479, -21.013169181264683, 0.0 ], [ -64.648575121280743, -21.013796386737408, 0.0 ], [ -64.649010203994834, -21.014404297979564, 0.0 ], [ -64.649312227885346, -21.014768646810587, 0.0 ], [ -64.649128870855037, -21.015032765064905, 0.0 ], [ -64.649190127749748, -21.015521874512078, 0.0 ], [ -64.649315107392979, -21.015683972468725, 0.0 ], [ -64.649511355810247, -21.015938504708814, 0.0 ], [ -64.649608131968364, -21.0162698642098, 0.0 ], [ -64.649331844407257, -21.016552373298175, 0.0 ], [ -64.649168071430751, -21.016903749516789, 0.0 ], [ -64.649284241390603, -21.017304878609078, 0.0 ], [ -64.649511389590614, -21.017634973891671, 0.0 ], [ -64.649683050007397, -21.018000585713626, 0.0 ], [ -64.650025411368972, -21.018644372063264, 0.0 ], [ -64.650405026150636, -21.019287795116686, 0.0 ], [ -64.650392945881677, -21.01988255134766, 0.0 ], [ -64.651004386570293, -21.020572407992574, 0.0 ], [ -64.651971822195037, -21.021039872392198, 0.0 ], [ -64.652309925052847, -21.021400506511032, 0.0 ], [ -64.652968397626978, -21.021909654678797, 0.0 ], [ -64.653041569385692, -21.022070120462271, 0.0 ], [ -64.653107473542903, -21.022206895130271, 0.0 ], [ -64.653159238129192, -21.022283330726161, 0.0 ], [ -64.653320180841902, -21.022387846565138, 0.0 ], [ -64.653405225582318, -21.022399127317495, 0.0 ], [ -64.653587138289055, -21.022438583415539, 0.0 ], [ -64.653765913619608, -21.022458830839341, 0.0 ], [ -64.653953111507604, -21.022415755645326, 0.0 ], [ -64.653992243279959, -21.02235208034687, 0.0 ], [ -64.654100827034085, -21.02219566622194, 0.0 ], [ -64.654209696240642, -21.022065142713593, 0.0 ], [ -64.65432223117314, -21.021989246434806, 0.0 ], [ -64.654462722700458, -21.02194760150773, 0.0 ], [ -64.654554636510412, -21.021946707291125, 0.0 ], [ -64.65467766513683, -21.021988665429753, 0.0 ], [ -64.654767119438276, -21.022042457967721, 0.0 ], [ -64.654881146458976, -21.022101765234993, 0.0 ], [ -64.655059482801448, -21.022157569613483, 0.0 ], [ -64.655169844743057, -21.022162249413078, 0.0 ], [ -64.655280141240411, -21.022161175880129, 0.0 ], [ -64.655344100115627, -21.022126029941887, 0.0 ], [ -64.655401677318153, -21.022067929609431, 0.0 ], [ -64.655437299917409, -21.021964010893925, 0.0 ], [ -64.655515815088137, -21.021859674629429, 0.0 ], [ -64.655576423154159, -21.021798667792442, 0.0 ], [ -64.655714041908126, -21.021774312419417, 0.0 ], [ -64.655888677916636, -21.021772611190023, 0.0 ], [ -64.656072760360459, -21.02179383518256, 0.0 ], [ -64.65620782177011, -21.021815535482762, 0.0 ], [ -64.656294243522993, -21.021872234576765, 0.0 ], [ -64.656340742080232, -21.0219206898152, 0.0 ], [ -64.656414907933055, -21.02197750730533, 0.0 ], [ -64.656507426542646, -21.022031269045304, 0.0 ], [ -64.656709955482725, -21.022058066536115, 0.0 ], [ -64.656894101893315, -21.022085041075684, 0.0 ], [ -64.657040814594865, -21.022051966086533, 0.0 ], [ -64.657254995418384, -21.02202398559433, 0.0 ], [ -64.657441791218844, -21.022013534318607, 0.0 ], [ -64.657604173292285, -21.022011951642291, 0.0 ], [ -64.657791289037249, -21.022030266326226, 0.0 ], [ -64.657996913661819, -21.022059909038013, 0.0 ], [ -64.658190124221107, -21.02207528690974, 0.0 ], [ -64.658358633826126, -21.02207364466511, 0.0 ], [ -64.658453579448079, -21.022069840018862, 0.0 ], [ -64.658526728723274, -21.022034603300238, 0.0 ], [ -64.658587145575709, -21.021956336552474, 0.0 ], [ -64.658661990948858, -21.021797370984409, 0.0 ], [ -64.658731089659724, -21.021672987491606, 0.0 ], [ -64.658864400570167, -21.021536468053604, 0.0 ], [ -64.659055509508491, -21.02136198440628, 0.0 ], [ -64.659274001585445, -21.02116997083008, 0.0 ], [ -64.65946220504874, -21.021009900745049, 0.0 ], [ -64.659656790301526, -21.020872782845064, 0.0 ], [ -64.659731408066705, -21.02082245649483, 0.0 ], [ -64.659916765451754, -21.020829968398196, 0.0 ], [ -64.660060891060738, -21.020840069409736, 0.0 ], [ -64.660202652779176, -21.020913487943385, 0.0 ], [ -64.660313617051344, -21.020972821396484, 0.0 ], [ -64.660378913075476, -21.021058493131093, 0.0 ], [ -64.660524568209325, -21.021206674791628, 0.0 ], [ -64.660627106294427, -21.021335136927664, 0.0 ], [ -64.660668274147525, -21.021455569253792, 0.0 ], [ -64.660656974117174, -21.021541988792769, 0.0 ], [ -64.660606291466678, -21.021669070998136, 0.0 ], [ -64.660528194310118, -21.021810806493868, 0.0 ], [ -64.660473937958812, -21.021891892471626, 0.0 ], [ -64.660364564873319, -21.021976391702783, 0.0 ], [ -64.660227935492884, -21.022089929106432, 0.0 ], [ -64.66012494544897, -21.022197383236495, 0.0 ], [ -64.659979125353956, -21.022311009275604, 0.0 ], [ -64.659894421035915, -21.022409653055846, 0.0 ], [ -64.659840004879243, -21.022476354795852, 0.0 ], [ -64.659811472706849, -21.022565506902421, 0.0 ], [ -64.659806382914709, -21.022626452038242, 0.0 ], [ -64.659814291910138, -21.022689976525385, 0.0 ], [ -64.659836747473804, -21.022765537037301, 0.0 ], [ -64.659893654719696, -21.02282858416541, 0.0 ], [ -64.659993555624354, -21.022869559095689, 0.0 ], [ -64.66044213773084, -21.023096291679717, 0.0 ], [ -64.660718360608371, -21.023071812697491, 0.0 ], [ -64.661179781090453, -21.022963353922265, 0.0 ], [ -64.661611551383587, -21.023026901377946, 0.0 ], [ -64.661900946478553, -21.023374663722116, 0.0 ], [ -64.662058340736692, -21.02370309296164, 0.0 ], [ -64.662317424191556, -21.02428831537604, 0.0 ], [ -64.662638852459011, -21.024553271181283, 0.0 ], [ -64.663263413490753, -21.025312368578142, 0.0 ], [ -64.66370194896902, -21.025654268513456, 0.0 ], [ -64.663789744478635, -21.025745621440443, 0.0 ], [ -64.663787600393093, -21.026135158186023, 0.0 ], [ -64.663494076147373, -21.026751036561993, 0.0 ], [ -64.663639755310754, -21.027125767516416, 0.0 ], [ -64.663733331456868, -21.027168032155792, 0.0 ], [ -64.663931851954956, -21.027257697154862, 0.0 ], [ -64.66403767291078, -21.027228855042583, 0.0 ], [ -64.664238262215108, -21.027174181943572, 0.0 ], [ -64.664535112797253, -21.026802605397918, 0.0 ], [ -64.664622638893732, -21.026786777609985, 0.0 ], [ -64.664692394508464, -21.02678609467451, 0.0 ], [ -64.664818183042698, -21.02680544876236, 0.0 ], [ -64.664920303791135, -21.026847490876694, 0.0 ], [ -64.664992884071609, -21.026921637417459, 0.0 ], [ -64.665051366615785, -21.026982821756047, 0.0 ], [ -64.665090086537703, -21.027059170518033, 0.0 ], [ -64.665112655050734, -21.027116963355343, 0.0 ], [ -64.665141657620822, -21.027215865434382, 0.0 ], [ -64.665158475295783, -21.027294300259136, 0.0 ], [ -64.665177286191124, -21.027372716462935, 0.0 ], [ -64.665185944042634, -21.027434388698946, 0.0 ], [ -64.665184325056956, -21.027468089549703, 0.0 ], [ -64.665204838132055, -21.027520289535826, 0.0 ], [ -64.665245133752194, -21.027559194641288, 0.0 ], [ -64.665327908264871, -21.027653826834563, 0.0 ], [ -64.665410577958994, -21.027739102965004, 0.0 ], [ -64.665491173293915, -21.027816913012735, 0.0 ], [ -64.66560174599708, -21.027901915705634, 0.0 ], [ -64.665702207248046, -21.027973916258869, 0.0 ], [ -64.665870952501947, -21.028092034720526, 0.0 ], [ -64.666027302951335, -21.028170973804645, 0.0 ], [ -64.666195486968746, -21.028238567235444, 0.0 ], [ -64.666389435204479, -21.028292810468059, 0.0 ], [ -64.66672907183171, -21.028431777477188, 0.0 ], [ -64.666737843530001, -21.028435366525727, 0.0 ], [ -64.666914041609076, -21.028506624722528, 0.0 ], [ -64.667072115588496, -21.028561216149562, 0.0 ], [ -64.66729832662341, -21.028648827817637, 0.0 ], [ -64.667416478173266, -21.028698197452123, 0.0 ], [ -64.667542454949015, -21.028734390040654, 0.0 ], [ -64.667674577967759, -21.02878549313607, 0.0 ], [ -64.667850695482628, -21.028849266557746, 0.0 ], [ -64.668012942053522, -21.028920660417054, 0.0 ], [ -64.668097087406267, -21.028959134563003, 0.0 ], [ -64.668149385051123, -21.029001664324394, 0.0 ], [ -64.66822194614673, -21.029073937015756, 0.0 ], [ -64.668316909814095, -21.029189033626036, 0.0 ], [ -64.668379298636566, -21.029242691997457, 0.0 ], [ -64.668425388644508, -21.029264697835895, 0.0 ], [ -64.668533241613943, -21.029284225031017, 0.0 ], [ -64.668776850666518, -21.029323005327218, 0.0 ], [ -64.669060445257685, -21.029372621335614, 0.0 ], [ -64.669294131113318, -21.029415240560908, 0.0 ], [ -64.669485608127317, -21.029426460598845, 0.0 ], [ -64.669632738948479, -21.029393201489537, 0.0 ], [ -64.669783667518516, -21.029343062492071, 0.0 ], [ -64.669877403294748, -21.029347755690438, 0.0 ], [ -64.670043284138302, -21.029387297580605, 0.0 ], [ -64.670331344263573, -21.029479910417898, 0.0 ], [ -64.670435831973393, -21.029528936071511, 0.0 ], [ -64.67048626118401, -21.029597018994757, 0.0 ], [ -64.670519222462175, -21.0296707600308, 0.0 ], [ -64.670546371314856, -21.02974730232037, 0.0 ], [ -64.670546694557117, -21.029776299679707, 0.0 ], [ -64.67054719684927, -21.029821359115658, 0.0 ], [ -64.670536703189768, -21.029928445172342, 0.0 ], [ -64.670514262179296, -21.03005691893507, 0.0 ], [ -64.670454911571412, -21.030197636137039, 0.0 ], [ -64.670440866683151, -21.030226603052039, 0.0 ], [ -64.670445587257575, -21.03025928050203, 0.0 ], [ -64.670451927598677, -21.030306940911156, 0.0 ], [ -64.670474132878681, -21.03035038430907, 0.0 ], [ -64.670582829026827, -21.030473334922178, 0.0 ], [ -64.670733233176648, -21.030634632368088, 0.0 ], [ -64.670826112475552, -21.030819748030275, 0.0 ], [ -64.670992595667698, -21.030942131285322, 0.0 ], [ -64.67108888728751, -21.030973354898322, 0.0 ], [ -64.671226263459133, -21.031035841560985, 0.0 ], [ -64.671322831072203, -21.031088437403319, 0.0 ], [ -64.671390176396628, -21.031140015261862, 0.0 ], [ -64.671419821151659, -21.03117890332031, 0.0 ], [ -64.671431532023149, -21.031231028139995, 0.0 ], [ -64.671443313806321, -21.031289682029968, 0.0 ], [ -64.671445345718723, -21.031347124742307, 0.0 ], [ -64.671444502482856, -21.031488023028221, 0.0 ], [ -64.671463260803719, -21.031689369894437, 0.0 ], [ -64.671502574467098, -21.031799819596333, 0.0 ], [ -64.671574298039715, -21.031933789808765, 0.0 ], [ -64.671633724750606, -21.032037018738585, 0.0 ], [ -64.671661291077044, -21.03209707191726, 0.0 ], [ -64.671690273148954, -21.032150096341667, 0.0 ], [ -64.67171603254809, -21.032182108877031, 0.0 ], [ -64.671792668201519, -21.03222063590103, 0.0 ], [ -64.671879731371845, -21.032256254765095, 0.0 ], [ -64.671963885858943, -21.032298917015492, 0.0 ], [ -64.672031542130654, -21.032336129456343, 0.0 ], [ -64.672138105353682, -21.032378570299759, 0.0 ], [ -64.672211675950592, -21.032410113350366, 0.0 ], [ -64.6722688578743, -21.032446025038237, 0.0 ], [ -64.672314290582548, -21.032500290290542, 0.0 ], [ -64.672359786915578, -21.032560166942293, 0.0 ], [ -64.672384068205503, -21.032593596688361, 0.0 ], [ -64.672400877706707, -21.032627100842486, 0.0 ], [ -64.672405798979057, -21.032666333090248, 0.0 ], [ -64.672400573611441, -21.03273372265086, 0.0 ], [ -64.672396451768762, -21.032766029042691, 0.0 ], [ -64.672365780832195, -21.032829461490664, 0.0 ], [ -64.672332058310033, -21.032887311012377, 0.0 ], [ -64.672311658263524, -21.032933806289407, 0.0 ], [ -64.672301935255518, -21.032999837310705, 0.0 ], [ -64.672292290524126, -21.033072882385124, 0.0 ], [ -64.672273462708546, -21.033126377015297, 0.0 ], [ -64.672242571504725, -21.03317016992548, 0.0 ], [ -64.672191971213579, -21.03326392980652, 0.0 ], [ -64.672612374428766, -21.033975765965945, 0.0 ], [ -64.672921281911954, -21.034498809675149, 0.0 ], [ -64.672998649430681, -21.034629808035287, 0.0 ], [ -64.674216607499162, -21.035473497660806, 0.0 ], [ -64.67425183258058, -21.035497898082912, 0.0 ], [ -64.674789151983731, -21.035577575399731, 0.0 ], [ -64.674884174423653, -21.035631259975119, 0.0 ], [ -64.674918267154666, -21.035658804434721, 0.0 ], [ -64.674958829576056, -21.035695161591132, 0.0 ], [ -64.674992302271562, -21.035725935020523, 0.0 ], [ -64.675007822345066, -21.035767252220218, 0.0 ], [ -64.675009183952184, -21.035799282394567, 0.0 ], [ -64.67501260598462, -21.035836006442981, 0.0 ], [ -64.675040140797606, -21.035874377088835, 0.0 ], [ -64.675077660606405, -21.035907937856216, 0.0 ], [ -64.675107160059753, -21.035942518867959, 0.0 ], [ -64.675147838521553, -21.035989242588666, 0.0 ], [ -64.675177380161529, -21.036027593429445, 0.0 ], [ -64.675206633563079, -21.036075184872004, 0.0 ], [ -64.675210410362766, -21.036085638253674, 0.0 ], [ -64.675224243641978, -21.036126928694465, 0.0 ], [ -64.675228091003575, -21.036172085105964, 0.0 ], [ -64.675230046776392, -21.036227302743487, 0.0 ], [ -64.675228335739391, -21.036253682516062, 0.0 ], [ -64.675225329565066, -21.036260284071318, 0.0 ], [ -64.675221157546972, -21.036269445817059, 0.0 ], [ -64.675202642167591, -21.036287831955612, 0.0 ], [ -64.675185643991838, -21.036315419227204, 0.0 ], [ -64.675206508174327, -21.036345496699319, 0.0 ], [ -64.675226787920977, -21.036359704013208, 0.0 ], [ -64.675249082610108, -21.036370836597211, 0.0 ], [ -64.675274431703912, -21.036384778057322, 0.0 ], [ -64.675305973254098, -21.036411903158719, 0.0 ], [ -64.675315306653857, -21.036435462444942, 0.0 ], [ -64.67532682379229, -21.036474138146808, 0.0 ], [ -64.675323173769968, -21.036508232008266, 0.0 ], [ -64.67531040287983, -21.036537686238422, 0.0 ], [ -64.675309776486628, -21.036571751199538, 0.0 ], [ -64.675341502277433, -21.036616723136291, 0.0 ], [ -64.675355017891178, -21.036640784061202, 0.0 ], [ -64.675381666113594, -21.036658873168303, 0.0 ], [ -64.675420452138255, -21.036682778928352, 0.0 ], [ -64.675437957797911, -21.036705815946682, 0.0 ], [ -64.675451553043615, -21.036739145457428, 0.0 ], [ -64.675469999380624, -21.036782028026334, 0.0 ], [ -64.675511986342997, -21.036833452011656, 0.0 ], [ -64.675574561503865, -21.036962432109195, 0.0 ], [ -64.675616859151901, -21.037041624103139, 0.0 ], [ -64.675656626586004, -21.037070853947103, 0.0 ], [ -64.675702329253966, -21.037101876971384, 0.0 ], [ -64.675734197421889, -21.037110787888238, 0.0 ], [ -64.675791636608878, -21.037140905710007, 0.0 ], [ -64.67580803477432, -21.03714311150177, 0.0 ], [ -64.67584351263514, -21.037144691980235, 0.0 ], [ -64.675917585046079, -21.037137908771403, 0.0 ], [ -64.676001429250121, -21.037140107957644, 0.0 ], [ -64.676049815275022, -21.037142657675997, 0.0 ], [ -64.676117982925277, -21.037184357924673, 0.0 ], [ -64.676180041757576, -21.037256384324007, 0.0 ], [ -64.676211817335599, -21.03729106550642, 0.0 ], [ -64.676233296939586, -21.037327100161548, 0.0 ], [ -64.676246378600524, -21.037340219432288, 0.0 ], [ -64.676264134652072, -21.037350534007238, 0.0 ], [ -64.676284823490334, -21.037360265948852, 0.0 ], [ -64.676305456744444, -21.037365030440466, 0.0 ], [ -64.676318201336272, -21.037364097056464, 0.0 ], [ -64.676339050809517, -21.037362570087907, 0.0 ], [ -64.676361809594539, -21.037366577441478, 0.0 ], [ -64.676455527382473, -21.03738683929009, 0.0 ], [ -64.676572283621326, -21.037449246303972, 0.0 ], [ -64.676621042327511, -21.037485084968818, 0.0 ], [ -64.676660193883109, -21.037552099976132, 0.0 ], [ -64.676713246100732, -21.03760087085033, 0.0 ], [ -64.676783363694042, -21.037610449292877, 0.0 ], [ -64.676875287789798, -21.037613650435613, 0.0 ], [ -64.676956480587705, -21.037635442868059, 0.0 ], [ -64.677026896139537, -21.037671719881221, 0.0 ], [ -64.677082022161414, -21.037710200872286, 0.0 ], [ -64.677183454732941, -21.037781088613432, 0.0 ], [ -64.677247538379717, -21.037837967504302, 0.0 ], [ -64.677278647363693, -21.037880793518614, 0.0 ], [ -64.67731615737523, -21.037909178980755, 0.0 ], [ -64.677360196977105, -21.037911836240838, 0.0 ], [ -64.677388388157866, -21.037909665654951, 0.0 ], [ -64.677443037030514, -21.037907926741532, 0.0 ], [ -64.677455693892696, -21.037904491329474, 0.0 ], [ -64.677471311856635, -21.037902657998572, 0.0 ], [ -64.677484424219159, -21.037901579240213, 0.0 ], [ -64.677501756292813, -21.037903146063964, 0.0 ], [ -64.677521812417595, -21.037909203259186, 0.0 ], [ -64.677552691499159, -21.037931491997707, 0.0 ], [ -64.677598264592348, -21.037960767919987, 0.0 ], [ -64.679092583311729, -21.038036527990052, 0.0 ], [ -64.679196484281917, -21.042030667594251, 0.0 ], [ -64.680521097764924, -21.040956751794791, 0.0 ], [ -64.680916388403205, -21.040636269465562, 0.0 ], [ -64.681154360952334, -21.040443331890884, 0.0 ], [ -64.681158267766662, -21.040441330987168, 0.0 ], [ -64.681161251530298, -21.040539480038277, 0.0 ], [ -64.681161695277794, -21.040545669370331, 0.0 ], [ -64.681163312642198, -21.040568220572755, 0.0 ], [ -64.681166173401493, -21.040608108627147, 0.0 ], [ -64.681187030746429, -21.040898925151236, 0.0 ], [ -64.681191879880998, -21.040966631452509, 0.0 ], [ -64.681304808505445, -21.041535429722106, 0.0 ], [ -64.681402233964675, -21.042026137482445, 0.0 ], [ -64.681512940498209, -21.042583733923124, 0.0 ], [ -64.681628436052023, -21.043165445837417, 0.0 ], [ -64.682286487846184, -21.046479723798178, 0.0 ], [ -64.682321290475585, -21.047317221810456, 0.0 ], [ -64.682354945152369, -21.048127078053305, 0.0 ], [ -64.682399771188173, -21.048888194471367, 0.0 ], [ -64.682461868095658, -21.049942537633569, 0.0 ], [ -64.682447670957146, -21.050116843492795, 0.0 ], [ -64.682342131740839, -21.051412597992456, 0.0 ], [ -64.682305670879899, -21.051860242277613, 0.0 ], [ -64.682137971110294, -21.052215156181941, 0.0 ], [ -64.681379289037622, -21.053820783025756, 0.0 ], [ -64.680655171554974, -21.055353227076882, 0.0 ], [ -64.680280564706578, -21.056145992111222, 0.0 ], [ -64.681036874572968, -21.057924780125845, 0.0 ], [ -64.681231463683261, -21.058382431974771, 0.0 ], [ -64.681333692571158, -21.058622861561155, 0.0 ], [ -64.681674412211052, -21.059424184980422, 0.0 ], [ -64.681802994381229, -21.059726589027285, 0.0 ], [ -64.681966417746068, -21.06011093171125, 0.0 ], [ -64.682235212672865, -21.060743084443686, 0.0 ], [ -64.682569625022182, -21.061529547539013, 0.0 ], [ -64.682764239214208, -21.061987232078337, 0.0 ], [ -64.683260722120252, -21.063154822190352, 0.0 ], [ -64.683278718048385, -21.063300304618306, 0.0 ], [ -64.683258048406813, -21.063503031026414, 0.0 ], [ -64.683255054984215, -21.063583361137162, 0.0 ], [ -64.68327978744658, -21.063649343473784, 0.0 ], [ -64.68346033824335, -21.064000513328473, 0.0 ], [ -64.683661442658774, -21.064391657445075, 0.0 ], [ -64.683980987457375, -21.06501316064826, 0.0 ], [ -64.684178403259708, -21.065249615675484, 0.0 ], [ -64.685029381431306, -21.066268863965583, 0.0 ], [ -64.685682110677462, -21.067050649040866, 0.0 ], [ -64.685882031537787, -21.067445043893727, 0.0 ], [ -64.686501045712262, -21.068245811158835, 0.0 ], [ -64.687055683816666, -21.068963290628812, 0.0 ], [ -64.688580970515289, -21.070936352611032, 0.0 ], [ -64.688647391473239, -21.0710222710388, 0.0 ], [ -64.688607266413925, -21.07182051353281, 0.0 ], [ -64.688491148301352, -21.07413053964336, 0.0 ], [ -64.688735940424451, -21.077322560077665, 0.0 ], [ -64.688503247792411, -21.079720291569942, 0.0 ], [ -64.688485783657555, -21.079900245103829, 0.0 ], [ -64.688368704289715, -21.080106308670846, 0.0 ], [ -64.688057196488899, -21.080654569776691, 0.0 ], [ -64.688038894423372, -21.080686781712192, 0.0 ], [ -64.68798080018108, -21.080789028433532, 0.0 ], [ -64.687610410525068, -21.081440916176351, 0.0 ], [ -64.687523364181359, -21.081563135128356, 0.0 ], [ -64.687064532003717, -21.08220736271349, 0.0 ], [ -64.687026326574482, -21.082261288085483, 0.0 ], [ -64.68702335667038, -21.082265503626388, 0.0 ], [ -64.686962213074892, -21.082352292001044, 0.0 ], [ -64.686932928938916, -21.082393858415884, 0.0 ], [ -64.686931456135852, -21.082399076375832, 0.0 ], [ -64.686903503376485, -21.082498109500282, 0.0 ], [ -64.686853429490483, -21.082675514710026, 0.0 ], [ -64.686702442539087, -21.083210439380519, 0.0 ], [ -64.686633106713998, -21.08345608490697, 0.0 ], [ -64.686460266153304, -21.084068427679082, 0.0 ], [ -64.686337824093883, -21.08450221496706, 0.0 ], [ -64.686011288911118, -21.085659051564654, 0.0 ], [ -64.686838865012248, -21.086754484669207, 0.0 ], [ -64.688005193244081, -21.088298275502581, 0.0 ], [ -64.689248329696667, -21.089943685313354, 0.0 ], [ -64.689338623855747, -21.090031838651395, 0.0 ], [ -64.689685169637471, -21.090483793455057, 0.0 ], [ -64.689843962472594, -21.090745458166843, 0.0 ], [ -64.68994294216391, -21.090923227541374, 0.0 ], [ -64.690171131061419, -21.091354257528209, 0.0 ], [ -64.690229311171251, -21.091446009162784, 0.0 ], [ -64.690291765018586, -21.09149391085246, 0.0 ], [ -64.690620176138523, -21.091745799093413, 0.0 ], [ -64.690784130200797, -21.091935972308548, 0.0 ], [ -64.690976601125669, -21.092263725822171, 0.0 ], [ -64.692131871963014, -21.092616325983979, 0.0 ], [ -64.693108085746985, -21.093341494117311, 0.0 ], [ -64.693516597193408, -21.093878396074086, 0.0 ], [ -64.694257224558129, -21.095464493953884, 0.0 ], [ -64.694339003179024, -21.095785616820766, 0.0 ], [ -64.694473162634765, -21.096788863904909, 0.0 ], [ -64.694589752439228, -21.097441270493473, 0.0 ], [ -64.694681976548694, -21.097504570573609, 0.0 ], [ -64.695109078084542, -21.097797735803148, 0.0 ], [ -64.695288686273642, -21.098862048248463, 0.0 ], [ -64.695353329503931, -21.099508072353533, 0.0 ], [ -64.698819347299036, -21.097796246555966, 0.0 ], [ -64.699162300816909, -21.099557738479611, 0.0 ], [ -64.699553097234286, -21.101564900777003, 0.0 ], [ -64.699598645811989, -21.101798837672284, 0.0 ], [ -64.699943906169224, -21.103572061008247, 0.0 ], [ -64.699966622650976, -21.103688728814781, 0.0 ], [ -64.697985446827715, -21.103741878248471, 0.0 ], [ -64.697937296879928, -21.104632766493289, 0.0 ], [ -64.697934824420443, -21.104678512772825, 0.0 ], [ -64.697933439436682, -21.104727690971846, 0.0 ], [ -64.697914098057183, -21.105182774313761, 0.0 ], [ -64.697908721397695, -21.105309281689546, 0.0 ], [ -64.697905655101877, -21.10538142852829, 0.0 ], [ -64.6978978876176, -21.105564189542427, 0.0 ], [ -64.6978687970457, -21.106248660727779, 0.0 ], [ -64.697862779129281, -21.106390256018024, 0.0 ], [ -64.697850577494052, -21.106677347670779, 0.0 ], [ -64.697837568162313, -21.106983443444378, 0.0 ], [ -64.697826372468967, -21.107246866124903, 0.0 ], [ -64.697775552280845, -21.108442609524793, 0.0 ], [ -64.697727931569489, -21.109563070906336, 0.0 ], [ -64.697722647652199, -21.109687395384132, 0.0 ], [ -64.699862748270803, -21.108960672771737, 0.0 ], [ -64.701270971102758, -21.108920556804044, 0.0 ], [ -64.701339760411344, -21.108861396409946, 0.0 ], [ -64.701538684941468, -21.108690316315425, 0.0 ], [ -64.701913748423408, -21.108367750661785, 0.0 ], [ -64.701986170287043, -21.108305465477553, 0.0 ], [ -64.702815542160138, -21.107592172715812, 0.0 ], [ -64.703155586578958, -21.107598239514306, 0.0 ], [ -64.704487910847106, -21.107622003180651, 0.0 ], [ -64.706370801264313, -21.107655568977062, 0.0 ], [ -64.706942471458817, -21.107983378623672, 0.0 ], [ -64.707083630076582, -21.108064321882754, 0.0 ], [ -64.707809322016345, -21.107938007762062, 0.0 ], [ -64.708126504244802, -21.107591289205235, 0.0 ], [ -64.708706105811189, -21.106957709130349, 0.0 ], [ -64.708800570822618, -21.106854445892608, 0.0 ], [ -64.709710481190086, -21.106467658993935, 0.0 ], [ -64.710334319723046, -21.106202472321662, 0.0 ], [ -64.710475910829274, -21.105735184473868, 0.0 ], [ -64.71050541251617, -21.105637820821098, 0.0 ], [ -64.710569380735521, -21.10542670776681, 0.0 ], [ -64.710713285646605, -21.104750850444351, 0.0 ], [ -64.710787650309285, -21.104640537405739, 0.0 ], [ -64.710993399347629, -21.10433532694536, 0.0 ], [ -64.711489913494802, -21.104005772864006, 0.0 ], [ -64.71180116226806, -21.103799184560774, 0.0 ], [ -64.711886757155042, -21.103761052001733, 0.0 ], [ -64.712085879852921, -21.103672360059115, 0.0 ], [ -64.712744370642568, -21.103379057002567, 0.0 ], [ -64.713408968995978, -21.103262704366877, 0.0 ], [ -64.713980492089789, -21.103180186683101, 0.0 ], [ -64.714077365255761, -21.10313350160736, 0.0 ], [ -64.714445242241851, -21.10295621373459, 0.0 ], [ -64.715351002426388, -21.102475626073556, 0.0 ], [ -64.71620085181894, -21.101912058121506, 0.0 ], [ -64.716723777653172, -21.101113699803051, 0.0 ], [ -64.717490997920208, -21.100516404289763, 0.0 ], [ -64.71915657530603, -21.09979945913587, 0.0 ], [ -64.719296255215298, -21.099648970255657, 0.0 ], [ -64.719655619993233, -21.100127878458764, 0.0 ], [ -64.719819115880625, -21.100086332546287, 0.0 ], [ -64.72060301058562, -21.1006636402727, 0.0 ], [ -64.722520865482892, -21.100689933794701, 0.0 ], [ -64.723189307467621, -21.101621545070763, 0.0 ], [ -64.723708221339365, -21.101613795077988, 0.0 ], [ -64.727604917563767, -21.102338469195228, 0.0 ], [ -64.726848397545353, -21.103933508473673, 0.0 ], [ -64.72477218271645, -21.108403567836138, 0.0 ], [ -64.723775843153817, -21.109734975502544, 0.0 ], [ -64.723819604423312, -21.109942521398629, 0.0 ], [ -64.723836933410141, -21.110156153042158, 0.0 ], [ -64.723895890790757, -21.110220423746231, 0.0 ], [ -64.723917196302722, -21.11024364993748, 0.0 ], [ -64.723999179285755, -21.110479863556314, 0.0 ], [ -64.724003247228012, -21.110574688524391, 0.0 ], [ -64.724005956697042, -21.11063782781612, 0.0 ], [ -64.724017849024591, -21.11080968167532, 0.0 ], [ -64.724100315814141, -21.111087723313414, 0.0 ], [ -64.72414197843942, -21.111263924204874, 0.0 ], [ -64.724168405621754, -21.111407743278527, 0.0 ], [ -64.724255818768214, -21.111595388892038, 0.0 ], [ -64.724337244964886, -21.111744144599726, 0.0 ], [ -64.724437168158005, -21.111870715245747, 0.0 ], [ -64.724480377068232, -21.111958265459826, 0.0 ], [ -64.724481495545902, -21.112055046118758, 0.0 ], [ -64.724473079310926, -21.11220244787145, 0.0 ], [ -64.724908997146926, -21.112850037548814, 0.0 ], [ -64.726498899004611, -21.115211898357195, 0.0 ], [ -64.727004026691972, -21.115962264922526, 0.0 ], [ -64.727176419133144, -21.116218351456357, 0.0 ], [ -64.727280468859576, -21.116372915305107, 0.0 ], [ -64.72739648664357, -21.116545255241785, 0.0 ], [ -64.727418792379083, -21.116578389977867, 0.0 ], [ -64.727600794247621, -21.116848749503021, 0.0 ], [ -64.727552529962196, -21.117023001223977, 0.0 ], [ -64.727498157695749, -21.117219304555015, 0.0 ], [ -64.726532152400878, -21.120706852361295, 0.0 ], [ -64.726529165105362, -21.120717637103304, 0.0 ], [ -64.726033776077557, -21.122506072601396, 0.0 ], [ -64.726085221701396, -21.123494079347079, 0.0 ], [ -64.726088129457736, -21.12354992175413, 0.0 ], [ -64.726090872788419, -21.123602606358954, 0.0 ], [ -64.726106571297834, -21.123904088898737, 0.0 ], [ -64.725959615653949, -21.124118995976826, 0.0 ], [ -64.725847518142089, -21.124282926253198, 0.0 ], [ -64.725608237133315, -21.124632847031265, 0.0 ], [ -64.724718570021167, -21.125933865862219, 0.0 ], [ -64.723736809489395, -21.127369529076223, 0.0 ], [ -64.723488631673149, -21.127732443324568, 0.0 ], [ -64.723257189157906, -21.128070883477999, 0.0 ], [ -64.716907575769014, -21.128377947237837, 0.0 ], [ -64.716903106833669, -21.128406029388515, 0.0 ], [ -64.716897001569876, -21.128430038216017, 0.0 ], [ -64.716887707247395, -21.128454079371949, 0.0 ], [ -64.716872084592183, -21.128482675633379, 0.0 ], [ -64.716853254666916, -21.128509806819515, 0.0 ], [ -64.71683438930647, -21.128533944996054, 0.0 ], [ -64.716815645553055, -21.128568560529214, 0.0 ], [ -64.716804720760393, -21.128589623939241, 0.0 ], [ -64.716795426414677, -21.128613665091386, 0.0 ], [ -64.716789305830289, -21.128636178290979, 0.0 ], [ -64.716784830991557, -21.128663164858377, 0.0 ], [ -64.716780406865837, -21.128694639155661, 0.0 ], [ -64.716767905273713, -21.128717217940835, 0.0 ], [ -64.716734668478153, -21.128740004200306, 0.0 ], [ -64.716699819447896, -21.128761311918929, 0.0 ], [ -64.716674557709482, -21.128784018232654, 0.0 ], [ -64.716652416102804, -21.128800706182727, 0.0 ], [ -64.716620669955859, -21.128814499017256, 0.0 ], [ -64.716598513022205, -21.128829689529343, 0.0 ], [ -64.716584345518882, -21.128846297550496, 0.0 ], [ -64.716579905100687, -21.128876277132719, 0.0 ], [ -64.7165787245861, -21.128912209504634, 0.0 ], [ -64.716579103673169, -21.128945133604809, 0.0 ], [ -64.716574886289862, -21.128994567812921, 0.0 ], [ -64.716575299818558, -21.129030483124421, 0.0 ], [ -64.716569403198633, -21.129072451837811, 0.0 ], [ -64.716565134098602, -21.12911739471236, 0.0 ], [ -64.7165749799167, -21.129141243661447, 0.0 ], [ -64.716606915689624, -21.129143913331976, 0.0 ], [ -64.716633824186687, -21.129125678577527, 0.0 ], [ -64.716659154912534, -21.129108958301835, 0.0 ], [ -64.716692392761317, -21.129086172041962, 0.0 ], [ -64.716724224155655, -21.129079861744735, 0.0 ], [ -64.716751339438105, -21.129079586885087, 0.0 ], [ -64.716762148544944, -21.129090525856018, 0.0 ], [ -64.716792629729895, -21.129107580927069, 0.0 ], [ -64.716815121861828, -21.129145322796042, 0.0 ], [ -64.716823981133786, -21.129191258035203, 0.0 ], [ -64.716827137212576, -21.129224224432917, 0.0 ], [ -64.716829378245578, -21.129258069031891, 0.0 ], [ -64.716806857827819, -21.129320532982032, 0.0 ], [ -64.716788770938535, -21.129357021517546, 0.0 ], [ -64.716753953568798, -21.129401572236834, 0.0 ], [ -64.716722411500342, -21.129438197160077, 0.0 ], [ -64.716659049900912, -21.12948777293974, 0.0 ], [ -64.716605729421843, -21.129532509379601, 0.0 ], [ -64.71658263594091, -21.129552823583172, 0.0 ], [ -64.716550688043412, -21.129574108198405, 0.0 ], [ -64.716534211956585, -21.129604266674153, 0.0 ], [ -64.71654119492581, -21.129626294785542, 0.0 ], [ -64.716571766097374, -21.129651240664391, 0.0 ], [ -64.716619303091917, -21.129688642891477, 0.0 ], [ -64.716644791045653, -21.129710483425246, 0.0 ], [ -64.716690791820326, -21.129760529524226, 0.0 ], [ -64.716708104876503, -21.129802972017977, 0.0 ], [ -64.71670857743328, -21.12984400905005, 0.0 ], [ -64.716695411097035, -21.129869397352973, 0.0 ], [ -64.716677342291973, -21.129907463672371, 0.0 ], [ -64.71664581636999, -21.129945668205288, 0.0 ], [ -64.716621128017493, -21.129993272183221, 0.0 ], [ -64.716621836813786, -21.130054826829546, 0.0 ], [ -64.716621225192711, -21.130064582697603, 0.0 ], [ -64.716628726670507, -21.130080720880045, 0.0 ], [ -64.716638095178808, -21.130107087495279, 0.0 ], [ -64.716635422735095, -21.130137356259951, 0.0 ], [ -64.716633690918144, -21.130161944893473, 0.0 ], [ -64.716622851744972, -21.130182846650264, 0.0 ], [ -64.716608970162625, -21.130201888745617, 0.0 ], [ -64.716587084075371, -21.130225735967571, 0.0 ], [ -64.716553112550798, -21.130249707492787, 0.0 ], [ -64.716525109001353, -21.130267001319595, 0.0 ], [ -64.716514502014803, -21.130286833076873, 0.0 ], [ -64.716509441163865, -21.130305907697895, 0.0 ], [ -64.716534495849373, -21.130335260437906, 0.0 ], [ -64.716560659986584, -21.130356704823068, 0.0 ], [ -64.716580144093768, -21.130378838349703, 0.0 ], [ -64.716597456273391, -21.130421283568271, 0.0 ], [ -64.716601402139673, -21.130471755053552, 0.0 ], [ -64.716608803178858, -21.130530084103352, 0.0 ], [ -64.716621270283326, -21.130589939775181, 0.0 ], [ -64.716628888475512, -21.130667208652351, 0.0 ], [ -64.716631043641925, -21.130708226819323, 0.0 ], [ -64.716646638815931, -21.130747531675286, 0.0 ], [ -64.716658885941655, -21.130788448443649, 0.0 ], [ -64.716677572778465, -21.130804042385318, 0.0 ], [ -64.71669980570141, -21.130835387359593, 0.0 ], [ -64.716720427728916, -21.130873061466065, 0.0 ], [ -64.716742805112858, -21.130917032386527, 0.0 ], [ -64.71675349784536, -21.13096901434449, 0.0 ], [ -64.716749324339546, -21.131044824771102, 0.0 ], [ -64.716753180368656, -21.131087404568795, 0.0 ], [ -64.716752206602948, -21.131148974454515, 0.0 ], [ -64.716747576752823, -21.131185326569398, 0.0 ], [ -64.716716143412668, -21.131231422773745, 0.0 ], [ -64.716677942159961, -21.13127442801688, 0.0 ], [ -64.716632303346742, -21.131319979032185, 0.0 ], [ -64.71660308008326, -21.131347994162539, 0.0 ], [ -64.716588787638301, -21.131389720098394, 0.0 ], [ -64.716597639109196, -21.13142526985952, 0.0 ], [ -64.716598117863469, -21.131466844256384, 0.0 ], [ -64.716604858341626, -21.131502415415184, 0.0 ], [ -64.71662425905636, -21.13153785823717, 0.0 ], [ -64.716650082064334, -21.131581156540644, 0.0 ], [ -64.71666118135721, -21.131628563036713, 0.0 ], [ -64.716666016043888, -21.131681972801189, 0.0 ], [ -64.71668757340089, -21.131721353592731, 0.0 ], [ -64.716696288126784, -21.131745025204374, 0.0 ], [ -64.716713852458128, -21.131804246584927, 0.0 ], [ -64.71674083850759, -21.1318581607024, 0.0 ], [ -64.716757873104385, -21.131888101415115, 0.0 ], [ -64.716791595537998, -21.131917872943053, 0.0 ], [ -64.716810494554224, -21.131934070787828, 0.0 ], [ -64.716839671724074, -21.13194952582948, 0.0 ], [ -64.716872105555879, -21.131982847525354, 0.0 ], [ -64.716896779804358, -21.132021598731626, 0.0 ], [ -64.716903711776538, -21.132066096541543, 0.0 ], [ -64.716911032162571, -21.132144315908079, 0.0 ], [ -64.716912953458646, -21.132199705308665, 0.0 ], [ -64.716904630472953, -21.132288952974069, 0.0 ], [ -64.716911163190886, -21.132326117741542, 0.0 ], [ -64.71691620217284, -21.132366160048154, 0.0 ], [ -64.716918700932794, -21.132450620066049, 0.0 ], [ -64.716920755371163, -21.132496421034421, 0.0 ], [ -64.716906757579935, -21.132589638204792, 0.0 ], [ -64.716906890693281, -21.132601194823398, 0.0 ], [ -64.716888948911972, -21.132650308418526, 0.0 ], [ -64.716866288339034, -21.132727885151184, 0.0 ], [ -64.716863343077051, -21.132764220184423, 0.0 ], [ -64.716838946234972, -21.132837077882801, 0.0 ], [ -64.716816031100336, -21.132892557409342, 0.0 ], [ -64.71678517626583, -21.132989157430906, 0.0 ], [ -64.716768644794087, -21.133102381041155, 0.0 ], [ -64.71677306689287, -21.13318231344557, 0.0 ], [ -64.716773400191443, -21.133281296168416, 0.0 ], [ -64.716781885125798, -21.133317938937452, 0.0 ], [ -64.716800799385041, -21.133359516092412, 0.0 ], [ -64.716830189851677, -21.133376747450868, 0.0 ], [ -64.716889901612987, -21.133390385352502, 0.0 ], [ -64.716974460375411, -21.133432255230236, 0.0 ], [ -64.717007098341142, -21.133478835394527, 0.0 ], [ -64.717025858615429, -21.133518153249408, 0.0 ], [ -64.717030094186811, -21.133567922642797, 0.0 ], [ -64.717033994755127, -21.133633238530937, 0.0 ], [ -64.717044695678794, -21.133669937392451, 0.0 ], [ -64.717075394420775, -21.133685983923097, 0.0 ], [ -64.717105019542913, -21.133714884623341, 0.0 ], [ -64.717126195871444, -21.133736612491838, 0.0 ], [ -64.717210690479575, -21.133795787316373, 0.0 ], [ -64.717233068387372, -21.133834148946992, 0.0 ], [ -64.717245836077723, -21.133871323617733, 0.0 ], [ -64.717245310888089, -21.133944646510741, 0.0 ], [ -64.717240494606614, -21.134002579118434, 0.0 ], [ -64.717221998243389, -21.134063222010838, 0.0 ], [ -64.717184310005337, -21.134124059533448, 0.0 ], [ -64.717175283851105, -21.134136885967848, 0.0 ], [ -64.717160910882114, -21.134173046946394, 0.0 ], [ -64.717163727691286, -21.134202112911254, 0.0 ], [ -64.71716628977272, -21.134265641284365, 0.0 ], [ -64.717168990373253, -21.134341192293164, 0.0 ], [ -64.717175056974384, -21.134390944911825, 0.0 ], [ -64.717189998234687, -21.134416558543165, 0.0 ], [ -64.717197971310014, -21.134443101829937, 0.0 ], [ -64.717216021136778, -21.13449026253322, 0.0 ], [ -64.717266833462119, -21.134520665392195, 0.0 ], [ -64.717320490000077, -21.134529784151226, 0.0 ], [ -64.717372009536774, -21.134532159238663, 0.0 ], [ -64.717416142813349, -21.134519151038912, 0.0 ], [ -64.717458260590178, -21.134510028270327, 0.0 ], [ -64.717510765607642, -21.134508529224412, 0.0 ], [ -64.717577334838651, -21.134513590502895, 0.0 ], [ -64.71762641362109, -21.134514862114468, 0.0 ], [ -64.71768083045211, -21.134520447668283, 0.0 ], [ -64.717764526888658, -21.134522506153548, 0.0 ], [ -64.717835761515616, -21.134518875915859, 0.0 ], [ -64.717888766965771, -21.134519282045105, 0.0 ], [ -64.717933949845133, -21.134509972703697, 0.0 ], [ -64.717999722505837, -21.134493952863423, 0.0 ], [ -64.718076918950089, -21.134469909149136, 0.0 ], [ -64.718144723480776, -21.134460031498083, 0.0 ], [ -64.71819378280405, -21.134459533680577, 0.0 ], [ -64.718250484393195, -21.134451189462343, 0.0 ], [ -64.718287929212607, -21.134448352643997, 0.0 ], [ -64.718305895013302, -21.134445356709865, 0.0 ], [ -64.718342241704363, -21.134448062513322, 0.0 ], [ -64.71837608964077, -21.134465259181574, 0.0 ], [ -64.7184077303653, -21.134516721270984, 0.0 ], [ -64.718418878865137, -21.134586191629673, 0.0 ], [ -64.718424668637638, -21.134639535590363, 0.0 ], [ -64.718423429609842, -21.134681621447591, 0.0 ], [ -64.718427406550518, -21.134744401066982, 0.0 ], [ -64.718426871192989, -21.134772617638465, 0.0 ], [ -64.718448547147474, -21.134864284142978, 0.0 ], [ -64.718474481232761, -21.134952684637472, 0.0 ], [ -64.718496496477513, -21.134999209688033, 0.0 ], [ -64.718537993292344, -21.135042016144784, 0.0 ], [ -64.718593117581534, -21.135067774571265, 0.0 ], [ -64.718660417778779, -21.13511532940316, 0.0 ], [ -64.718728377033017, -21.135141722552458, 0.0 ], [ -64.71877587256968, -21.135169481367249, 0.0 ], [ -64.718800720052727, -21.135178081865611, 0.0 ], [ -64.718859876571742, -21.135196425153509, 0.0 ], [ -64.718891527327528, -21.135212916894485, 0.0 ], [ -64.718907395477018, -21.135222867659802, 0.0 ], [ -64.718923177320448, -21.135246203622106, 0.0 ], [ -64.718939496025357, -21.135306403794399, 0.0 ], [ -64.718954167128913, -21.13536657281869, 0.0 ], [ -64.718951752430215, -21.13543951560408, 0.0 ], [ -64.718941875317711, -21.135472460669124, 0.0 ], [ -64.718941924463294, -21.13547672169209, 0.0 ], [ -64.718942113795805, -21.135493137197145, 0.0 ], [ -64.718945027759986, -21.135503214050576, 0.0 ], [ -64.718953648135866, -21.135506882237419, 0.0 ], [ -64.718973476694615, -21.135505950203573, 0.0 ], [ -64.718996479299193, -21.135503087316497, 0.0 ], [ -64.719064367829844, -21.135490109379045, 0.0 ], [ -64.71910780149264, -21.135492392588219, 0.0 ], [ -64.719149594206186, -21.135502066559749, 0.0 ], [ -64.719158165401723, -21.135508982409871, 0.0 ], [ -64.719259240182282, -21.135590512930239, 0.0 ], [ -64.719313248509096, -21.135640099260282, 0.0 ], [ -64.719332061926124, -21.135668673035035, 0.0 ], [ -64.719360613552112, -21.135710349781647, 0.0 ], [ -64.719389667860256, -21.135768308773876, 0.0 ], [ -64.7194120281968, -21.135794556786568, 0.0 ], [ -64.71942348504183, -21.135808004505822, 0.0 ], [ -64.719453627281055, -21.135852860769059, 0.0 ], [ -64.719484130199348, -21.135865058262858, 0.0 ], [ -64.719547861435217, -21.135868579509911, 0.0 ], [ -64.719640639915582, -21.135852340738531, 0.0 ], [ -64.719708002616812, -21.135818148793721, 0.0 ], [ -64.71980337938021, -21.135793473410697, 0.0 ], [ -64.719866485960736, -21.135787751632744, 0.0 ], [ -64.719951248947368, -21.13578181164716, 0.0 ], [ -64.720040941706941, -21.135796019950906, 0.0 ], [ -64.720041660256115, -21.135796132783145, 0.0 ], [ -64.720161123640821, -21.135825401010575, 0.0 ], [ -64.720210513977705, -21.135839866926339, 0.0 ], [ -64.720290285799265, -21.135862009750781, 0.0 ], [ -64.720355256716616, -21.135838396299132, 0.0 ], [ -64.720401659001539, -21.13579584253527, 0.0 ], [ -64.72045836497314, -21.135762746737409, 0.0 ], [ -64.72051305511566, -21.135731585386257, 0.0 ], [ -64.72056725343954, -21.135720035797785, 0.0 ], [ -64.720655576564724, -21.135696249965719, 0.0 ], [ -64.720732259790907, -21.135665353699491, 0.0 ], [ -64.720808958829736, -21.13563566307408, 0.0 ], [ -64.720880660288998, -21.135618068006288, 0.0 ], [ -64.720952348800509, -21.13559926991589, 0.0 ], [ -64.721001246317499, -21.135608410550667, 0.0 ], [ -64.721033538126278, -21.135624947743509, 0.0 ], [ -64.721044560539767, -21.135689886634101, 0.0 ], [ -64.7210399812909, -21.135738120493084, 0.0 ], [ -64.721036560015307, -21.135775498200651, 0.0 ], [ -64.721032907367984, -21.135782919371092, 0.0 ], [ -64.721012723252201, -21.135823926901864, 0.0 ], [ -64.721012625187569, -21.135824522235009, 0.0 ], [ -64.721004320316197, -21.135874609488621, 0.0 ], [ -64.720988130883967, -21.135918140730521, 0.0 ], [ -64.720986449747315, -21.135920626391837, 0.0 ], [ -64.720971719878577, -21.135942401646901, 0.0 ], [ -64.720935057340753, -21.13599216473304, 0.0 ], [ -64.720932834181568, -21.13599806927272, 0.0 ], [ -64.720911387428117, -21.13605504819169, 0.0 ], [ -64.72091058912855, -21.136097219865643, 0.0 ], [ -64.720945643111548, -21.136130593514185, 0.0 ], [ -64.720984173058312, -21.136131405907278, 0.0 ], [ -64.721020331367512, -21.136149108725075, 0.0 ], [ -64.721051199088848, -21.136153614683771, 0.0 ], [ -64.721084455232955, -21.136142434059991, 0.0 ], [ -64.721105149940385, -21.136155474323402, 0.0 ], [ -64.721123387627287, -21.136178177202929, 0.0 ], [ -64.721154381525579, -21.136193524432848, 0.0 ], [ -64.721184279885279, -21.136193955739085, 0.0 ], [ -64.721219258409704, -21.136198198581354, 0.0 ], [ -64.721240944038314, -21.136218677828428, 0.0 ], [ -64.721247745143046, -21.136223783387706, 0.0 ], [ -64.721264961016573, -21.136228783067967, 0.0 ], [ -64.721295006536195, -21.136230201913225, 0.0 ], [ -64.721315114797449, -21.136220222548037, 0.0 ], [ -64.721337913940573, -21.13623091462291, 0.0 ], [ -64.721364453880085, -21.136247318730437, 0.0 ], [ -64.721412262093764, -21.13624798340166, 0.0 ], [ -64.721430466859786, -21.136246160724657, 0.0 ], [ -64.721485555923564, -21.136233036453099, 0.0 ], [ -64.721570407916772, -21.136188201847414, 0.0 ], [ -64.72164179699304, -21.136137219309884, 0.0 ], [ -64.721696595750117, -21.136098971413528, 0.0 ], [ -64.721751156704244, -21.136040308935442, 0.0 ], [ -64.72183617369474, -21.136009605626107, 0.0 ], [ -64.721891569132396, -21.136023176271905, 0.0 ], [ -64.721946982725512, -21.136038317459832, 0.0 ], [ -64.721965903080346, -21.136082098683545, 0.0 ], [ -64.721986476425329, -21.136124291443874, 0.0 ], [ -64.722010345334752, -21.136161740252991, 0.0 ], [ -64.722037415219049, -21.136186592344398, 0.0 ], [ -64.722095385218864, -21.13617125994687, 0.0 ], [ -64.72209916207737, -21.136170259574563, 0.0 ], [ -64.722098526998877, -21.136115299880046, 0.0 ], [ -64.722114538531471, -21.136052318046172, 0.0 ], [ -64.722136948056615, -21.135982384785166, 0.0 ], [ -64.722138772116935, -21.135976689328697, 0.0 ], [ -64.722203177361479, -21.135900651097799, 0.0 ], [ -64.722315009017791, -21.13587281629664, 0.0 ], [ -64.722391964183984, -21.135868891977086, 0.0 ], [ -64.722490858306926, -21.135880450980704, 0.0 ], [ -64.722558189666671, -21.135912744404774, 0.0 ], [ -64.722613421764024, -21.135912182477753, 0.0 ], [ -64.722652372253108, -21.135951049396109, 0.0 ], [ -64.72270310963971, -21.135996075744398, 0.0 ], [ -64.722746662810678, -21.135998774090737, 0.0 ], [ -64.722767529978043, -21.135954432774565, 0.0 ], [ -64.722771170253196, -21.135946698271074, 0.0 ], [ -64.722792002869568, -21.135884378189651, 0.0 ], [ -64.722793821194259, -21.13587893840462, 0.0 ], [ -64.722874617494199, -21.135772895325211, 0.0 ], [ -64.722940914130149, -21.135715683822692, 0.0 ], [ -64.723022054188945, -21.135639474112093, 0.0 ], [ -64.723090132701742, -21.135591667990148, 0.0 ], [ -64.723193158086289, -21.135526230695952, 0.0 ], [ -64.723244499203531, -21.135478593052351, 0.0 ], [ -64.723334354059787, -21.135432135048376, 0.0 ], [ -64.723375218638708, -21.135389669403928, 0.0 ], [ -64.72343714437045, -21.135335815320435, 0.0 ], [ -64.723512081951469, -21.135275004744376, 0.0 ], [ -64.723622858156716, -21.135168793471578, 0.0 ], [ -64.723693036494353, -21.135073914770476, 0.0 ], [ -64.723752923503852, -21.134969586280235, 0.0 ], [ -64.723818109524188, -21.1348879963308, 0.0 ], [ -64.723818880125549, -21.134887032851303, 0.0 ], [ -64.723844782535409, -21.134825594105727, 0.0 ], [ -64.723847194453214, -21.134819872778433, 0.0 ], [ -64.723889990909953, -21.13474710694253, 0.0 ], [ -64.72393574374513, -21.13467840631429, 0.0 ], [ -64.723998505903438, -21.134587290966063, 0.0 ], [ -64.724000120288835, -21.134584949573991, 0.0 ], [ -64.724015558526219, -21.134543730829101, 0.0 ], [ -64.724017051796778, -21.134539741343179, 0.0 ], [ -64.72405411086055, -21.134473858815593, 0.0 ], [ -64.724097222821527, -21.134428384006021, 0.0 ], [ -64.724169848553728, -21.134419455668905, 0.0 ], [ -64.724225480673653, -21.134450277868467, 0.0 ], [ -64.724254852440325, -21.134474544346983, 0.0 ], [ -64.724275688410117, -21.134515272685249, 0.0 ], [ -64.724282106409447, -21.134567067182719, 0.0 ], [ -64.724296934853399, -21.134591479945541, 0.0 ], [ -64.724313327392323, -21.13462543131185, 0.0 ], [ -64.724329753440756, -21.1346621119433, 0.0 ], [ -64.724372688652082, -21.134727179881288, 0.0 ], [ -64.72437782583718, -21.134793999358607, 0.0 ], [ -64.724394424617131, -21.134845689261876, 0.0 ], [ -64.7244080196281, -21.134889221831894, 0.0 ], [ -64.724456425734743, -21.134924211945108, 0.0 ], [ -64.724495869763587, -21.134938821258341, 0.0 ], [ -64.72450960967754, -21.134921237839574, 0.0 ], [ -64.724513069569184, -21.134916811020631, 0.0 ], [ -64.724516802558284, -21.134862184447638, 0.0 ], [ -64.724513355720958, -21.134815819825221, 0.0 ], [ -64.724505057754982, -21.134727196584251, 0.0 ], [ -64.724500854988335, -21.134615332671483, 0.0 ], [ -64.724502705243125, -21.134523878268656, 0.0 ], [ -64.724501963184252, -21.134459744544703, 0.0 ], [ -64.724472243088641, -21.134405458675356, 0.0 ], [ -64.72447981673605, -21.134305758057906, 0.0 ], [ -64.724500323490091, -21.134234240668139, 0.0 ], [ -64.72450218820849, -21.134227741792138, 0.0 ], [ -64.724545442045212, -21.134194546865853, 0.0 ], [ -64.724588932714269, -21.134181821580494, 0.0 ], [ -64.72464985992913, -21.134167554785449, 0.0 ], [ -64.724719736279326, -21.134172302266304, 0.0 ], [ -64.724753550574789, -21.134203346523741, 0.0 ], [ -64.724781626697151, -21.134241271437993, 0.0 ], [ -64.724807126377954, -21.134307882573619, 0.0 ], [ -64.724829622292063, -21.134366336380673, 0.0 ], [ -64.724856465031422, -21.134423380196086, 0.0 ], [ -64.724935888905392, -21.134498996515561, 0.0 ], [ -64.725003438760538, -21.134554259896166, 0.0 ], [ -64.725064920785655, -21.134587752720044, 0.0 ], [ -64.725124551512124, -21.134587145188412, 0.0 ], [ -64.725160801197688, -21.134577223134293, 0.0 ], [ -64.725206885049644, -21.134537176092909, 0.0 ], [ -64.725234140966776, -21.13450414489856, 0.0 ], [ -64.725262565164698, -21.134446538037786, 0.0 ], [ -64.725289789460277, -21.134410777550443, 0.0 ], [ -64.725337247822495, -21.134363894260122, 0.0 ], [ -64.725415549329071, -21.134342625229873, 0.0 ], [ -64.725488366404065, -21.134350072028155, 0.0 ], [ -64.72558050013356, -21.134392803221374, 0.0 ], [ -64.725665409658987, -21.134439702397867, 0.0 ], [ -64.725693250048195, -21.134457161105484, 0.0 ], [ -64.725757923678088, -21.134515184896966, 0.0 ], [ -64.725777352930422, -21.134560021773719, 0.0 ], [ -64.725779218258822, -21.134595484943432, 0.0 ], [ -64.725787059704544, -21.134644535237424, 0.0 ], [ -64.725824004587452, -21.134694653697295, 0.0 ], [ -64.725857693757519, -21.134714779656356, 0.0 ], [ -64.725892283475076, -21.134687133728125, 0.0 ], [ -64.725931173534164, -21.134653983842362, 0.0 ], [ -64.725971329436177, -21.134604444307644, 0.0 ], [ -64.726019056275746, -21.134580758853488, 0.0 ], [ -64.726076854130653, -21.134547416196085, 0.0 ], [ -64.7261451487458, -21.134541261675619, 0.0 ], [ -64.726200464215182, -21.134544791264048, 0.0 ], [ -64.726253062230995, -21.13456472617802, 0.0 ], [ -64.726314637397721, -21.134606404594127, 0.0 ], [ -64.726403704372274, -21.134635518549825, 0.0 ], [ -64.726480994874592, -21.134652472920028, 0.0 ], [ -64.726520249313666, -21.134650707856466, 0.0 ], [ -64.726556467281057, -21.134638056225029, 0.0 ], [ -64.726572655972859, -21.134612481966943, 0.0 ], [ -64.726576466085476, -21.13460646363388, 0.0 ], [ -64.726574663791681, -21.13457645815042, 0.0 ], [ -64.726575675695031, -21.134538235152007, 0.0 ], [ -64.726538509331093, -21.13446901459244, 0.0 ], [ -64.726507333996494, -21.134414743962854, 0.0 ], [ -64.72647315480684, -21.134352316038264, 0.0 ], [ -64.726436003365507, -21.134284458293827, 0.0 ], [ -64.726429568857384, -21.134231301091123, 0.0 ], [ -64.726420084977846, -21.134165891749664, 0.0 ], [ -64.726423604032945, -21.134103494929867, 0.0 ], [ -64.726423704693659, -21.134101712704325, 0.0 ], [ -64.726460792236779, -21.134038558127518, 0.0 ], [ -64.726501327172357, -21.134021768992802, 0.0 ], [ -64.726572404078908, -21.13400466661674, 0.0 ], [ -64.726665502333177, -21.134005082095971, 0.0 ], [ -64.726735614777908, -21.134030297480145, 0.0 ], [ -64.726794077198164, -21.134054265935621, 0.0 ], [ -64.726848126710934, -21.134074184062051, 0.0 ], [ -64.726912407251248, -21.134098094042045, 0.0 ], [ -64.726946921860034, -21.134068814712158, 0.0 ], [ -64.726949858224785, -21.134066324325261, 0.0 ], [ -64.726956577430542, -21.134018489498821, 0.0 ], [ -64.726951564699604, -21.133962589121221, 0.0 ], [ -64.726918871578548, -21.133902874834931, 0.0 ], [ -64.726912453689934, -21.133851081387821, 0.0 ], [ -64.72688979992752, -21.133778981477185, 0.0 ], [ -64.72690053393292, -21.133701083652223, 0.0 ], [ -64.726923184051046, -21.13364623704646, 0.0 ], [ -64.726926002798123, -21.13363941228436, 0.0 ], [ -64.726981933531079, -21.133570606220907, 0.0 ], [ -64.727061341011321, -21.133519302229232, 0.0 ], [ -64.727146789793608, -21.133487043823671, 0.0 ], [ -64.727235619013712, -21.133495688659249, 0.0 ], [ -64.727291265218696, -21.133527874495616, 0.0 ], [ -64.72738929695565, -21.133577368556068, 0.0 ], [ -64.727449718907522, -21.133644987778869, 0.0 ], [ -64.727473574366257, -21.133695238497459, 0.0 ], [ -64.727472658531752, -21.133741648423953, 0.0 ], [ -64.72748759713582, -21.133775613378628, 0.0 ], [ -64.727513318369091, -21.133861329020984, 0.0 ], [ -64.727514077517014, -21.133926827288668, 0.0 ], [ -64.727531453180902, -21.134045379719048, 0.0 ], [ -64.727532180699527, -21.134108147798997, 0.0 ], [ -64.727527137625628, -21.134175071870384, 0.0 ], [ -64.727526521336316, -21.134247406374882, 0.0 ], [ -64.727524229120107, -21.134300653450509, 0.0 ], [ -64.727515976486259, -21.134341679919807, 0.0 ], [ -64.72752111502615, -21.134408497402568, 0.0 ], [ -64.727520419697584, -21.134474012311816, 0.0 ], [ -64.727521163055471, -21.13453814593332, 0.0 ], [ -64.727517575442434, -21.134605053346551, 0.0 ], [ -64.727515584687907, -21.134684225883959, 0.0 ], [ -64.727504392306543, -21.134722551837008, 0.0 ], [ -64.727487412490973, -21.134763666440669, 0.0 ], [ -64.72747786385905, -21.134799199951509, 0.0 ], [ -64.72746956836481, -21.134853724943085, 0.0 ], [ -64.727493954544229, -21.134903728156427, 0.0 ], [ -64.727522559854648, -21.134932751109602, 0.0 ], [ -64.727568677307815, -21.134932280580149, 0.0 ], [ -64.727611286337378, -21.134885780364399, 0.0 ], [ -64.727660056631137, -21.134857365261816, 0.0 ], [ -64.727695630940673, -21.134845834560654, 0.0 ], [ -64.727756786562338, -21.134859169276098, 0.0 ], [ -64.727840097879692, -21.134858319141159, 0.0 ], [ -64.727906929388553, -21.134847866746757, 0.0 ], [ -64.727988816245087, -21.13485261493242, 0.0 ], [ -64.728055858108604, -21.134860306512675, 0.0 ], [ -64.728082894358664, -21.134882364203193, 0.0 ], [ -64.728138458009596, -21.134926466156941, 0.0 ], [ -64.728196864798875, -21.13495937135848, 0.0 ], [ -64.728220893262701, -21.134978669602354, 0.0 ], [ -64.72827011662622, -21.134989333988429, 0.0 ], [ -64.728322574451695, -21.135022300768398, 0.0 ], [ -64.728361593611126, -21.135051216365703, 0.0 ], [ -64.728397896281464, -21.135102493299776, 0.0 ], [ -64.728425112616335, -21.135139905146147, 0.0 ], [ -64.728431417749292, -21.135170550182522, 0.0 ], [ -64.72842754552029, -21.135177598885981, 0.0 ], [ -64.728418304721188, -21.13519441497747, 0.0 ], [ -64.728394727511784, -21.135214199149843, 0.0 ], [ -64.728372640421455, -21.135233966301858, 0.0 ], [ -64.728371744130698, -21.135239364206097, 0.0 ], [ -64.728364296690771, -21.135284304369183, 0.0 ], [ -64.728367660648388, -21.135317772261999, 0.0 ], [ -64.728387470207878, -21.135358051646826, 0.0 ], [ -64.728413019339129, -21.135380124455736, 0.0 ], [ -64.7284444213646, -21.135393762631917, 0.0 ], [ -64.728474588594068, -21.135412498672036, 0.0 ], [ -64.728539913860999, -21.135453119074771, 0.0 ], [ -64.728586255917236, -21.135454819171038, 0.0 ], [ -64.72862774187368, -21.135437010887813, 0.0 ], [ -64.728676626834584, -21.135458242942395, 0.0 ], [ -64.728716148569802, -21.135470876856289, 0.0 ], [ -64.728762720357011, -21.13549213250197, 0.0 ], [ -64.72877706860632, -21.135531100985961, 0.0 ], [ -64.728775156745968, -21.135565889080176, 0.0 ], [ -64.728784898994405, -21.135607076893486, 0.0 ], [ -64.728785151044249, -21.135628805468425, 0.0 ], [ -64.728799600119558, -21.13567646393345, 0.0 ], [ -64.728793181159915, -21.135722164072838, 0.0 ], [ -64.728789693424659, -21.135728579297052, 0.0 ], [ -64.728768235408566, -21.135768052475733, 0.0 ], [ -64.72873873405517, -21.135820507908235, 0.0 ], [ -64.728702435602131, -21.135886068353589, 0.0 ], [ -64.72868316790796, -21.13591891192986, 0.0 ], [ -64.728682184510433, -21.135922194423518, 0.0 ], [ -64.728669354489966, -21.135964981117482, 0.0 ], [ -64.728666657855541, -21.135969547451165, 0.0 ], [ -64.728648660597287, -21.136000035038251, 0.0 ], [ -64.728626563794663, -21.136026524268068, 0.0 ], [ -64.728626010086032, -21.136030663166089, 0.0 ], [ -64.728623226403485, -21.136051463490208, 0.0 ], [ -64.728618717260773, -21.136075067035311, 0.0 ], [ -64.728614326175276, -21.136108765837097, 0.0 ], [ -64.728604021219866, -21.136148133259336, 0.0 ], [ -64.728597459135756, -21.136200922611057, 0.0 ], [ -64.728597901485315, -21.136239059381492, 0.0 ], [ -64.728601970602739, -21.136280524611227, 0.0 ], [ -64.72861430283902, -21.136312929940715, 0.0 ], [ -64.728631248314727, -21.136330705293684, 0.0 ], [ -64.728651858624417, -21.136355173298252, 0.0 ], [ -64.728662814103572, -21.136371887975841, 0.0 ], [ -64.728666725185391, -21.136399892866979, 0.0 ], [ -64.728676692286029, -21.136434565996343, 0.0 ], [ -64.728703216505039, -21.136453366272473, 0.0 ], [ -64.728716602206731, -21.136473420716218, 0.0 ], [ -64.728724113091815, -21.136502510678582, 0.0 ], [ -64.728730337304953, -21.136523760974729, 0.0 ], [ -64.728742515396121, -21.136542707723443, 0.0 ], [ -64.728751747881901, -21.136571897527066, 0.0 ], [ -64.728750796119485, -21.136603469298976, 0.0 ], [ -64.728747192531955, -21.136608281544632, 0.0 ], [ -64.72873585468291, -21.136623425483673, 0.0 ], [ -64.728705042506363, -21.136639829574943, 0.0 ], [ -64.728694576229742, -21.136647362911191, 0.0 ], [ -64.728686117836361, -21.136657350634326, 0.0 ], [ -64.728658465355224, -21.136661965832623, 0.0 ], [ -64.728629487836912, -21.13666597492967, 0.0 ], [ -64.728605865470229, -21.136676736193774, 0.0 ], [ -64.728581743529759, -21.136701118055498, 0.0 ], [ -64.728549604379026, -21.136716917849277, 0.0 ], [ -64.728520139696016, -21.136735784846937, 0.0 ], [ -64.728498639069343, -21.136758901588596, 0.0 ], [ -64.728486388345161, -21.136783163145438, 0.0 ], [ -64.72848615025265, -21.136784216952211, 0.0 ], [ -64.728478861114112, -21.136816659117997, 0.0 ], [ -64.728485212043779, -21.136852488295265, 0.0 ], [ -64.728499372994833, -21.136878953292367, 0.0 ], [ -64.728510871940927, -21.13690359200848, 0.0 ], [ -64.72851047089857, -21.136925873713295, 0.0 ], [ -64.728521219420983, -21.136951221006932, 0.0 ], [ -64.728531548087759, -21.136970085487704, 0.0 ], [ -64.728533186396305, -21.136997699898689, 0.0 ], [ -64.728537400151765, -21.137019926359127, 0.0 ], [ -64.728543391788094, -21.137043784894711, 0.0 ], [ -64.728562927289758, -21.137060493268617, 0.0 ], [ -64.728574989842528, -21.137077278840529, 0.0 ], [ -64.728598590843092, -21.137103430666816, 0.0 ], [ -64.728618645062824, -21.137119290107442, 0.0 ], [ -64.728643069367081, -21.137127194315543, 0.0 ], [ -64.728670023886906, -21.137128550361066, 0.0 ], [ -64.728708510397254, -21.137150168547009, 0.0 ], [ -64.72873475546271, -21.137165392103768, 0.0 ], [ -64.728764582554433, -21.137189545582512, 0.0 ], [ -64.72878883471779, -21.137182775619316, 0.0 ], [ -64.72882449788203, -21.13718567126341, 0.0 ], [ -64.728850847959038, -21.137209862037089, 0.0 ], [ -64.72887722542427, -21.137236495801062, 0.0 ], [ -64.728898448878837, -21.137268074160527, 0.0 ], [ -64.728923939159543, -21.137293087523766, 0.0 ], [ -64.728942375160486, -21.13730920551664, 0.0 ], [ -64.728968611766504, -21.137323612587764, 0.0 ], [ -64.728983619923937, -21.137343841017412, 0.0 ], [ -64.728993002175116, -21.137371657242909, 0.0 ], [ -64.729008085546653, -21.137408988726186, 0.0 ], [ -64.729023052978917, -21.137436326999069, 0.0 ], [ -64.72905663487721, -21.13746097498726, 0.0 ], [ -64.729083428674954, -21.137474445103329, 0.0 ], [ -64.729111569286289, -21.137489152452336, 0.0 ], [ -64.729137045322858, -21.137503887913532, 0.0 ], [ -64.729182933015096, -21.137555900414196, 0.0 ], [ -64.729219295540105, -21.137590516164558, 0.0 ], [ -64.729269104786638, -21.1376362399443, 0.0 ], [ -64.729319827822025, -21.137645718044471, 0.0 ], [ -64.729387744133547, -21.137645024306696, 0.0 ], [ -64.729424930576059, -21.137635898342609, 0.0 ], [ -64.72943402973165, -21.137629108746172, 0.0 ], [ -64.729440558118768, -21.137587376333137, 0.0 ], [ -64.729443914117169, -21.137532361611896, 0.0 ], [ -64.729440585435597, -21.137474917706179, 0.0 ], [ -64.729434633731088, -21.137421248151938, 0.0 ], [ -64.729429870281749, -21.1373550700831, 0.0 ], [ -64.729433357759746, -21.137311301207681, 0.0 ], [ -64.729448744034343, -21.137259911154118, 0.0 ], [ -64.729469384113401, -21.137202222404838, 0.0 ], [ -64.729470411020841, -21.13720177745466, 0.0 ], [ -64.729473081757362, -21.137194316477533, 0.0 ], [ -64.729523440204602, -21.137172558665171, 0.0 ], [ -64.729559541693391, -21.137184685341879, 0.0 ], [ -64.729603820648961, -21.137212973306706, 0.0 ], [ -64.729632149757308, -21.137243921673122, 0.0 ], [ -64.729672479229023, -21.137275999330313, 0.0 ], [ -64.729709999091014, -21.137295608403495, 0.0 ], [ -64.729749168383279, -21.13734269083292, 0.0 ], [ -64.729777498509364, -21.137373639160948, 0.0 ], [ -64.72979641752373, -21.137397188523511, 0.0 ], [ -64.729828988229315, -21.137449336898825, 0.0 ], [ -64.729851314652151, -21.137483021960968, 0.0 ], [ -64.729875529987112, -21.137491824136077, 0.0 ], [ -64.7299007184495, -21.137501519607813, 0.0 ], [ -64.729913453523082, -21.137518582722564, 0.0 ], [ -64.729939807069769, -21.137545457715962, 0.0 ], [ -64.729971914613955, -21.137569561469054, 0.0 ], [ -64.730011631727763, -21.137584537861631, 0.0 ], [ -64.730033958031854, -21.137596977708515, 0.0 ], [ -64.730058119901543, -21.13760125515256, 0.0 ], [ -64.730076379798973, -21.137595640065584, 0.0 ], [ -64.730096546831547, -21.137588193581511, 0.0 ], [ -64.730100280085722, -21.137582362028382, 0.0 ], [ -64.730099296568994, -21.137569793511467, 0.0 ], [ -64.730100836099581, -21.137536299062724, 0.0 ], [ -64.730104425987918, -21.13753072368922, 0.0 ], [ -64.730104533705415, -21.137528392220535, 0.0 ], [ -64.730113080944747, -21.13751511571618, 0.0 ], [ -64.730111695654983, -21.137474658245754, 0.0 ], [ -64.730113999197442, -21.137423962751214, 0.0 ], [ -64.73011747796788, -21.13742084081893, 0.0 ], [ -64.730117695837578, -21.137416055918685, 0.0 ], [ -64.730147286970549, -21.137389513399953, 0.0 ], [ -64.73017023213589, -21.137372086582886, 0.0 ], [ -64.73019816722443, -21.137369085953505, 0.0 ], [ -64.730229057122955, -21.137371485421564, 0.0 ], [ -64.730260744466136, -21.137359398646421, 0.0 ], [ -64.730281708919804, -21.137337467711845, 0.0 ], [ -64.730300670782981, -21.137297787735264, 0.0 ], [ -64.730313395501341, -21.137236430434097, 0.0 ], [ -64.730328174308823, -21.13718017804506, 0.0 ], [ -64.730330224237335, -21.13717853938557, 0.0 ], [ -64.730331870932162, -21.137172271208843, 0.0 ], [ -64.730383473068656, -21.13713102560784, 0.0 ], [ -64.730448828314735, -21.137111356103631, 0.0 ], [ -64.730501879197348, -21.137111718016218, 0.0 ], [ -64.730523294406041, -21.137128692362186, 0.0 ], [ -64.730545642656523, -21.137142942018844, 0.0 ], [ -64.730580591343227, -21.137162491367391, 0.0 ], [ -64.730609573069927, -21.13716671856578, 0.0 ], [ -64.730621039882195, -21.137157553565952, 0.0 ], [ -64.730661626924601, -21.137164376372567, 0.0 ], [ -64.730690088300591, -21.137206613737771, 0.0 ], [ -64.730722290435537, -21.137238859116948, 0.0 ], [ -64.730762970158935, -21.137253825493996, 0.0 ], [ -64.730813706328547, -21.1373039796669, 0.0 ], [ -64.730847722042895, -21.13732625273914, 0.0 ], [ -64.73088828621178, -21.13733126742903, 0.0 ], [ -64.730924272143369, -21.137357139637327, 0.0 ], [ -64.730950510256591, -21.13737406461555, 0.0 ], [ -64.730965227098068, -21.137395630824876, 0.0 ], [ -64.730982838590734, -21.137417166534096, 0.0 ], [ -64.731003404928728, -21.13744410232745, 0.0 ], [ -64.731030806332029, -21.137478205919901, 0.0 ], [ -64.73105230572726, -21.137502417920718, 0.0 ], [ -64.731052056777997, -21.137563949383143, 0.0 ], [ -64.731066899779819, -21.137596373079145, 0.0 ], [ -64.731099038044462, -21.137623188731503, 0.0 ], [ -64.731118704857522, -21.137655563098694, 0.0 ], [ -64.731157919991901, -21.137710358394891, 0.0 ], [ -64.731214589072152, -21.137773118841743, 0.0 ], [ -64.731246894622288, -21.137814410832494, 0.0 ], [ -64.731265627494636, -21.137849508974007, 0.0 ], [ -64.73128927590426, -21.137894690328434, 0.0 ], [ -64.731308093837924, -21.137935036338547, 0.0 ], [ -64.731333451609558, -21.137959207935861, 0.0 ], [ -64.731377938260025, -21.137969610873697, 0.0 ], [ -64.731437538781151, -21.137952713168474, 0.0 ], [ -64.731471017640473, -21.137928844912015, 0.0 ], [ -64.731498769146455, -21.137887170888039, 0.0 ], [ -64.731501352403157, -21.137883292137303, 0.0 ], [ -64.73151616234415, -21.137829754500448, 0.0 ], [ -64.731521317064718, -21.137775411465157, 0.0 ], [ -64.731521036484864, -21.137751264330241, 0.0 ], [ -64.731521001665584, -21.137748267726497, 0.0 ], [ -64.731546649261318, -21.137714526718465, 0.0 ], [ -64.731572351326648, -21.137685308590246, 0.0 ], [ -64.73158769554901, -21.137655714968471, 0.0 ], [ -64.731591218279519, -21.137648921778844, 0.0 ], [ -64.731596604247798, -21.137614482043105, 0.0 ], [ -64.731619833835239, -21.137562056887596, 0.0 ], [ -64.731621980378009, -21.137557217035489, 0.0 ], [ -64.731641779349673, -21.137518104635703, 0.0 ], [ -64.731664450995794, -21.137477154559683, 0.0 ], [ -64.731688422139442, -21.137432541185174, 0.0 ], [ -64.731691827874002, -21.137426202618435, 0.0 ], [ -64.731700904821693, -21.13737724795158, 0.0 ], [ -64.731709357778897, -21.137355374370905, 0.0 ], [ -64.731712140276855, -21.137348178678437, 0.0 ], [ -64.731736992380021, -21.137328922959426, 0.0 ], [ -64.731761023136414, -21.137307586437753, 0.0 ], [ -64.731762766002234, -21.137306036710655, 0.0 ], [ -64.731773183623417, -21.137272124482433, 0.0 ], [ -64.731773918283281, -21.137269728793736, 0.0 ], [ -64.73180129605268, -21.137218776828973, 0.0 ], [ -64.731819356061791, -21.137195972184198, 0.0 ], [ -64.731851985772721, -21.137182064479099, 0.0 ], [ -64.7318885167589, -21.1371717370575, 0.0 ], [ -64.731918179180596, -21.137151527058595, 0.0 ], [ -64.731943985279699, -21.137131357407252, 0.0 ], [ -64.73195629132772, -21.137111324048824, 0.0 ], [ -64.731980211312191, -21.137094792980839, 0.0 ], [ -64.732006111046928, -21.137082764193327, 0.0 ], [ -64.732034842340397, -21.137065277945712, 0.0 ], [ -64.732066561001389, -21.137055905671463, 0.0 ], [ -64.732090691218687, -21.137051500278414, 0.0 ], [ -64.732133885562504, -21.137067199318786, 0.0 ], [ -64.732160381956632, -21.137089524660173, 0.0 ], [ -64.732180583468832, -21.13712523181086, 0.0 ], [ -64.732191642775064, -21.13715175167556, 0.0 ], [ -64.732192968643147, -21.137191687631159, 0.0 ], [ -64.732195455886512, -21.137220715887761, 0.0 ], [ -64.732195238783518, -21.137276001980357, 0.0 ], [ -64.732195243698641, -21.137313530759911, 0.0 ], [ -64.732191107727715, -21.137327695275232, 0.0 ], [ -64.732190510738334, -21.137350299611562, 0.0 ], [ -64.732209284424087, -21.137374318951881, 0.0 ], [ -64.732240105431103, -21.137398619679928, 0.0 ], [ -64.732272472161213, -21.137407972178998, 0.0 ], [ -64.732302405401597, -21.137429860384543, 0.0 ], [ -64.732330621171641, -21.137452169003772, 0.0 ], [ -64.732362292454098, -21.137475652604991, 0.0 ], [ -64.732403954343567, -21.137507509095478, 0.0 ], [ -64.732440220038796, -21.137519244160426, 0.0 ], [ -64.73247822003529, -21.137532170911875, 0.0 ], [ -64.732529408144174, -21.137532453690827, 0.0 ], [ -64.732582656709468, -21.137525049549115, 0.0 ], [ -64.732619929926102, -21.137512562848549, 0.0 ], [ -64.732645471719181, -21.137489703231822, 0.0 ], [ -64.732666892482882, -21.137460430312668, 0.0 ], [ -64.732667488605571, -21.137459617616347, 0.0 ], [ -64.732681313893693, -21.137427999932097, 0.0 ], [ -64.732694274034344, -21.137395586312042, 0.0 ], [ -64.732695619787066, -21.137363692595656, 0.0 ], [ -64.732687466379176, -21.137328265963973, 0.0 ], [ -64.732686576330366, -21.137288729309873, 0.0 ], [ -64.73267717424622, -21.137256946491032, 0.0 ], [ -64.732652899608965, -21.13724065112811, 0.0 ], [ -64.732623897334065, -21.137224806989146, 0.0 ], [ -64.73259456795229, -21.13721784235668, 0.0 ], [ -64.732561519873457, -21.137223831239137, 0.0 ], [ -64.732535939609022, -21.137243462143463, 0.0 ], [ -64.732494056086523, -21.137266488065375, 0.0 ], [ -64.732450657455161, -21.137270159444139, 0.0 ], [ -64.732416244363122, -21.137269704985698, 0.0 ], [ -64.732386055364614, -21.137262750919618, 0.0 ], [ -64.732347573544388, -21.137245389635162, 0.0 ], [ -64.7323341434642, -21.137237051927428, 0.0 ], [ -64.732312511263459, -21.137189254179386, 0.0 ], [ -64.732314812967203, -21.137148734647852, 0.0 ], [ -64.732315010182731, -21.137145243403651, 0.0 ], [ -64.732337901769895, -21.137116360127582, 0.0 ], [ -64.732362034437273, -21.137083427558593, 0.0 ], [ -64.732380769361683, -21.137067094009854, 0.0 ], [ -64.732401835552295, -21.137029349625987, 0.0 ], [ -64.732429835242684, -21.136995975536905, 0.0 ], [ -64.732451179114079, -21.136982035975361, 0.0 ], [ -64.732495400722712, -21.13697512708756, 0.0 ], [ -64.732537154088789, -21.136977928916522, 0.0 ], [ -64.732576602103904, -21.136967436014988, 0.0 ], [ -64.732596184488671, -21.136949884330225, 0.0 ], [ -64.732608539131149, -21.13693967048577, 0.0 ], [ -64.732635181189309, -21.136900657767519, 0.0 ], [ -64.732651453042862, -21.136866991785737, 0.0 ], [ -64.732652821878361, -21.1368641596606, 0.0 ], [ -64.732672539001115, -21.136821184827713, 0.0 ], [ -64.732674172537358, -21.13677678006157, 0.0 ], [ -64.732660600795867, -21.136756338570891, 0.0 ], [ -64.732646272633446, -21.136744782791052, 0.0 ], [ -64.732622189445706, -21.136745029249532, 0.0 ], [ -64.732583161440317, -21.136754710361355, 0.0 ], [ -64.73255542796079, -21.136773959549888, 0.0 ], [ -64.732529453190637, -21.136796418926355, 0.0 ], [ -64.732493080075827, -21.136812529229093, 0.0 ], [ -64.732464122315307, -21.136837440714277, 0.0 ], [ -64.732433887730409, -21.136863576508492, 0.0 ], [ -64.732402544886824, -21.13686833485216, 0.0 ], [ -64.732383598920222, -21.136866511771327, 0.0 ], [ -64.732333888328071, -21.136845229683345, 0.0 ], [ -64.732285281050864, -21.136807796247609, 0.0 ], [ -64.732231091226879, -21.13677122650865, 0.0 ], [ -64.732182895516431, -21.136732172928191, 0.0 ], [ -64.732155954801982, -21.136708639979936, 0.0 ], [ -64.732131028630107, -21.136673384906903, 0.0 ], [ -64.732126470607497, -21.136651237057212, 0.0 ], [ -64.732132289925289, -21.136638189794393, 0.0 ], [ -64.732135692217852, -21.136630564134617, 0.0 ], [ -64.732170742522214, -21.13659730853978, 0.0 ], [ -64.732176107477457, -21.136592218073393, 0.0 ], [ -64.732164701393344, -21.136572966532746, 0.0 ], [ -64.732164863413843, -21.136549963798405, 0.0 ], [ -64.732165729033483, -21.136538045686674, 0.0 ], [ -64.732166070236744, -21.13653335797898, 0.0 ], [ -64.732193351794777, -21.136507199153808, 0.0 ], [ -64.732220427516808, -21.136463332550189, 0.0 ], [ -64.732270588127093, -21.136406972750962, 0.0 ], [ -64.732320922822154, -21.136365592341313, 0.0 ], [ -64.732377492544913, -21.136360928164535, 0.0 ], [ -64.732467306703882, -21.136343662279611, 0.0 ], [ -64.732532317119023, -21.136315754347315, 0.0 ], [ -64.732576655122728, -21.136258091054781, 0.0 ], [ -64.732677752156775, -21.136201456486564, 0.0 ], [ -64.732734952912821, -21.136145084130757, 0.0 ], [ -64.732792134164029, -21.136087203542296, 0.0 ], [ -64.732830453639849, -21.136065702585888, 0.0 ], [ -64.732843912888356, -21.136046996878949, 0.0 ], [ -64.732845705442273, -21.136044506357972, 0.0 ], [ -64.732852470368059, -21.136025273024028, 0.0 ], [ -64.732852885086714, -21.136024094564217, 0.0 ], [ -64.73287148296356, -21.1359859716461, 0.0 ], [ -64.732874976308011, -21.135978812018539, 0.0 ], [ -64.73290039465985, -21.135885664208129, 0.0 ], [ -64.73291994087964, -21.135837445973305, 0.0 ], [ -64.732922193583505, -21.135831888749813, 0.0 ], [ -64.732958874436292, -21.135772223574151, 0.0 ], [ -64.732977873969404, -21.135752088223999, 0.0 ], [ -64.733018970238589, -21.135692864692018, 0.0 ], [ -64.733050616682249, -21.135650323216389, 0.0 ], [ -64.733091852182667, -21.135603160144875, 0.0 ], [ -64.733141345573046, -21.135569201942673, 0.0 ], [ -64.733187582228581, -21.135543377343225, 0.0 ], [ -64.733245799594684, -21.135511211264262, 0.0 ], [ -64.733277001429514, -21.135495680349297, 0.0 ], [ -64.733308787749579, -21.135485539415861, 0.0 ], [ -64.733326028596665, -21.135483891536349, 0.0 ], [ -64.733376892093787, -21.135495148205599, 0.0 ], [ -64.733412119036828, -21.135510980895031, 0.0 ], [ -64.73344743158826, -21.135534173222474, 0.0 ], [ -64.733464678243365, -21.135549413192152, 0.0 ], [ -64.733480207223181, -21.135580697878503, 0.0 ], [ -64.733498403688714, -21.135620566765287, 0.0 ], [ -64.733503316540919, -21.135647630898649, 0.0 ], [ -64.73351727291984, -21.135661659880633, 0.0 ], [ -64.733540231793611, -21.135658960771199, 0.0 ], [ -64.733558411073616, -21.135640903087452, 0.0 ], [ -64.733576621927241, -21.135625311833532, 0.0 ], [ -64.733591787891982, -21.135614626552943, 0.0 ], [ -64.733611508376001, -21.135577935452911, 0.0 ], [ -64.733614516344161, -21.135572338875161, 0.0 ], [ -64.733620201971362, -21.135553275538157, 0.0 ], [ -64.733626741033774, -21.135534995606161, 0.0 ], [ -64.733628876699754, -21.135500923309436, 0.0 ], [ -64.733632404879273, -21.135466222549834, 0.0 ], [ -64.733632663978128, -21.135463667334037, 0.0 ], [ -64.733646504024065, -21.13544212239443, 0.0 ], [ -64.733650074687063, -21.135436565216825, 0.0 ], [ -64.733652155077607, -21.13539774152785, 0.0 ], [ -64.733648133467128, -21.135342351626171, 0.0 ], [ -64.733649883243132, -21.135275023186956, 0.0 ], [ -64.73366200755116, -21.13522897007476, 0.0 ], [ -64.733659812558415, -21.135185440912863, 0.0 ], [ -64.733667187573388, -21.135166360276919, 0.0 ], [ -64.733668397062729, -21.135125169073678, 0.0 ], [ -64.733684623573424, -21.135074811556592, 0.0 ], [ -64.733686318454275, -21.135069554493462, 0.0 ], [ -64.733723723835709, -21.135020074847329, 0.0 ], [ -64.73377147896619, -21.134989494338562, 0.0 ], [ -64.733810244342038, -21.134984346335045, 0.0 ], [ -64.733849258428151, -21.135000577327919, 0.0 ], [ -64.733869623500141, -21.135009870894724, 0.0 ], [ -64.733936230255949, -21.135003645613757, 0.0 ], [ -64.733957199086419, -21.134992344482516, 0.0 ], [ -64.733978815392433, -21.134955353024299, 0.0 ], [ -64.733979544110042, -21.13495410540996, 0.0 ], [ -64.733996931631779, -21.134915090637989, 0.0 ], [ -64.734000108574904, -21.134907966747978, 0.0 ], [ -64.734020847069971, -21.134876869801598, 0.0 ], [ -64.734040861573931, -21.134842033632864, 0.0 ], [ -64.734042356105817, -21.134839432330381, 0.0 ], [ -64.734057315960584, -21.134819481859079, 0.0 ], [ -64.734090212437707, -21.134817560666729, 0.0 ], [ -64.734121152352628, -21.134792695476001, 0.0 ], [ -64.73413779046129, -21.134771936570136, 0.0 ], [ -64.734173914471683, -21.134757312527999, 0.0 ], [ -64.734190581179746, -21.134738929754842, 0.0 ], [ -64.734212311246765, -21.134720493314099, 0.0 ], [ -64.734244261190113, -21.134709872726461, 0.0 ], [ -64.734276024991999, -21.134700795873993, 0.0 ], [ -64.734278752015513, -21.13470001644485, 0.0 ], [ -64.73428263950224, -21.134671469400452, 0.0 ], [ -64.734285857677691, -21.134647123868138, 0.0 ], [ -64.734286518723479, -21.134642129393974, 0.0 ], [ -64.734305718057868, -21.134623720670202, 0.0 ], [ -64.734334135422955, -21.134599673425491, 0.0 ], [ -64.734369348719895, -21.134579514572792, 0.0 ], [ -64.734402921583154, -21.134563333233476, 0.0 ], [ -64.734422965109829, -21.134544915850448, 0.0 ], [ -64.734454804411342, -21.134524792445461, 0.0 ], [ -64.734467204850063, -21.134502492632908, 0.0 ], [ -64.734477946418821, -21.134482585339288, 0.0 ], [ -64.734489586533329, -21.134467420797552, 0.0 ], [ -64.734533074161035, -21.134432923992989, 0.0 ], [ -64.734549869795885, -21.134425626261553, 0.0 ], [ -64.734584259165715, -21.134407060094812, 0.0 ], [ -64.734601695314353, -21.134382334063311, 0.0 ], [ -64.734634964962225, -21.134340023187708, 0.0 ], [ -64.734669902681901, -21.134296112737463, 0.0 ], [ -64.734705153696197, -21.134279122007857, 0.0 ], [ -64.734743947437948, -21.134276348135391, 0.0 ], [ -64.734784335546081, -21.134265641002731, 0.0 ], [ -64.734798535904986, -21.134252825738113, 0.0 ], [ -64.734820385631195, -21.134244682250376, 0.0 ], [ -64.734864169002407, -21.134235522793031, 0.0 ], [ -64.734885120184074, -21.134222638353819, 0.0 ], [ -64.734908639901789, -21.134212894361294, 0.0 ], [ -64.734954787130135, -21.134189458405636, 0.0 ], [ -64.735006631836683, -21.134147749280533, 0.0 ], [ -64.735083767592371, -21.13410340545737, 0.0 ], [ -64.735145748160249, -21.134062383669978, 0.0 ], [ -64.735203499386614, -21.134020614866319, 0.0 ], [ -64.735226082655103, -21.134002961707147, 0.0 ], [ -64.73524200728896, -21.133993296407866, 0.0 ], [ -64.735264626461003, -21.133978810545432, 0.0 ], [ -64.735296665412832, -21.133976103968372, 0.0 ], [ -64.735348717677965, -21.13402467074231, 0.0 ], [ -64.735371791460153, -21.134048982573869, 0.0 ], [ -64.735383021464884, -21.134071038454511, 0.0 ], [ -64.735401020753102, -21.134094610145727, 0.0 ], [ -64.735410478427497, -21.134109559416846, 0.0 ], [ -64.73541161668517, -21.134134887297378, 0.0 ], [ -64.735410985471162, -21.134153106735074, 0.0 ], [ -64.735397943814476, -21.134192834908017, 0.0 ], [ -64.735396153510251, -21.134194934325965, 0.0 ], [ -64.735375460979299, -21.134219197022023, 0.0 ], [ -64.735354639873492, -21.134243166576763, 0.0 ], [ -64.73532482933453, -21.134292569611738, 0.0 ], [ -64.735300844327412, -21.134334783651795, 0.0 ], [ -64.735274115620143, -21.134358814644916, 0.0 ], [ -64.735271369213564, -21.134365866399616, 0.0 ], [ -64.735260183599237, -21.134394592121932, 0.0 ], [ -64.735258856001309, -21.134396412211213, 0.0 ], [ -64.735248551831333, -21.134410548769488, 0.0 ], [ -64.735235233554064, -21.134426522699886, 0.0 ], [ -64.735215851927862, -21.134429095946377, 0.0 ], [ -64.735212361324159, -21.134436974567219, 0.0 ], [ -64.735208449502778, -21.13444580229562, 0.0 ], [ -64.735204497659097, -21.134468805912118, 0.0 ], [ -64.73519553585372, -21.134496614632162, 0.0 ], [ -64.735193804706682, -21.134498420791644, 0.0 ], [ -64.735167183173644, -21.134526203641922, 0.0 ], [ -64.735144692974799, -21.134551775468459, 0.0 ], [ -64.73514224135053, -21.134558265093954, 0.0 ], [ -64.73513568601193, -21.134575623933074, 0.0 ], [ -64.73513437550136, -21.134608103489146, 0.0 ], [ -64.735130684990864, -21.134616012157686, 0.0 ], [ -64.7351269589834, -21.134624014223849, 0.0 ], [ -64.73512694003594, -21.134624040612035, 0.0 ], [ -64.735107757317309, -21.134641634528606, 0.0 ], [ -64.735098696002794, -21.134660732496286, 0.0 ], [ -64.735097918325224, -21.134662487335273, 0.0 ], [ -64.735088825426388, -21.134683007328924, 0.0 ], [ -64.735083287484613, -21.1347147380616, 0.0 ], [ -64.735103067437279, -21.134746211158927, 0.0 ], [ -64.735132065400165, -21.13477204478907, 0.0 ], [ -64.735178811929103, -21.134800073861406, 0.0 ], [ -64.735227138209581, -21.134818583722755, 0.0 ], [ -64.735260711018171, -21.134802402216412, 0.0 ], [ -64.735289934626763, -21.134775178886834, 0.0 ], [ -64.73532831459147, -21.134736775321638, 0.0 ], [ -64.735384672583805, -21.134720360270869, 0.0 ], [ -64.735414081502995, -21.13470897246399, 0.0 ], [ -64.735443609307396, -21.134707877680178, 0.0 ], [ -64.735480881630423, -21.134719374188126, 0.0 ], [ -64.735505585769289, -21.134738917326601, 0.0 ], [ -64.735526804343365, -21.134748994988129, 0.0 ], [ -64.735568331766103, -21.134763615529874, 0.0 ], [ -64.735614143857021, -21.134783734432194, 0.0 ], [ -64.735644847830599, -21.134811134767116, 0.0 ], [ -64.73566900479419, -21.134856024836761, 0.0 ], [ -64.735672052850092, -21.134900338241529, 0.0 ], [ -64.735671687148042, -21.134941518971434, 0.0 ], [ -64.735668003754483, -21.134987485664833, 0.0 ], [ -64.735650842447455, -21.135035966946614, 0.0 ], [ -64.735649257260945, -21.135037906197521, 0.0 ], [ -64.735626709904579, -21.135065512772606, 0.0 ], [ -64.735606833420491, -21.135098183540507, 0.0 ], [ -64.735577664183751, -21.135130158321392, 0.0 ], [ -64.735574050565404, -21.135137972273256, 0.0 ], [ -64.735543086157691, -21.135204948000652, 0.0 ], [ -64.735522513911931, -21.135250296566465, 0.0 ], [ -64.735502050355933, -21.135305145215547, 0.0 ], [ -64.735485947171867, -21.135371828603937, 0.0 ], [ -64.735469483415017, -21.135407631143838, 0.0 ], [ -64.735458945734521, -21.135444958130591, 0.0 ], [ -64.735468698536707, -21.13548524300494, 0.0 ], [ -64.735489238953178, -21.135509580769014, 0.0 ], [ -64.735512125701845, -21.135518056137204, 0.0 ], [ -64.735536499025756, -21.135509096345707, 0.0 ], [ -64.735570081158912, -21.135493705916073, 0.0 ], [ -64.735622862533788, -21.135459905709439, 0.0 ], [ -64.735663800029187, -21.135423853180875, 0.0 ], [ -64.735714985116729, -21.135397987127391, 0.0 ], [ -64.735762329112191, -21.135404629262126, 0.0 ], [ -64.735798170440489, -21.135438313131747, 0.0 ], [ -64.735816272379367, -21.135470594571039, 0.0 ], [ -64.735828266077618, -21.135558368757344, 0.0 ], [ -64.735837507740598, -21.135627167856654, 0.0 ], [ -64.735831410641865, -21.135683452634424, 0.0 ], [ -64.735810968504182, -21.13573988628449, 0.0 ], [ -64.735808898867532, -21.135743297367899, 0.0 ], [ -64.735799374556848, -21.13575901025067, 0.0 ], [ -64.735797150848413, -21.135764485013951, 0.0 ], [ -64.735779682468134, -21.135807516586489, 0.0 ], [ -64.73578356559733, -21.135851029277738, 0.0 ], [ -64.735800124766499, -21.135895996299819, 0.0 ], [ -64.735817197150993, -21.135912451755594, 0.0 ], [ -64.735871172319946, -21.135908730719294, 0.0 ], [ -64.735947091526313, -21.135904783774496, 0.0 ], [ -64.736002772634507, -21.135902630394487, 0.0 ], [ -64.736041518702422, -21.135895896879788, 0.0 ], [ -64.736065141021101, -21.135894863428703, 0.0 ], [ -64.736077873360188, -21.135901068211616, 0.0 ], [ -64.736089075978398, -21.135920750588991, 0.0 ], [ -64.736118770990885, -21.135933907108591, 0.0 ], [ -64.736131706254099, -21.135957530623283, 0.0 ], [ -64.736144697825296, -21.135985904609051, 0.0 ], [ -64.73616027454004, -21.136019004037877, 0.0 ], [ -64.736174295791159, -21.136063204896356, 0.0 ], [ -64.736180543780677, -21.136092441074513, 0.0 ], [ -64.736185362554863, -21.13614386377375, 0.0 ], [ -64.736202629652965, -21.136176944056281, 0.0 ], [ -64.736202943290522, -21.136203865561658, 0.0 ], [ -64.736199055206171, -21.136232413535655, 0.0 ], [ -64.736196002098325, -21.136260158998109, 0.0 ], [ -64.736196232720744, -21.136279954780385, 0.0 ], [ -64.736198940647, -21.13629497139981, 0.0 ], [ -64.736183403271539, -21.136337891979501, 0.0 ], [ -64.736174534761915, -21.136373617598679, 0.0 ], [ -64.736168208156698, -21.136410109294527, 0.0 ], [ -64.736171293327402, -21.136457589959097, 0.0 ], [ -64.736185174358994, -21.136489915529573, 0.0 ], [ -64.736198377181424, -21.136536499394794, 0.0 ], [ -64.736200498233487, -21.136573696606124, 0.0 ], [ -64.736208389537694, -21.136598955215305, 0.0 ], [ -64.736217253266659, -21.136635291138969, 0.0 ], [ -64.736217649911239, -21.136669336558981, 0.0 ], [ -64.736221284165367, -21.136691472961179, 0.0 ], [ -64.736235872038407, -21.136711911846749, 0.0 ], [ -64.736251365830867, -21.136737884632328, 0.0 ], [ -64.736267853379161, -21.136776516990398, 0.0 ], [ -64.736276680234454, -21.136809685619788, 0.0 ], [ -64.736282865625299, -21.136833378335918, 0.0 ], [ -64.736288122814727, -21.136849954900271, 0.0 ], [ -64.736299406638281, -21.136876762996582, 0.0 ], [ -64.736324955474231, -21.136896296417671, 0.0 ], [ -64.736355366750445, -21.136898360056392, 0.0 ], [ -64.736391581357182, -21.136891655119474, 0.0 ], [ -64.736447272975425, -21.136890290897082, 0.0 ], [ -64.736481038880356, -21.136890737628764, 0.0 ], [ -64.736519174492301, -21.136903807492672, 0.0 ], [ -64.736544538851916, -21.136907507146535, 0.0 ], [ -64.736581672437367, -21.136907126270447, 0.0 ], [ -64.736617925845792, -21.136903586747771, 0.0 ], [ -64.736654260366478, -21.136907172957869, 0.0 ], [ -64.7366779095412, -21.136908513757554, 0.0 ], [ -64.736697487138102, -21.136922566985294, 0.0 ], [ -64.73671214699597, -21.136949340418784, 0.0 ], [ -64.736728514732349, -21.136977679712974, 0.0 ], [ -64.736748284199578, -21.137008360537308, 0.0 ], [ -64.736779027694539, -21.137038927881637, 0.0 ], [ -64.736792816629503, -21.137063334716423, 0.0 ], [ -64.736808257126881, -21.137084557844148, 0.0 ], [ -64.736819688708053, -21.137124034144968, 0.0 ], [ -64.736829478942497, -21.137167487091119, 0.0 ], [ -64.736846774971582, -21.137202943419197, 0.0 ], [ -64.736863939886206, -21.137227314709698, 0.0 ], [ -64.736888625227721, -21.137245275320417, 0.0 ], [ -64.736911578841713, -21.137259292981344, 0.0 ], [ -64.736930358434847, -21.13727731507614, 0.0 ], [ -64.736951815465943, -21.13730797675132, 0.0 ], [ -64.736979172917714, -21.13733778755179, 0.0 ], [ -64.737003015021926, -21.137355756794911, 0.0 ], [ -64.737026060955301, -21.137377692204751, 0.0 ], [ -64.737056665187453, -21.137396383300043, 0.0 ], [ -64.737091414832406, -21.137408697427883, 0.0 ], [ -64.737120266004922, -21.137421863308138, 0.0 ], [ -64.73715082312917, -21.137436594157137, 0.0 ], [ -64.737221917644987, -21.137453286379912, 0.0 ], [ -64.737296174874302, -21.137451733169392, 0.0 ], [ -64.737363459572123, -21.137431245484247, 0.0 ], [ -64.737410555002427, -21.137416508148185, 0.0 ], [ -64.737464475246654, -21.13740803609133, 0.0 ], [ -64.737513360684829, -21.137401992114984, 0.0 ], [ -64.73756489593103, -21.137406214261372, 0.0 ], [ -64.737624193528262, -21.137424610766011, 0.0 ], [ -64.737689381318148, -21.137441361605962, 0.0 ], [ -64.737745044467033, -21.137437624423725, 0.0 ], [ -64.737769259998331, -21.137415203118923, 0.0 ], [ -64.737780487196005, -21.137409058748343, 0.0 ], [ -64.737776021297577, -21.137372593792922, 0.0 ], [ -64.73778225812454, -21.137333719330744, 0.0 ], [ -64.737800669326248, -21.137295291657747, 0.0 ], [ -64.737828209105146, -21.137257341130923, 0.0 ], [ -64.737857992913916, -21.137229616637875, 0.0 ], [ -64.737958206625876, -21.137157887687568, 0.0 ], [ -64.73807522595007, -21.137058667646627, 0.0 ], [ -64.738086101165578, -21.13705223405611, 0.0 ], [ -64.738120265468709, -21.1370320230339, 0.0 ], [ -64.738167094138774, -21.137017544757203, 0.0 ], [ -64.738242614701321, -21.137011986754366, 0.0 ], [ -64.73830877488885, -21.137022230370157, 0.0 ], [ -64.738350536080446, -21.13703742042614, 0.0 ], [ -64.738412742578205, -21.137073521917529, 0.0 ], [ -64.738524949451659, -21.137144033749678, 0.0 ], [ -64.738572407708219, -21.137179312927021, 0.0 ], [ -64.738636508741919, -21.137220590312765, 0.0 ], [ -64.738715291567715, -21.137309875863103, 0.0 ], [ -64.738810755388215, -21.137391841806995, 0.0 ], [ -64.73882789266402, -21.137408370325783, 0.0 ], [ -64.738835111946585, -21.137429376905345, 0.0 ], [ -64.738838694059325, -21.137470771747392, 0.0 ], [ -64.738848976213959, -21.137488838434649, 0.0 ], [ -64.738856817767498, -21.137496754282822, 0.0 ], [ -64.738869990482215, -21.137504209820566, 0.0 ], [ -64.738904899406506, -21.137500623997415, 0.0 ], [ -64.738952104297624, -21.137495775596236, 0.0 ], [ -64.738976009870683, -21.137486079451371, 0.0 ], [ -64.738992882749429, -21.137471368490736, 0.0 ], [ -64.73901578441685, -21.137442058854941, 0.0 ], [ -64.739024526040097, -21.137415975616701, 0.0 ], [ -64.739024847204576, -21.137397544410586, 0.0 ], [ -64.739018127301193, -21.13737734020788, 0.0 ], [ -64.738969670723449, -21.137294392979918, 0.0 ], [ -64.738957140318618, -21.137237034955856, 0.0 ], [ -64.738961097229804, -21.137204199465735, 0.0 ], [ -64.738965347168431, -21.137169991653543, 0.0 ], [ -64.738990259741314, -21.137113765582605, 0.0 ], [ -64.739030760683761, -21.137082664700621, 0.0 ], [ -64.739103963925359, -21.137024146946356, 0.0 ], [ -64.739167617162295, -21.137014922243228, 0.0 ], [ -64.739248534989002, -21.137013997973792, 0.0 ], [ -64.739340293382185, -21.13705176188104, 0.0 ], [ -64.739418959674623, -21.13713103767255, 0.0 ], [ -64.739471696242148, -21.137209151809106, 0.0 ], [ -64.7395119944172, -21.137298671579451, 0.0 ], [ -64.739581910444613, -21.137354272939266, 0.0 ], [ -64.739666712412202, -21.137366399207124, 0.0 ], [ -64.739749822450591, -21.137365545194537, 0.0 ], [ -64.73987896740995, -21.137363706826882, 0.0 ], [ -64.739977951536034, -21.137355537714946, 0.0 ], [ -64.740030087419257, -21.137375662601073, 0.0 ], [ -64.740072063943956, -21.137411333675555, 0.0 ], [ -64.740106648684389, -21.137473075051155, 0.0 ], [ -64.740125792254162, -21.137566177545835, 0.0 ], [ -64.740528904523131, -21.137591614884201, 0.0 ], [ -64.740564421617336, -21.137607929602606, 0.0 ], [ -64.740633488067871, -21.137639655129629, 0.0 ], [ -64.740644958018564, -21.137675814920193, 0.0 ], [ -64.740674719279752, -21.137701422876468, 0.0 ], [ -64.740695436255919, -21.137740942480061, 0.0 ], [ -64.740757704917868, -21.137778971990951, 0.0 ], [ -64.740784454906105, -21.137795309071169, 0.0 ], [ -64.740825304746664, -21.137824256970202, 0.0 ], [ -64.740893931230303, -21.137866740607755, 0.0 ], [ -64.740905441622232, -21.13790635485034, 0.0 ], [ -64.740941391579511, -21.137988907979338, 0.0 ], [ -64.740994689587637, -21.13801288375079, 0.0 ], [ -64.741063274882464, -21.138025462379598, 0.0 ], [ -64.741113370835876, -21.13807144143718, 0.0 ], [ -64.741170957067524, -21.138152769395742, 0.0 ], [ -64.741211562687312, -21.138194418344249, 0.0 ], [ -64.741294641904602, -21.138235629525521, 0.0 ], [ -64.741349481776041, -21.138283774453278, 0.0 ], [ -64.74141565508576, -21.138291950059731, 0.0 ], [ -64.741506200793538, -21.138366295532641, 0.0 ], [ -64.741559901473437, -21.138403535553802, 0.0 ], [ -64.741618859042816, -21.138407350400737, 0.0 ], [ -64.741673000182971, -21.138402372065347, 0.0 ], [ -64.741753059427751, -21.138397125258269, 0.0 ], [ -64.741802409961892, -21.138385564586621, 0.0 ], [ -64.741873277524491, -21.13840031155253, 0.0 ], [ -64.741946783959492, -21.138439349241747, 0.0 ], [ -64.742017702276598, -21.138458516977668, 0.0 ], [ -64.742039555316595, -21.138513562214492, 0.0 ], [ -64.742059025008018, -21.138566419939615, 0.0 ], [ -64.742040640713583, -21.13860640492295, 0.0 ], [ -64.741993903181125, -21.138640047362497, 0.0 ], [ -64.741963582021228, -21.138666889293059, 0.0 ], [ -64.741957134500296, -21.138720014607145, 0.0 ], [ -64.74198152307882, -21.138790508954017, 0.0 ], [ -64.741994440978203, -21.138887652166773, 0.0 ], [ -64.742011529287936, -21.138938324171402, 0.0 ], [ -64.742026234258745, -21.138986810472105, 0.0 ], [ -64.742024705665202, -21.139057573299777, 0.0 ], [ -64.74202040700807, -21.139092990178927, 0.0 ], [ -64.74204699814527, -21.139150196875953, 0.0 ], [ -64.74208741466596, -21.139180732266386, 0.0 ], [ -64.742099739211611, -21.139227031923319, 0.0 ], [ -64.742102584899015, -21.139269008670531, 0.0 ], [ -64.742112617802348, -21.139321130701756, 0.0 ], [ -64.742127318757795, -21.139370666592512, 0.0 ], [ -64.742132099402838, -21.139402085337089, 0.0 ], [ -64.742129840336816, -21.139435233969241, 0.0 ], [ -64.742121351699069, -21.139464305358025, 0.0 ], [ -64.742117433614766, -21.139506579323914, 0.0 ], [ -64.742117063961146, -21.139550473313765, 0.0 ], [ -64.742114017015325, -21.139591910044597, 0.0 ], [ -64.742103007913798, -21.139631773978181, 0.0 ], [ -64.742077062704467, -21.139677585891022, 0.0 ], [ -64.742076617537975, -21.139714857206751, 0.0 ], [ -64.742082434857139, -21.139759513991933, 0.0 ], [ -64.74210571067654, -21.139787430229912, 0.0 ], [ -64.74212204261957, -21.139825356260658, 0.0 ], [ -64.742147789961621, -21.13985113889774, 0.0 ], [ -64.742181596142061, -21.139897136178476, 0.0 ], [ -64.742202254514197, -21.139939485093823, 0.0 ], [ -64.74224140165478, -21.140010963761952, 0.0 ], [ -64.742262956416553, -21.140043845628352, 0.0 ], [ -64.742275351673243, -21.140069256232231, 0.0 ], [ -64.742298834718099, -21.140094550009188, 0.0 ], [ -64.742305292239394, -21.14012948043835, 0.0 ], [ -64.742299575654101, -21.140157913617717, 0.0 ], [ -64.742295786382371, -21.140178759626227, 0.0 ], [ -64.742311162070379, -21.140200355883881, 0.0 ], [ -64.742356787631181, -21.14022258558456, 0.0 ], [ -64.742380249573245, -21.140245989086019, 0.0 ], [ -64.742379695101576, -21.140284773542639, 0.0 ], [ -64.742385136063234, -21.140314607517624, 0.0 ], [ -64.742391763794942, -21.140337415628217, 0.0 ], [ -64.742405788368416, -21.14035815596289, 0.0 ], [ -64.742419871118884, -21.14038387073623, 0.0 ], [ -64.742426473656664, -21.140404688365972, 0.0 ], [ -64.742468012497753, -21.140421168529226, 0.0 ], [ -64.742487464433509, -21.140452793921146, 0.0 ], [ -64.742488045934763, -21.140502516645451, 0.0 ], [ -64.74246958252229, -21.140555418802201, 0.0 ], [ -64.742472131638792, -21.140592192314443, 0.0 ], [ -64.742458863929983, -21.140636090797226, 0.0 ], [ -64.742469743792313, -21.140659847793547, 0.0 ], [ -64.742493284109017, -21.140678502140652, 0.0 ], [ -64.742516847689728, -21.140699145176214, 0.0 ], [ -64.74252559522931, -21.140721931457964, 0.0 ], [ -64.742513166405928, -21.140746921943109, 0.0 ], [ -64.742508157757868, -21.140771838757253, 0.0 ], [ -64.742509646997391, -21.140808622273994, 0.0 ], [ -64.742537474359224, -21.140831210346768, 0.0 ], [ -64.742596298104203, -21.140875360292156, 0.0 ], [ -64.742625173756366, -21.140896943995084, 0.0 ], [ -64.742638114333573, -21.140915708338294, 0.0 ], [ -64.742638463266303, -21.140945541427019, 0.0 ], [ -64.742630333120204, -21.140975461802654, 0.0 ], [ -64.74262124585168, -21.141014344028747, 0.0 ], [ -64.742623737813716, -21.141046143987626, 0.0 ], [ -64.74263259007509, -21.141077880277219, 0.0 ], [ -64.742653219313169, -21.141119439984351, 0.0 ], [ -64.742689956216807, -21.141178735148589, 0.0 ], [ -64.742712756974583, -21.14122181341574, 0.0 ], [ -64.742743004135889, -21.141260636635646, 0.0 ], [ -64.742761193588109, -21.141287283684747, 0.0 ], [ -64.742766392207727, -21.141324126553791, 0.0 ], [ -64.74276658836294, -21.141340895867099, 0.0 ], [ -64.742789439347362, -21.141358551052292, 0.0 ], [ -64.742808818667584, -21.141385185844559, 0.0 ], [ -64.742812772253856, -21.141417568692223, 0.0 ], [ -64.74282273799416, -21.141454363380557, 0.0 ], [ -64.742847972537987, -21.141471993112525, 0.0 ], [ -64.742881769900904, -21.141508542427324, 0.0 ], [ -64.742909661695492, -21.141549625376417, 0.0 ], [ -64.742937475989393, -21.141583999862711, 0.0 ], [ -64.742949822434014, -21.141620770027629, 0.0 ], [ -64.742950157968565, -21.141628885051645, 0.0 ], [ -64.742951485998304, -21.141661003912485, 0.0 ], [ -64.742953573545662, -21.141689504393756, 0.0 ], [ -64.742955741421639, -21.141719101553107, 0.0 ], [ -64.742968011328529, -21.141749163248416, 0.0 ], [ -64.742979285659985, -21.141796007427498, 0.0 ], [ -64.743009338753197, -21.141818061254366, 0.0 ], [ -64.743048727910377, -21.141823244900561, 0.0 ], [ -64.743051359014473, -21.14184446197396, 0.0 ], [ -64.743066143314394, -21.141885679859641, 0.0 ], [ -64.743080717372408, -21.141909009466286, 0.0 ], [ -64.743095213920625, -21.141925631518358, 0.0 ], [ -64.743109604879351, -21.141933310790254, 0.0 ], [ -64.743134695652373, -21.141938642555917, 0.0 ], [ -64.743152688085488, -21.141948519348457, 0.0 ], [ -64.743167157529655, -21.141962906157875, 0.0 ], [ -64.74317356210679, -21.142000854794528, 0.0 ], [ -64.743178680480653, -21.142030991922553, 0.0 ], [ -64.743194054433388, -21.142122517706529, 0.0 ], [ -64.743215910016858, -21.142156953498478, 0.0 ], [ -64.743234033296631, -21.142178010119284, 0.0 ], [ -64.743259293227013, -21.142197876838122, 0.0 ], [ -64.743274967901812, -21.14222417667834, 0.0 ], [ -64.743286768784372, -21.142261374238906, 0.0 ], [ -64.743289877478503, -21.142332782045113, 0.0 ], [ -64.743309144699609, -21.142425348889716, 0.0 ], [ -64.743322157383517, -21.142468932504716, 0.0 ], [ -64.743371434971422, -21.142503611531808, 0.0 ], [ -64.743406015325334, -21.142544839554958, 0.0 ], [ -64.743461299021931, -21.142607180684021, 0.0 ], [ -64.743475396825147, -21.142646486209195, 0.0 ], [ -64.743495449898447, -21.142678508100371, 0.0 ], [ -64.743518038551827, -21.142725879693753, 0.0 ], [ -64.743574781237754, -21.142801404767855, 0.0 ], [ -64.743567670877681, -21.142849512210734, 0.0 ], [ -64.743556111866013, -21.142927718278472, 0.0 ], [ -64.743410483751589, -21.143913005064043, 0.0 ], [ -64.745138341436117, -21.143608008134063, 0.0 ], [ -64.746090148818681, -21.143439989610542, 0.0 ], [ -64.746429336500015, -21.143380112878663, 0.0 ], [ -64.746630756070459, -21.143344555983045, 0.0 ], [ -64.746840233869491, -21.143384670261423, 0.0 ], [ -64.746870982840548, -21.143412132875149, 0.0 ], [ -64.746905411465249, -21.143424641453205, 0.0 ], [ -64.746960257093633, -21.143438475708123, 0.0 ], [ -64.746960750180946, -21.14343840558594, 0.0 ], [ -64.74696907824152, -21.143440700564465, 0.0 ], [ -64.74702403818749, -21.143419866486791, 0.0 ], [ -64.747045700884982, -21.14341165647819, 0.0 ], [ -64.74717451882448, -21.143302636634843, 0.0 ], [ -64.747333858481298, -21.14318612089669, 0.0 ], [ -64.747433579685591, -21.143150479410522, 0.0 ], [ -64.747478652207093, -21.14313437093676, 0.0 ], [ -64.747497775560092, -21.143159859752128, 0.0 ], [ -64.747564170420858, -21.143248358055079, 0.0 ], [ -64.747566444071964, -21.14344217818897, 0.0 ], [ -64.747585759087031, -21.143511412372273, 0.0 ], [ -64.747590480795665, -21.143528336340697, 0.0 ], [ -64.747614375859953, -21.143613988330252, 0.0 ], [ -64.74773714138901, -21.143641438247826, 0.0 ], [ -64.747834941541853, -21.143575147858641, 0.0 ], [ -64.747866211634332, -21.143553952966887, 0.0 ], [ -64.747897909836936, -21.143531133823888, 0.0 ], [ -64.748017982926825, -21.143444694582509, 0.0 ], [ -64.748254683141639, -21.143399173721118, 0.0 ], [ -64.748415877408632, -21.14344058497803, 0.0 ], [ -64.748531580421513, -21.143518362432932, 0.0 ], [ -64.748664104848899, -21.143725196535115, 0.0 ], [ -64.748809825503784, -21.143752408502195, 0.0 ], [ -64.748911401979129, -21.143720869345696, 0.0 ], [ -64.748866433513271, -21.143665387536149, 0.0 ], [ -64.748707737149033, -21.143539644666884, 0.0 ], [ -64.748777933239239, -21.143431652011227, 0.0 ], [ -64.748656303360505, -21.143419500068212, 0.0 ], [ -64.748533571962483, -21.143313498716417, 0.0 ], [ -64.748546131803735, -21.143165874101054, 0.0 ], [ -64.74873780005484, -21.143056625686171, 0.0 ], [ -64.748844824064093, -21.143042110510482, 0.0 ], [ -64.749137470863474, -21.143012270475129, 0.0 ], [ -64.749330003337761, -21.142976759907814, 0.0 ], [ -64.749374529677937, -21.143117088932144, 0.0 ], [ -64.749312109791205, -21.143278637399327, 0.0 ], [ -64.749469466107271, -21.143290419619529, 0.0 ], [ -64.74969662405762, -21.143160690079572, 0.0 ], [ -64.749759043476615, -21.142999141500773, 0.0 ], [ -64.749921419361485, -21.142829855746132, 0.0 ], [ -64.750033383072136, -21.142627569273643, 0.0 ], [ -64.750151626102252, -21.142351471325124, 0.0 ], [ -64.750378151951466, -21.142168113375199, 0.0 ], [ -64.750571550336034, -21.142206338999131, 0.0 ], [ -64.750773510695637, -21.142365153529191, 0.0 ], [ -64.750907871851823, -21.142468343988682, 0.0 ], [ -64.751083598824692, -21.14260329952258, 0.0 ], [ -64.751334712462807, -21.142687858357014, 0.0 ], [ -64.75160647380099, -21.142705157792872, 0.0 ], [ -64.751821150119284, -21.142729754114306, 0.0 ], [ -64.751946394985666, -21.142557141256418, 0.0 ], [ -64.751982893541339, -21.142506838975986, 0.0 ], [ -64.752225835640644, -21.142504324285348, 0.0 ], [ -64.752245074072874, -21.142582677675662, 0.0 ], [ -64.752278376673146, -21.142718317665363, 0.0 ], [ -64.75247923640552, -21.142783280836639, 0.0 ], [ -64.752585234486233, -21.142681618105403, 0.0 ], [ -64.752598140473495, -21.142612865724601, 0.0 ], [ -64.752625583097299, -21.142466663086417, 0.0 ], [ -64.752824470869868, -21.142364040220929, 0.0 ], [ -64.753032790691947, -21.142455743442586, 0.0 ], [ -64.7531277316765, -21.14262907000705, 0.0 ], [ -64.753200467110375, -21.142664361146327, 0.0 ], [ -64.753212421836011, -21.14267016073725, 0.0 ], [ -64.753357725294009, -21.14274066154093, 0.0 ], [ -64.753579468711578, -21.14275847769472, 0.0 ], [ -64.75376422223971, -21.142669406878433, 0.0 ], [ -64.753944908601696, -21.142841846304073, 0.0 ], [ -64.753896627756703, -21.142989840240869, 0.0 ], [ -64.753727031773465, -21.143152501457735, 0.0 ], [ -64.753563398647458, -21.143214535527068, 0.0 ], [ -64.753529249333823, -21.143348974464423, 0.0 ], [ -64.753561982278114, -21.143363061817006, 0.0 ], [ -64.753787824971369, -21.1434602683115, 0.0 ], [ -64.754088485985491, -21.143504083045393, 0.0 ], [ -64.754108934576536, -21.143485195861849, 0.0 ], [ -64.754279358757216, -21.143327792444939, 0.0 ], [ -64.754528897046185, -21.143278276668664, 0.0 ], [ -64.754723481017109, -21.143417050274351, 0.0 ], [ -64.754946883806426, -21.14357563533903, 0.0 ], [ -64.755253821338741, -21.14354563655705, 0.0 ], [ -64.75548851388389, -21.143449343093373, 0.0 ], [ -64.755736153788035, -21.143238941382645, 0.0 ], [ -64.755913683479037, -21.143143239393442, 0.0 ], [ -64.756184181251996, -21.143053278288086, 0.0 ], [ -64.756353300083035, -21.142850395120629, 0.0 ], [ -64.756593081510488, -21.142579735109994, 0.0 ], [ -64.756856669130286, -21.142509957918559, 0.0 ], [ -64.756981462131165, -21.142471161292011, 0.0 ], [ -64.757191315424279, -21.142405920084315, 0.0 ], [ -64.757513963880967, -21.142496429826593, 0.0 ], [ -64.75761629204716, -21.142689790953966, 0.0 ], [ -64.757846763223625, -21.142841596695614, 0.0 ], [ -64.758005702182743, -21.14298744034852, 0.0 ], [ -64.758065475593042, -21.14320806009351, 0.0 ], [ -64.75824371464455, -21.143172687040323, 0.0 ], [ -64.758304231746763, -21.143137413106096, 0.0 ], [ -64.758477929601426, -21.143036169063979, 0.0 ], [ -64.758720317751624, -21.142986720588969, 0.0 ], [ -64.758879337769343, -21.143139266307966, 0.0 ], [ -64.758932284241538, -21.143386774480238, 0.0 ], [ -64.758870666363109, -21.143615359060895, 0.0 ], [ -64.759035564727895, -21.143660575603064, 0.0 ], [ -64.759285811981698, -21.143671383227691, 0.0 ], [ -64.759541303913636, -21.143521234161135, 0.0 ], [ -64.759798222593901, -21.143491745338057, 0.0 ], [ -64.759902700011835, -21.143536550041571, 0.0 ], [ -64.759920327965233, -21.143544109706305, 0.0 ], [ -64.759894201428239, -21.143752213268051, 0.0 ], [ -64.759882047908448, -21.143933355482552, 0.0 ], [ -64.760139521632283, -21.143950791365768, 0.0 ], [ -64.760474801057214, -21.143900373415033, 0.0 ], [ -64.760809606744829, -21.143809736119099, 0.0 ], [ -64.761145124238837, -21.14377942755689, 0.0 ], [ -64.761289696266005, -21.143918713557976, 0.0 ], [ -64.76129877692567, -21.143935298140718, 0.0 ], [ -64.76132159639991, -21.143976952563435, 0.0 ], [ -64.761348127526631, -21.144025374207853, 0.0 ], [ -64.761342782721798, -21.14403779458388, 0.0 ], [ -64.761313352125256, -21.144106186020203, 0.0 ], [ -64.761243006781086, -21.144200779143048, 0.0 ], [ -64.761357651213885, -21.144226403095338, 0.0 ], [ -64.761551608067123, -21.144311540112607, 0.0 ], [ -64.761560656441887, -21.144472347595503, 0.0 ], [ -64.761505236084318, -21.144620418470822, 0.0 ], [ -64.761584865781685, -21.14470674522482, 0.0 ], [ -64.761572954081672, -21.144907997161852, 0.0 ], [ -64.761707607889818, -21.14481273454761, 0.0 ], [ -64.761877433188403, -21.144670178332657, 0.0 ], [ -64.762128000157816, -21.144707794339251, 0.0 ], [ -64.762272494709293, -21.144840376402382, 0.0 ], [ -64.762239464364001, -21.14506866515039, 0.0 ], [ -64.762163162802707, -21.145263882800521, 0.0 ], [ -64.762051055915606, -21.145452769413957, 0.0 ], [ -64.761854233872853, -21.145729691547274, 0.0 ], [ -64.761597232748869, -21.145752480769033, 0.0 ], [ -64.7614707555108, -21.145934811938787, 0.0 ], [ -64.761251463416926, -21.14612481361889, 0.0 ], [ -64.760852660938809, -21.146242934852388, 0.0 ], [ -64.760602804645757, -21.146265648286235, 0.0 ], [ -64.760561671848876, -21.146413567579476, 0.0 ], [ -64.760684179024423, -21.146499449578418, 0.0 ], [ -64.76094880320251, -21.146516809566108, 0.0 ], [ -64.761161901402602, -21.146407324409807, 0.0 ], [ -64.761460190376539, -21.146250022281293, 0.0 ], [ -64.76165216794827, -21.146167573301984, 0.0 ], [ -64.761880903040463, -21.146171895147823, 0.0 ], [ -64.762053506073372, -21.14626395928844, 0.0 ], [ -64.762150521904829, -21.146611570196104, 0.0 ], [ -64.762131305445067, -21.146799489688068, 0.0 ], [ -64.762076282465401, -21.146981077304392, 0.0 ], [ -64.761898040157533, -21.147016454635491, 0.0 ], [ -64.761740916711858, -21.147024794106322, 0.0 ], [ -64.7617208275243, -21.147138974742315, 0.0 ], [ -64.761907246922974, -21.147190667934474, 0.0 ], [ -64.762022845433719, -21.147296733945137, 0.0 ], [ -64.762180603589115, -21.147342019635786, 0.0 ], [ -64.76233764799909, -21.147326976781258, 0.0 ], [ -64.762485939552207, -21.14745256152391, 0.0 ], [ -64.762525335103319, -21.147485924659446, 0.0 ], [ -64.762643315195973, -21.147793091406232, 0.0 ], [ -64.762581939846086, -21.148041788521414, 0.0 ], [ -64.762462606296609, -21.148224046029622, 0.0 ], [ -64.762473002891952, -21.148498812551878, 0.0 ], [ -64.76262726777901, -21.148852531391341, 0.0 ], [ -64.762822421664552, -21.149038217020593, 0.0 ], [ -64.762839728134097, -21.149292798335146, 0.0 ], [ -64.76277771792941, -21.149487868282861, 0.0 ], [ -64.762716659690312, -21.149763377235018, 0.0 ], [ -64.762804232680466, -21.149916663605477, 0.0 ], [ -64.763062510405689, -21.150001128289084, 0.0 ], [ -64.763342462097555, -21.150105478937352, 0.0 ], [ -64.763508003873895, -21.150204317681432, 0.0 ], [ -64.763510464742637, -21.150412124400802, 0.0 ], [ -64.763559833748204, -21.15050592307831, 0.0 ], [ -64.763598197673787, -21.150578812546232, 0.0 ], [ -64.763748179440256, -21.150570549185787, 0.0 ], [ -64.763907080935667, -21.150502303746908, 0.0 ], [ -64.763940160909527, -21.150488096445397, 0.0 ], [ -64.764154294421957, -21.150465751930756, 0.0 ], [ -64.764168624250871, -21.150499577230086, 0.0 ], [ -64.76419105478162, -21.150552524051225, 0.0 ], [ -64.764305862417629, -21.150591552410926, 0.0 ], [ -64.764556360375323, -21.150622461111457, 0.0 ], [ -64.764727381432067, -21.150580452309082, 0.0 ], [ -64.764890858963142, -21.150504999550421, 0.0 ], [ -64.764904018900282, -21.150491908777848, 0.0 ], [ -64.76508156741923, -21.150315293089033, 0.0 ], [ -64.765215428800317, -21.15015299452978, 0.0 ], [ -64.765406774044237, -21.150016913970159, 0.0 ], [ -64.765483071239871, -21.14982169420535, 0.0 ], [ -64.765667985934499, -21.149746018009942, 0.0 ], [ -64.765866872826066, -21.149643379842693, 0.0 ], [ -64.766023124053788, -21.149561297716165, 0.0 ], [ -64.766099897214318, -21.149406298980669, 0.0 ], [ -64.766234073722103, -21.149270813303243, 0.0 ], [ -64.766519820187753, -21.149261126896274, 0.0 ], [ -64.766647647192073, -21.149192750289089, 0.0 ], [ -64.766903618931295, -21.149082808551924, 0.0 ], [ -64.767131086428819, -21.148979869675738, 0.0 ], [ -64.767359268594689, -21.148937262353396, 0.0 ], [ -64.767421511150857, -21.14876230175987, 0.0 ], [ -64.767584587395817, -21.148653330142075, 0.0 ], [ -64.767783709131422, -21.148570800519384, 0.0 ], [ -64.76793440447679, -21.148622859997154, 0.0 ], [ -64.768121145720144, -21.148701359584951, 0.0 ], [ -64.768420544162723, -21.148637893684715, 0.0 ], [ -64.768655077195859, -21.148528173453212, 0.0 ], [ -64.76887579451774, -21.148458825312986, 0.0 ], [ -64.769081901935579, -21.14836281006464, 0.0 ], [ -64.769115399786116, -21.148174742836957, 0.0 ], [ -64.76936430132973, -21.148071577051081, 0.0 ], [ -64.769593676884085, -21.148129515264738, 0.0 ], [ -64.76979287726347, -21.148053687218734, 0.0 ], [ -64.769913299763076, -21.148002468465666, 0.0 ], [ -64.769970639299856, -21.147978080460373, 0.0 ], [ -64.77013403137255, -21.147895921879783, 0.0 ], [ -64.770370713220672, -21.147967191034812, 0.0 ], [ -64.770548952982864, -21.147931806656992, 0.0 ], [ -64.770640093249, -21.147783359609576, 0.0 ], [ -64.770861366264512, -21.147760931280668, 0.0 ], [ -64.770931227507361, -21.147626116078474, 0.0 ], [ -64.770850553962063, -21.147452649932763, 0.0 ], [ -64.7708912760787, -21.147271209741469, 0.0 ], [ -64.770825611092121, -21.147157923941634, 0.0 ], [ -64.770931120412982, -21.147016031982584, 0.0 ], [ -64.771179459649886, -21.146865939678307, 0.0 ], [ -64.771456939346393, -21.146762471926731, 0.0 ], [ -64.77180563420211, -21.146638146028824, 0.0 ], [ -64.772068821062589, -21.146534826953619, 0.0 ], [ -64.772167981307334, -21.146460041941811, 0.0 ], [ -64.772422666542752, -21.146242839431608, 0.0 ], [ -64.772664017459917, -21.146106226695196, 0.0 ], [ -64.772913151199901, -21.146023167548709, 0.0 ], [ -64.773206036026551, -21.146013394551648, 0.0 ], [ -64.773369662439364, -21.145951341859853, 0.0 ], [ -64.773475886751058, -21.14586977836974, 0.0 ], [ -64.773581393540113, -21.145727883162611, 0.0 ], [ -64.773593368749815, -21.145533336254005, 0.0 ], [ -64.773604627514004, -21.145278457672212, 0.0 ], [ -64.77371759704684, -21.145163301912959, 0.0 ], [ -64.773873598423165, -21.145061103493074, 0.0 ], [ -64.774059299789229, -21.145052452457126, 0.0 ], [ -64.774281606853535, -21.145117163239242, 0.0 ], [ -64.774459842961292, -21.145081775024476, 0.0 ], [ -64.774543909711312, -21.144940104976055, 0.0 ], [ -64.774706018832859, -21.14475068674507, 0.0 ], [ -64.77479007265309, -21.144726834517808, 0.0 ], [ -64.774830270653965, -21.14471542614853, 0.0 ], [ -64.774926808064492, -21.144688033269144, 0.0 ], [ -64.775097578064589, -21.144625904112853, 0.0 ], [ -64.775290424570912, -21.144617177727273, 0.0 ], [ -64.775446903582974, -21.144555198127371, 0.0 ], [ -64.775645695292653, -21.144445845562828, 0.0 ], [ -64.775815907193547, -21.144336790833027, 0.0 ], [ -64.776001366670457, -21.144308029025975, 0.0 ], [ -64.776186986867515, -21.144292672822449, 0.0 ], [ -64.776342745704071, -21.144170362679365, 0.0 ], [ -64.7766070438702, -21.14416088403182, 0.0 ], [ -64.776914214977353, -21.144150955788071, 0.0 ], [ -64.777092130168654, -21.144088749687366, 0.0 ], [ -64.777210882262153, -21.143859559335137, 0.0 ], [ -64.777294785737325, -21.143704481425409, 0.0 ], [ -64.777693886360183, -21.143613135288152, 0.0 ], [ -64.777914831405269, -21.143563883922873, 0.0 ], [ -64.778201044713157, -21.143594399609935, 0.0 ], [ -64.778366508541012, -21.143686519888611, 0.0 ], [ -64.778624779207618, -21.143770960135864, 0.0 ], [ -64.778866920379798, -21.143701374485335, 0.0 ], [ -64.779087866967885, -21.143652121586456, 0.0 ], [ -64.779210683679807, -21.143676064182738, 0.0 ], [ -64.779381544656758, -21.143709372640771, 0.0 ], [ -64.77965386813392, -21.143773552336967, 0.0 ], [ -64.779961518370698, -21.143803838696339, 0.0 ], [ -64.780204701147682, -21.143821393271093, 0.0 ], [ -64.780454547123512, -21.143798653194207, 0.0 ], [ -64.780762437837907, -21.143849046751132, 0.0 ], [ -64.780815690768122, -21.143843484501563, 0.0 ], [ -64.781047929624677, -21.143819227036694, 0.0 ], [ -64.781355019873686, -21.143802586095813, 0.0 ], [ -64.781519040746161, -21.143774043964694, 0.0 ], [ -64.781660585798548, -21.143658582544884, 0.0 ], [ -64.781888112718505, -21.143562327057676, 0.0 ], [ -64.782029815731846, -21.143460272957924, 0.0 ], [ -64.78227958136965, -21.143430826449528, 0.0 ], [ -64.782421445341839, -21.143342178709137, 0.0 ], [ -64.782606982897107, -21.143320111805025, 0.0 ], [ -64.782805687832578, -21.143204047503527, 0.0 ], [ -64.783000906642286, -21.143027633909401, 0.0 ], [ -64.783032399417593, -21.142999174741249, 0.0 ], [ -64.783751892899133, -21.143617126417304, 0.0 ], [ -64.783823187037072, -21.143678358374789, 0.0 ], [ -64.783913012775614, -21.143657290301086, 0.0 ], [ -64.78655887667513, -21.143036695559051, 0.0 ], [ -64.786600635916074, -21.143059088960594, 0.0 ], [ -64.788518835662288, -21.144087704898464, 0.0 ], [ -64.788605856261114, -21.144134367962188, 0.0 ], [ -64.788656662560683, -21.144160882550675, 0.0 ], [ -64.789119045391104, -21.144409155570216, 0.0 ], [ -64.789547943162674, -21.144639447095368, 0.0 ], [ -64.78967059352064, -21.144705302393582, 0.0 ], [ -64.790129254648662, -21.145259148303378, 0.0 ], [ -64.790123316555665, -21.145322041546756, 0.0 ], [ -64.790067689025292, -21.145911218392602, 0.0 ], [ -64.790047292705779, -21.146127244545802, 0.0 ], [ -64.789971268382317, -21.146932447496329, 0.0 ], [ -64.789912805727582, -21.147551644590465, 0.0 ], [ -64.789851516274695, -21.147622885811739, 0.0 ], [ -64.789751475020097, -21.147739170907137, 0.0 ], [ -64.788396528508372, -21.149314099525405, 0.0 ], [ -64.787835736390178, -21.149965926696886, 0.0 ], [ -64.787774117786412, -21.150069827648327, 0.0 ], [ -64.787775363191827, -21.150036103558637, 0.0 ], [ -64.786221421362669, -21.151842256854842, 0.0 ], [ -64.785776893043646, -21.153251364190186, 0.0 ], [ -64.785585895285962, -21.153856799214662, 0.0 ], [ -64.785448939459698, -21.154290926431329, 0.0 ], [ -64.78542820119938, -21.15435666306961, 0.0 ], [ -64.785416401813649, -21.154458814621023, 0.0 ], [ -64.785371242001247, -21.154581778895576, 0.0 ], [ -64.78533946484032, -21.154661958591756, 0.0 ], [ -64.785324481855355, -21.15469976342489, 0.0 ], [ -64.785295649385304, -21.154776840625296, 0.0 ], [ -64.785295630780595, -21.154776895014916, 0.0 ], [ -64.784946104494296, -21.155884825592544, 0.0 ], [ -64.784436365460905, -21.157500572506212, 0.0 ], [ -64.784293720157578, -21.157952717167046, 0.0 ], [ -64.78401432319076, -21.158838318067758, 0.0 ], [ -64.784018904129482, -21.158876926751109, 0.0 ], [ -64.784010104436348, -21.15897003876713, 0.0 ], [ -64.78394327566869, -21.159063508955192, 0.0 ], [ -64.783851597428693, -21.159354102908605, 0.0 ], [ -64.783899815059726, -21.159920239708768, 0.0 ], [ -64.7839262615677, -21.16023083169431, 0.0 ], [ -64.783944678450311, -21.16044706100713, 0.0 ], [ -64.783982632057501, -21.160892664549142, 0.0 ], [ -64.784003883086086, -21.1611421044474, 0.0 ], [ -64.784105265666184, -21.162332519915289, 0.0 ], [ -64.784110196169834, -21.16239039150544, 0.0 ], [ -64.78412563847543, -21.162571703886258, 0.0 ], [ -64.784136610645902, -21.162700613340451, 0.0 ], [ -64.784144532097841, -21.162793516434242, 0.0 ], [ -64.784318540407071, -21.162939935568179, 0.0 ], [ -64.784406084553112, -21.1630136000052, 0.0 ], [ -64.785832841958083, -21.1642140869033, 0.0 ], [ -64.785860409597447, -21.164226653157414, 0.0 ], [ -64.785941183827973, -21.164270608996496, 0.0 ], [ -64.78604764971584, -21.164326542958626, 0.0 ], [ -64.786275489354523, -21.164362998681312, 0.0 ], [ -64.786407138784611, -21.164399478401538, 0.0 ], [ -64.786541643748876, -21.16446559141724, 0.0 ], [ -64.78654273833456, -21.164467015071953, 0.0 ], [ -64.788015259246578, -21.164720613295184, 0.0 ], [ -64.786769855777479, -21.168256279948601, 0.0 ], [ -64.786762032934803, -21.1682784914974, 0.0 ], [ -64.786762818340989, -21.168295059995369, 0.0 ], [ -64.786798357270811, -21.169043595628413, 0.0 ], [ -64.786848063159141, -21.169105973332073, 0.0 ], [ -64.786892255340248, -21.169154403956476, 0.0 ], [ -64.788207488758488, -21.169368716672878, 0.0 ], [ -64.788275480810654, -21.170448040136804, 0.0 ], [ -64.788323706869363, -21.171213577407958, 0.0 ], [ -64.787930330464391, -21.172140403145661, 0.0 ], [ -64.787886703486635, -21.172251986642415, 0.0 ], [ -64.787885746660891, -21.172244645459227, 0.0 ], [ -64.787834768748809, -21.172363592706169, 0.0 ], [ -64.786951852393841, -21.174423680238146, 0.0 ], [ -64.786649883071306, -21.175128245165446, 0.0 ], [ -64.786385449383403, -21.175745224312248, 0.0 ], [ -64.783959779091134, -21.176769791726358, 0.0 ], [ -64.783415404824424, -21.17759513976716, 0.0 ], [ -64.782787850695485, -21.178546587502897, 0.0 ], [ -64.782129260736241, -21.17996526617458, 0.0 ], [ -64.781498368730254, -21.180001027663884, 0.0 ], [ -64.78114309415335, -21.180369865206657, 0.0 ], [ -64.780703047831921, -21.180826707337399, 0.0 ], [ -64.780587495158755, -21.180946669832458, 0.0 ], [ -64.780542294489877, -21.180993589635381, 0.0 ], [ -64.780487153954439, -21.181050838599958, 0.0 ], [ -64.780377633741821, -21.181164548987134, 0.0 ], [ -64.779819875125611, -21.181743587571479, 0.0 ], [ -64.779689411440955, -21.181879027917962, 0.0 ], [ -64.77968726366916, -21.181881257615792, 0.0 ], [ -64.779514561728433, -21.181917778727808, 0.0 ], [ -64.779418332185585, -21.181908254858204, 0.0 ], [ -64.779412888528412, -21.181907716095992, 0.0 ], [ -64.779318192606439, -21.181894528865488, 0.0 ], [ -64.779230258058789, -21.181868061692263, 0.0 ], [ -64.779123193640928, -21.181841882552916, 0.0 ], [ -64.779024929422548, -21.18180621178989, 0.0 ], [ -64.779024255221771, -21.18180596327478, 0.0 ], [ -64.779022736765981, -21.181805419260595, 0.0 ], [ -64.777873921916282, -21.181675331531391, 0.0 ], [ -64.778476474925569, -21.183835152485404, 0.0 ], [ -64.778923862265117, -21.185123495435178, 0.0 ], [ -64.779150143313601, -21.186513400535762, 0.0 ], [ -64.779274444989909, -21.187276895095408, 0.0 ], [ -64.779529990890381, -21.187786727708929, 0.0 ], [ -64.779538658863814, -21.1877983108695, 0.0 ], [ -64.779898896556674, -21.188279700504044, 0.0 ], [ -64.788407326631486, -21.19964839949904, 0.0 ], [ -64.79084215684199, -21.200663791511396, 0.0 ], [ -64.795540687946811, -21.202623066980866, 0.0 ], [ -64.795751666272366, -21.202564914781721, 0.0 ], [ -64.798151342411799, -21.201938493580307, 0.0 ], [ -64.798168739647735, -21.201933953053654, 0.0 ], [ -64.798208739252544, -21.201841767982863, 0.0 ], [ -64.798254839444382, -21.201730020296591, 0.0 ], [ -64.798324219386046, -21.201580937902605, 0.0 ], [ -64.798393060354883, -21.201387354523717, 0.0 ], [ -64.798482887325022, -21.201242630923392, 0.0 ], [ -64.798577891261885, -21.201164896712797, 0.0 ], [ -64.798755749833049, -21.201142958410596, 0.0 ], [ -64.798937252408379, -21.201127662171192, 0.0 ], [ -64.799136409037928, -21.201118466740702, 0.0 ], [ -64.799327118728243, -21.201108304312019, 0.0 ], [ -64.79951782308919, -21.201118135230544, 0.0 ], [ -64.799703290529976, -21.201136204839393, 0.0 ], [ -64.799878517644601, -21.201191131460376, 0.0 ], [ -64.800014604067357, -21.201249816042928, 0.0 ], [ -64.800122356848931, -21.201322164630533, 0.0 ], [ -64.800163077641912, -21.20144868244348, 0.0 ], [ -64.800190238950648, -21.201632138738255, 0.0 ], [ -64.800139115541242, -21.201823110541142, 0.0 ], [ -64.800050887592121, -21.202044025494388, 0.0 ], [ -64.799871155224295, -21.202221679051593, 0.0 ], [ -64.799834081602881, -21.202346124906114, 0.0 ], [ -64.799885121730568, -21.202464460786373, 0.0 ], [ -64.800077943280613, -21.202457237435485, 0.0 ], [ -64.800165555941192, -21.202409785433144, 0.0 ], [ -64.800348348341331, -21.202332026686847, 0.0 ], [ -64.80057069242055, -21.202159273480191, 0.0 ], [ -64.80066741128077, -21.20204112009267, 0.0 ], [ -64.800660793367612, -21.201951182903194, 0.0 ], [ -64.800620800960871, -21.201884792416244, 0.0 ], [ -64.800541505662608, -21.201808798008024, 0.0 ], [ -64.800368867035886, -21.201673664626636, 0.0 ], [ -64.800262693034909, -21.201437597663478, 0.0 ], [ -64.800253340757735, -21.201253951544732, 0.0 ], [ -64.800325957554847, -21.201072773542773, 0.0 ], [ -64.800452814961076, -21.200957834191883, 0.0 ], [ -64.800639202443321, -21.200888786322444, 0.0 ], [ -64.800833316020018, -21.200851114739205, 0.0 ], [ -64.800985210262297, -21.200853946078507, 0.0 ], [ -64.801113757402618, -21.200888177131745, 0.0 ], [ -64.801223915271891, -21.200971558274933, 0.0 ], [ -64.801252981367043, -21.201020202342885, 0.0 ], [ -64.801297085494639, -21.201135438764808, 0.0 ], [ -64.801285224744319, -21.201331381521339, 0.0 ], [ -64.801233771582233, -21.201490592042546, 0.0 ], [ -64.801180572034895, -21.201669171580829, 0.0 ], [ -64.801178863913904, -21.201803269738246, 0.0 ], [ -64.801199356774362, -21.201913741548388, 0.0 ], [ -64.801310613941666, -21.201957057941751, 0.0 ], [ -64.801443795129529, -21.201851796960941, 0.0 ], [ -64.801632695105454, -21.201775608370554, 0.0 ], [ -64.801749700354577, -21.201640850144273, 0.0 ], [ -64.801805407553275, -21.201526049269305, 0.0 ], [ -64.80182758043027, -21.201397865605109, 0.0 ], [ -64.80184395800562, -21.201280871331658, 0.0 ], [ -64.801853999458942, -21.201130565579934, 0.0 ], [ -64.80191748438213, -21.200985251606404, 0.0 ], [ -64.801957654129168, -21.200873565452891, 0.0 ], [ -64.802027144285987, -21.20073375115588, 0.0 ], [ -64.802121437913911, -21.200682680032674, 0.0 ], [ -64.80230516691644, -21.200669593720328, 0.0 ], [ -64.802512965811374, -21.200684062900766, 0.0 ], [ -64.802668322436816, -21.200776975467821, 0.0 ], [ -64.802819364282158, -21.200839805529135, 0.0 ], [ -64.802939674158495, -21.200954025649477, 0.0 ], [ -64.803118547278487, -21.201169190106409, 0.0 ], [ -64.803229763338237, -21.2012337211941, 0.0 ], [ -64.803330186293181, -21.20128442910077, 0.0 ], [ -64.803517478223114, -21.201318275760091, 0.0 ], [ -64.803612868456241, -21.201307558394209, 0.0 ], [ -64.803729915866455, -21.201247038767274, 0.0 ], [ -64.803954397754595, -21.201169333234617, 0.0 ], [ -64.804043298253745, -21.201162821656368, 0.0 ], [ -64.804326709216184, -21.201054098548379, 0.0 ], [ -64.804438594908632, -21.200986147795703, 0.0 ], [ -64.804502148634242, -21.200846397851251, 0.0 ], [ -64.804516730447034, -21.200748329532122, 0.0 ], [ -64.804510424543082, -21.200645410152454, 0.0 ], [ -64.804509155852912, -21.200624699545799, 0.0 ], [ -64.804502904841954, -21.200626421919196, 0.0 ], [ -64.804274464352432, -21.20068935685492, 0.0 ], [ -64.803787917283884, -21.200185775437742, 0.0 ], [ -64.803849221049077, -21.2000961905777, 0.0 ], [ -64.803962513899251, -21.20015730115977, 0.0 ], [ -64.803840462289784, -21.200091349884389, 0.0 ], [ -64.803721270047205, -21.200061780013783, 0.0 ], [ -64.803605030699899, -21.199952566815611, 0.0 ], [ -64.803600442819402, -21.199865832607749, 0.0 ], [ -64.803611699202904, -21.199815647429126, 0.0 ], [ -64.80364784919027, -21.199693488701829, 0.0 ], [ -64.803732611361085, -21.199576743111894, 0.0 ], [ -64.803780788153887, -21.199522346662196, 0.0 ], [ -64.803856447308718, -21.199365287685808, 0.0 ], [ -64.803892051115582, -21.199222128780388, 0.0 ], [ -64.80380517580528, -21.199148499270176, 0.0 ], [ -64.80370043277685, -21.199116994792938, 0.0 ], [ -64.803531260475935, -21.199100159945274, 0.0 ], [ -64.803397213148386, -21.199110911494028, 0.0 ], [ -64.803193202625465, -21.199089787710037, 0.0 ], [ -64.802974003037107, -21.199045522970021, 0.0 ], [ -64.802851941780617, -21.198969222902321, 0.0 ], [ -64.802747968202638, -21.198847535704363, 0.0 ], [ -64.802756173006173, -21.198728889920147, 0.0 ], [ -64.802802607343096, -21.198644948428964, 0.0 ], [ -64.802860297289556, -21.198510825403691, 0.0 ], [ -64.802917989044076, -21.198376700537345, 0.0 ], [ -64.803017468378712, -21.198264381101389, 0.0 ], [ -64.803063435632907, -21.198141505299105, 0.0 ], [ -64.803181247125877, -21.19807349310339, 0.0 ], [ -64.80331772665923, -21.198077599828824, 0.0 ], [ -64.803395644884631, -21.198143522445214, 0.0 ], [ -64.803580316938309, -21.198208303329917, 0.0 ], [ -64.803735607737622, -21.198295651978835, 0.0 ], [ -64.803831583935164, -21.198383633937716, 0.0 ], [ -64.803951020227487, -21.198449114676958, 0.0 ], [ -64.804028799002154, -21.198503912708684, 0.0 ], [ -64.804189681721724, -21.198563384996092, 0.0 ], [ -64.804343487780272, -21.198528363857005, 0.0 ], [ -64.804420050560296, -21.198483043855433, 0.0 ], [ -64.804490210155123, -21.198398849402338, 0.0 ], [ -64.804541971208096, -21.198264788334182, 0.0 ], [ -64.804611791827455, -21.198152783994157, 0.0 ], [ -64.804657416969818, -21.198002098930207, 0.0 ], [ -64.80472150614456, -21.19790684350885, 0.0 ], [ -64.804868368530066, -21.197788453025062, 0.0 ], [ -64.805009562285761, -21.197692377205541, 0.0 ], [ -64.805209935998306, -21.19758453854573, 0.0 ], [ -64.805374587947796, -21.197465959342139, 0.0 ], [ -64.805544697417773, -21.197308378839683, 0.0 ], [ -64.805612391701501, -21.197104572000988, 0.0 ], [ -64.805624959235857, -21.196971362264907, 0.0 ], [ -64.805599534227952, -21.196825256167816, 0.0 ], [ -64.805548245360029, -21.196624106694614, 0.0 ], [ -64.805457450127221, -21.196474876903249, 0.0 ], [ -64.805325548444742, -21.1963594663329, 0.0 ], [ -64.805189252384267, -21.196309134669313, 0.0 ], [ -64.805008314276691, -21.196231834065188, 0.0 ], [ -64.804795319567731, -21.196237554766284, 0.0 ], [ -64.804642187708694, -21.196277131993273, 0.0 ], [ -64.804463993753558, -21.196352150551355, 0.0 ], [ -64.804375939159357, -21.196388659613099, 0.0 ], [ -64.804296647542074, -21.196452740378124, 0.0 ], [ -64.804186197864198, -21.196595452357201, 0.0 ], [ -64.804102766786031, -21.196682467328667, 0.0 ], [ -64.804023798409602, -21.196834892104008, 0.0 ], [ -64.803926049368428, -21.196953067148332, 0.0 ], [ -64.803655419265567, -21.197052417367285, 0.0 ], [ -64.803397505681644, -21.196999596586501, 0.0 ], [ -64.803308692003597, -21.19693554428158, 0.0 ], [ -64.803277300417079, -21.196770517700248, 0.0 ], [ -64.803360092936501, -21.196645134286282, 0.0 ], [ -64.803417816622897, -21.196516106676597, 0.0 ], [ -64.803403029464036, -21.19649932121046, 0.0 ], [ -64.80171716835018, -21.194585539061517, 0.0 ], [ -64.801555024984495, -21.194418250251889, 0.0 ], [ -64.803753615849061, -21.190375805270403, 0.0 ], [ -64.803920639418337, -21.190068697543541, 0.0 ], [ -64.807777624802611, -21.18297645518977, 0.0 ], [ -64.804858344625245, -21.181637384544882, 0.0 ], [ -64.804221714554956, -21.1813547022576, 0.0 ], [ -64.803555616222056, -21.180767759540199, 0.0 ], [ -64.807698346190179, -21.180082927309527, 0.0 ], [ -64.809404962589682, -21.180942045104619, 0.0 ], [ -64.81169703001585, -21.183858838723385, 0.0 ], [ -64.812159516265027, -21.183996614276719, 0.0 ], [ -64.817587793553059, -21.178522281634084, 0.0 ], [ -64.818331105873142, -21.178322445980221, 0.0 ], [ -64.827174237345346, -21.175949955721574, 0.0 ], [ -64.827209471856861, -21.175823735941176, 0.0 ], [ -64.827247023060565, -21.17575220994145, 0.0 ], [ -64.827316272640104, -21.175639423435616, 0.0 ], [ -64.827394206160065, -21.175562611595279, 0.0 ], [ -64.827540383775613, -21.175495512955145, 0.0 ], [ -64.827763325838887, -21.175438295344076, 0.0 ], [ -64.827896055161744, -21.175402674866827, 0.0 ], [ -64.828018810646682, -21.175351198911414, 0.0 ], [ -64.828190160149987, -21.175257514501293, 0.0 ], [ -64.828368272037622, -21.175171563183998, 0.0 ], [ -64.828605997234874, -21.175068346123151, 0.0 ], [ -64.828800110334853, -21.174988989905877, 0.0 ], [ -64.829034299281233, -21.174811650278848, 0.0 ], [ -64.829206169223966, -21.17470511120683, 0.0 ], [ -64.829314200200784, -21.17457019225613, 0.0 ], [ -64.829475923229637, -21.174425234776169, 0.0 ], [ -64.82956891646981, -21.17431686912235, 0.0 ], [ -64.829680045054403, -21.174214231263804, 0.0 ], [ -64.82971917799658, -21.174192427100436, 0.0 ], [ -64.829735273324033, -21.174178693106303, 0.0 ], [ -64.829747170773004, -21.174162659828546, 0.0 ], [ -64.829775441649645, -21.174140939795606, 0.0 ], [ -64.82978295027398, -21.174131507661695, 0.0 ], [ -64.829812868380273, -21.17405997708833, 0.0 ], [ -64.829834032649444, -21.173969928040538, 0.0 ], [ -64.829830416282306, -21.173888017720575, 0.0 ], [ -64.829841584248229, -21.173759156019909, 0.0 ], [ -64.829840483482656, -21.173669683043627, 0.0 ], [ -64.82982305036694, -21.173553538208207, 0.0 ], [ -64.829787491379449, -21.173475878151951, 0.0 ], [ -64.829764192407694, -21.173427391644072, 0.0 ], [ -64.829748230258048, -21.173382905497853, 0.0 ], [ -64.82973687582286, -21.173333252833071, 0.0 ], [ -64.829711971831259, -21.173248380966445, 0.0 ], [ -64.829695113862357, -21.173217724426078, 0.0 ], [ -64.829680235556125, -21.173188698418517, 0.0 ], [ -64.829665575861867, -21.173156385994844, 0.0 ], [ -64.829657562941406, -21.173137500919143, 0.0 ], [ -64.829652122056615, -21.173130749645434, 0.0 ], [ -64.829649781974382, -21.17312361617779, 0.0 ], [ -64.829645647349722, -21.173117610361658, 0.0 ], [ -64.829640579013997, -21.173110928215248, 0.0 ], [ -64.82963735559899, -21.173103143161729, 0.0 ], [ -64.829633570912605, -21.173095994618325, 0.0 ], [ -64.829622321218125, -21.173078884138928, 0.0 ], [ -64.829589918375731, -21.173029590205317, 0.0 ], [ -64.829561819377858, -21.172976494168822, 0.0 ], [ -64.829538233662163, -21.172931926108969, 0.0 ], [ -64.829487872078076, -21.172836764902879, 0.0 ], [ -64.829383622873834, -21.172719808991111, 0.0 ], [ -64.829246672672312, -21.172616431525519, 0.0 ], [ -64.829119266178481, -21.172546395423726, 0.0 ], [ -64.828997307449129, -21.172504339348322, 0.0 ], [ -64.828878845431447, -21.17247099288647, 0.0 ], [ -64.828728396943305, -21.172472620258986, 0.0 ], [ -64.828639017566161, -21.172477400322983, 0.0 ], [ -64.828378844375521, -21.172524682469124, 0.0 ], [ -64.82810750253293, -21.172544601384768, 0.0 ], [ -64.827907734646303, -21.172453594866042, 0.0 ], [ -64.827767789323048, -21.172332457179962, 0.0 ], [ -64.827722364184993, -21.172194510486037, 0.0 ], [ -64.827717727448416, -21.172044892401772, 0.0 ], [ -64.827742309776482, -21.171902608592529, 0.0 ], [ -64.827793970679735, -21.171798551913646, 0.0 ], [ -64.827962016263115, -21.171605807682326, 0.0 ], [ -64.828182350562685, -21.171437490501166, 0.0 ], [ -64.828364268562993, -21.171292639164839, 0.0 ], [ -64.82855173586475, -21.171086942893744, 0.0 ], [ -64.828724937774524, -21.170887356461233, 0.0 ], [ -64.828743288883928, -21.170850113059263, 0.0 ], [ -64.828736955491067, -21.170776390677538, 0.0 ], [ -64.828726649594259, -21.170737960611639, 0.0 ], [ -64.828712120970934, -21.170721518659704, 0.0 ], [ -64.828686570580416, -21.170706482074177, 0.0 ], [ -64.828658202483112, -21.170700204524611, 0.0 ], [ -64.828543399717418, -21.170701446102289, 0.0 ], [ -64.828414193390543, -21.17072054797131, 0.0 ], [ -64.828343996315866, -21.170749745345624, 0.0 ], [ -64.828140134014518, -21.170907866233907, 0.0 ], [ -64.827817187923628, -21.171010880901669, 0.0 ], [ -64.827584999268012, -21.171000200386136, 0.0 ], [ -64.82735966353664, -21.170879127156198, 0.0 ], [ -64.827209252464655, -21.17071505252623, 0.0 ], [ -64.827166947086283, -21.170520792286002, 0.0 ], [ -64.827219396313637, -21.170329297928465, 0.0 ], [ -64.827360543880843, -21.170181485890041, 0.0 ], [ -64.82750084079602, -21.170074816693901, 0.0 ], [ -64.827637698939157, -21.17001376749732, 0.0 ], [ -64.827797069079566, -21.169929977825685, 0.0 ], [ -64.827909493716859, -21.16988460663271, 0.0 ], [ -64.828016844566164, -21.16982551725518, 0.0 ], [ -64.828251023624105, -21.169622760283211, 0.0 ], [ -64.828315680173361, -21.169578022735863, 0.0 ], [ -64.828389313142736, -21.1695022659942, 0.0 ], [ -64.828447780498607, -21.169421614369394, 0.0 ], [ -64.828504186248793, -21.169353895425729, 0.0 ], [ -64.82857351750809, -21.16925807257569, 0.0 ], [ -64.82868540835706, -21.169084812937196, 0.0 ], [ -64.828746611716525, -21.169015025184571, 0.0 ], [ -64.828873756015682, -21.168928102162326, 0.0 ], [ -64.829024078290075, -21.168868645880927, 0.0 ], [ -64.829162344088616, -21.168839057893301, 0.0 ], [ -64.829285106420372, -21.1688417012648, 0.0 ], [ -64.82938358971667, -21.168851706401934, 0.0 ], [ -64.829544670530339, -21.168936728129466, 0.0 ], [ -64.829622704093495, -21.169054212574405, 0.0 ], [ -64.829695503795321, -21.169162025197931, 0.0 ], [ -64.829777384509413, -21.169255790432285, 0.0 ], [ -64.829852154256884, -21.169366865704067, 0.0 ], [ -64.829900758972741, -21.169540675227847, 0.0 ], [ -64.829897579392977, -21.169608467994987, 0.0 ], [ -64.82990489611521, -21.169635745052382, 0.0 ], [ -64.829927359001857, -21.169666571264823, 0.0 ], [ -64.829975739753252, -21.169719767523574, 0.0 ], [ -64.830032320675144, -21.169858430999646, 0.0 ], [ -64.830040333459038, -21.169990192165059, 0.0 ], [ -64.830009935906602, -21.17013540408335, 0.0 ], [ -64.830025520381582, -21.170242287643124, 0.0 ], [ -64.830051469127426, -21.170308801424461, 0.0 ], [ -64.83007043221923, -21.170331747099361, 0.0 ], [ -64.830123922612216, -21.170358179353261, 0.0 ], [ -64.830133904001215, -21.170408558599934, 0.0 ], [ -64.830208410708892, -21.170498728232705, 0.0 ], [ -64.830412882960928, -21.170625266515298, 0.0 ], [ -64.830600590522252, -21.170735105160666, 0.0 ], [ -64.830720915931124, -21.170859157999487, 0.0 ], [ -64.83086894818058, -21.170988936892776, 0.0 ], [ -64.830907938070908, -21.171019901007419, 0.0 ], [ -64.830988587707253, -21.17106583707794, 0.0 ], [ -64.831083972492593, -21.171101236626455, 0.0 ], [ -64.831187233577893, -21.171164205093085, 0.0 ], [ -64.831294355240999, -21.171266211473995, 0.0 ], [ -64.831354472339427, -21.171354998222331, 0.0 ], [ -64.831408191862167, -21.171413446100303, 0.0 ], [ -64.831432603868265, -21.171426637593591, 0.0 ], [ -64.831464180237731, -21.171433112934757, 0.0 ], [ -64.831515745619001, -21.171434459219586, 0.0 ], [ -64.831537803088111, -21.171427381228092, 0.0 ], [ -64.831539537668505, -21.1714252968126, 0.0 ], [ -64.831540097793564, -21.171423082413398, 0.0 ], [ -64.831537513668337, -21.17135804636273, 0.0 ], [ -64.831514206278896, -21.171264780282815, 0.0 ], [ -64.831533238752627, -21.171138951202977, 0.0 ], [ -64.83156267156771, -21.1710696439097, 0.0 ], [ -64.831577640424385, -21.171010603751615, 0.0 ], [ -64.831430358563878, -21.170970683401105, 0.0 ], [ -64.831170220994252, -21.170752711989373, 0.0 ], [ -64.831038415918471, -21.170664228214292, 0.0 ], [ -64.830938678713736, -21.170458097143918, 0.0 ], [ -64.830880714218935, -21.170279399179798, 0.0 ], [ -64.83085605628537, -21.169940207981398, 0.0 ], [ -64.83082482531502, -21.169815222138105, 0.0 ], [ -64.830843047609662, -21.169599656850043, 0.0 ], [ -64.830823690067476, -21.169471971917911, 0.0 ], [ -64.830787518982731, -21.169216745196739, 0.0 ], [ -64.830866505302467, -21.16905641131935, 0.0 ], [ -64.830881431677213, -21.168994455221402, 0.0 ], [ -64.830841331766166, -21.168913386117104, 0.0 ], [ -64.830749481874065, -21.168680677541722, 0.0 ], [ -64.830813629792118, -21.168478586662694, 0.0 ], [ -64.830790740557859, -21.168317100508972, 0.0 ], [ -64.830758363356225, -21.168210589404712, 0.0 ], [ -64.830686126947725, -21.168096611299447, 0.0 ], [ -64.830634913433201, -21.167964280073324, 0.0 ], [ -64.830589777126434, -21.167755502701208, 0.0 ], [ -64.8305653977975, -21.167529534826258, 0.0 ], [ -64.83054938129348, -21.16739801927659, 0.0 ], [ -64.830543913188549, -21.167246130672922, 0.0 ], [ -64.830581261534974, -21.167063389380566, 0.0 ], [ -64.830603333897145, -21.166859956662925, 0.0 ], [ -64.830639259587741, -21.166791216900407, 0.0 ], [ -64.830558207348048, -21.166813391846279, 0.0 ], [ -64.830408997931372, -21.166892016831294, 0.0 ], [ -64.830176112289834, -21.167012685094175, 0.0 ], [ -64.830075813273581, -21.167064654258393, 0.0 ], [ -64.830069110927255, -21.167068127024301, 0.0 ], [ -64.829814268306492, -21.167157577905069, 0.0 ], [ -64.829567431880704, -21.167237735257338, 0.0 ], [ -64.829384246187146, -21.167297222468008, 0.0 ], [ -64.82925656397731, -21.167241098302537, 0.0 ], [ -64.829111696132102, -21.16717741982222, 0.0 ], [ -64.828955423615142, -21.167076775517366, 0.0 ], [ -64.828877587354356, -21.167026646463299, 0.0 ], [ -64.828857919091007, -21.166986388384959, 0.0 ], [ -64.828853529691941, -21.166986742041999, 0.0 ], [ -64.828840159082034, -21.166950027767648, 0.0 ], [ -64.828793288356081, -21.166854118470038, 0.0 ], [ -64.828747601660709, -21.166614103601553, 0.0 ], [ -64.828827931644909, -21.166251750726328, 0.0 ], [ -64.828946993837562, -21.1659882483542, 0.0 ], [ -64.829224465687076, -21.16582043322472, 0.0 ], [ -64.829431800161402, -21.165691762604567, 0.0 ], [ -64.82965279934551, -21.165560399585885, 0.0 ], [ -64.829756370845118, -21.165484312152131, 0.0 ], [ -64.82992494452499, -21.165349425408493, 0.0 ], [ -64.830090304021013, -21.165258403088483, 0.0 ], [ -64.83035257856011, -21.16516290859515, 0.0 ], [ -64.830536427438474, -21.165078335144091, 0.0 ], [ -64.83067882408767, -21.165002416734744, 0.0 ], [ -64.83083697116227, -21.164921846006475, 0.0 ], [ -64.831017052795474, -21.164807317445231, 0.0 ], [ -64.831140163875659, -21.164717685488856, 0.0 ], [ -64.831321949207947, -21.164579439920349, 0.0 ], [ -64.831531614818644, -21.164514352517855, 0.0 ], [ -64.831695938911565, -21.164489410204514, 0.0 ], [ -64.831908232208946, -21.164454927850539, 0.0 ], [ -64.832089302977707, -21.164378076391372, 0.0 ], [ -64.832227988870812, -21.164276336434725, 0.0 ], [ -64.832363363589351, -21.164122705273545, 0.0 ], [ -64.832569202081203, -21.163844208557162, 0.0 ], [ -64.83270012893135, -21.163718523507036, 0.0 ], [ -64.832770714877981, -21.163613819764862, 0.0 ], [ -64.832808737037354, -21.163498722574488, 0.0 ], [ -64.832828380570689, -21.163328583721828, 0.0 ], [ -64.832867842081114, -21.163145544608291, 0.0 ], [ -64.83284571770794, -21.162943193129344, 0.0 ], [ -64.832834437232734, -21.162890940411511, 0.0 ], [ -64.832786405921439, -21.162793757772885, 0.0 ], [ -64.832725531057491, -21.162719422631206, 0.0 ], [ -64.832568039385237, -21.162469558938529, 0.0 ], [ -64.832479931299048, -21.162285318882596, 0.0 ], [ -64.832414346391047, -21.162042768689805, 0.0 ], [ -64.832428553094829, -21.161707240790687, 0.0 ], [ -64.832553607901858, -21.161465686533543, 0.0 ], [ -64.832557656820825, -21.161457865680319, 0.0 ], [ -64.832826181296525, -21.161158429888737, 0.0 ], [ -64.833149856744399, -21.161002213122291, 0.0 ], [ -64.833280045762649, -21.160961001548451, 0.0 ], [ -64.833370430860697, -21.160946607505089, 0.0 ], [ -64.833542192746535, -21.160892757294182, 0.0 ], [ -64.83356743186522, -21.160874663496458, 0.0 ], [ -64.833598128532131, -21.160832422099919, 0.0 ], [ -64.833610442863048, -21.160792191797793, 0.0 ], [ -64.833621225341744, -21.160690459113567, 0.0 ], [ -64.833679953505069, -21.160563317093555, 0.0 ], [ -64.833747967046278, -21.160467717220165, 0.0 ], [ -64.833790374426613, -21.160408402034058, 0.0 ], [ -64.833804581058203, -21.160359760447413, 0.0 ], [ -64.833806808635643, -21.16031228470403, 0.0 ], [ -64.833805491897536, -21.160205413896282, 0.0 ], [ -64.833792644742104, -21.160113925002339, 0.0 ], [ -64.833770208752583, -21.160066926182065, 0.0 ], [ -64.833724727681329, -21.160018833219151, 0.0 ], [ -64.833603915965838, -21.159894271533329, 0.0 ], [ -64.833328077988853, -21.159624588753505, 0.0 ], [ -64.833224470537289, -21.159549375586121, 0.0 ], [ -64.833100131457712, -21.159487494306703, 0.0 ], [ -64.832912777654457, -21.159247362956801, 0.0 ], [ -64.8327898928992, -21.159006414537522, 0.0 ], [ -64.832778854970499, -21.158824858289172, 0.0 ], [ -64.832775148621991, -21.158800903029185, 0.0 ], [ -64.832732217985694, -21.158798876222612, 0.0 ], [ -64.832610341884035, -21.158811691708912, 0.0 ], [ -64.832362634711231, -21.158792781305891, 0.0 ], [ -64.832153089282343, -21.158743284775486, 0.0 ], [ -64.832005089158031, -21.15866763122083, 0.0 ], [ -64.83178944997411, -21.158551462453413, 0.0 ], [ -64.831626340569755, -21.158432490092309, 0.0 ], [ -64.831463349880522, -21.15824582832613, 0.0 ], [ -64.831307549434385, -21.157989765783768, 0.0 ], [ -64.831121605349466, -21.157768974333287, 0.0 ], [ -64.831024843372617, -21.157701208346054, 0.0 ], [ -64.830764036598467, -21.157591244288394, 0.0 ], [ -64.830560649022601, -21.157593445277641, 0.0 ], [ -64.830235673002477, -21.157492569120425, 0.0 ], [ -64.830106803946464, -21.157389823780644, 0.0 ], [ -64.830047375435299, -21.157270087518292, 0.0 ], [ -64.830017307434957, -21.157184456031086, 0.0 ], [ -64.82999083244853, -21.157109057089947, 0.0 ], [ -64.829976452626425, -21.156974906950119, 0.0 ], [ -64.8300082984303, -21.15678511338708, 0.0 ], [ -64.830063142526726, -21.156532111314675, 0.0 ], [ -64.83004101331116, -21.156415856207438, 0.0 ], [ -64.82998819701028, -21.156160136755009, 0.0 ], [ -64.829907927730162, -21.155819594348554, 0.0 ], [ -64.829832856657148, -21.155657690294081, 0.0 ], [ -64.829718688892825, -21.155534949319247, 0.0 ], [ -64.829577306853196, -21.15514621683441, 0.0 ], [ -64.829537689441949, -21.154954429595914, 0.0 ], [ -64.829379297225159, -21.154696939537352, 0.0 ], [ -64.829016159670701, -21.154493213299837, 0.0 ], [ -64.828618776052764, -21.154371382427325, 0.0 ], [ -64.82829115083409, -21.154272851851559, 0.0 ], [ -64.828181419464244, -21.154226267034165, 0.0 ], [ -64.828097157478368, -21.154146960170014, 0.0 ], [ -64.828033006805555, -21.154029992651367, 0.0 ], [ -64.827937092737713, -21.153803862658609, 0.0 ], [ -64.827885425306931, -21.153641327116649, 0.0 ], [ -64.827849705606965, -21.153513568826217, 0.0 ], [ -64.82780834567393, -21.153432467864526, 0.0 ], [ -64.827732777256188, -21.153345912558059, 0.0 ], [ -64.827641394772272, -21.153236229828646, 0.0 ], [ -64.827496662439472, -21.153040866170997, 0.0 ], [ -64.827136388180307, -21.152753743073596, 0.0 ], [ -64.826869787493237, -21.15254760535522, 0.0 ], [ -64.82672421629438, -21.152369503933627, 0.0 ], [ -64.826678881828528, -21.15225677097942, 0.0 ], [ -64.826577757559519, -21.151902944841016, 0.0 ], [ -64.826590271001024, -21.151706864448819, 0.0 ], [ -64.826630593632473, -21.151576747619153, 0.0 ], [ -64.826679445218289, -21.151487716811456, 0.0 ], [ -64.826710170263084, -21.151412287078305, 0.0 ], [ -64.82672078648784, -21.151360042078782, 0.0 ], [ -64.826720901626871, -21.151313233044061, 0.0 ], [ -64.826706986350757, -21.151262623946945, 0.0 ], [ -64.826681509158988, -21.151221152765928, 0.0 ], [ -64.82661552265202, -21.151162551511117, 0.0 ], [ -64.826518586292252, -21.151138523085606, 0.0 ], [ -64.826455089401477, -21.151097951801173, 0.0 ], [ -64.82641966738808, -21.151057806344809, 0.0 ], [ -64.826383285584427, -21.150994512108444, 0.0 ], [ -64.826361355213251, -21.150920789208445, 0.0 ], [ -64.826349104335634, -21.150879605634646, 0.0 ], [ -64.826254511094959, -21.150653534135014, 0.0 ], [ -64.826247174215311, -21.15037378530732, 0.0 ], [ -64.826251118316364, -21.150315413624583, 0.0 ], [ -64.826256956099826, -21.150266330604659, 0.0 ], [ -64.826277890684736, -21.150090316251358, 0.0 ], [ -64.826285415431144, -21.150027049423333, 0.0 ], [ -64.82628963251021, -21.149991592901621, 0.0 ], [ -64.826456885745046, -21.14977090902493, 0.0 ], [ -64.826549992717815, -21.149645603785341, 0.0 ], [ -64.82661121282365, -21.149411982377035, 0.0 ], [ -64.826854542997893, -21.149169405135446, 0.0 ], [ -64.827118177485929, -21.149024281156581, 0.0 ], [ -64.827258333251734, -21.149008137671668, 0.0 ], [ -64.827326735573834, -21.148973921245023, 0.0 ], [ -64.827383978492222, -21.148945286978439, 0.0 ], [ -64.827431302657217, -21.148853886231262, 0.0 ], [ -64.827529362145583, -21.148716054661502, 0.0 ], [ -64.827589729375859, -21.148605379487339, 0.0 ], [ -64.827613669420813, -21.148512591017102, 0.0 ], [ -64.827589213059952, -21.148380735856318, 0.0 ], [ -64.827555849385888, -21.148130120280936, 0.0 ], [ -64.827580288038064, -21.147795120673038, 0.0 ], [ -64.82757288235733, -21.147604936507907, 0.0 ], [ -64.827627111371783, -21.147411873868684, 0.0 ], [ -64.827851208404212, -21.147202893802429, 0.0 ], [ -64.828034245094074, -21.147147887699393, 0.0 ], [ -64.828210938916897, -21.147141830570138, 0.0 ], [ -64.828236867385073, -21.147131074173085, 0.0 ], [ -64.828254669775035, -21.147109083863388, 0.0 ], [ -64.828276036973293, -21.14704039719037, 0.0 ], [ -64.828304840555731, -21.146930996716058, 0.0 ], [ -64.828292852354494, -21.146835883082634, 0.0 ], [ -64.828263699038274, -21.146731609401758, 0.0 ], [ -64.828238957462219, -21.146654345583162, 0.0 ], [ -64.828234714672362, -21.146641096048054, 0.0 ], [ -64.828220001329242, -21.146566800047658, 0.0 ], [ -64.828213739262466, -21.146457993346189, 0.0 ], [ -64.828224712298919, -21.146304045149609, 0.0 ], [ -64.828235977319139, -21.14612564669914, 0.0 ], [ -64.828291908063193, -21.145961984770857, 0.0 ], [ -64.828312689015249, -21.145830646265477, 0.0 ], [ -64.828359982906235, -21.145614616664332, 0.0 ], [ -64.828413933676728, -21.14553438724236, 0.0 ], [ -64.828542096329741, -21.1453971296052, 0.0 ], [ -64.828630308300674, -21.145260306246033, 0.0 ], [ -64.828753363297281, -21.145113736500505, 0.0 ], [ -64.828926197033113, -21.144906804877039, 0.0 ], [ -64.828962736135068, -21.144724521371721, 0.0 ], [ -64.828996154356119, -21.144605552953109, 0.0 ], [ -64.829002085783728, -21.144538970395946, 0.0 ], [ -64.828996838630886, -21.144446437578601, 0.0 ], [ -64.828991587253725, -21.144373005819965, 0.0 ], [ -64.828979017634097, -21.144272183014913, 0.0 ], [ -64.829005648218157, -21.144110864325871, 0.0 ], [ -64.829054652774531, -21.144040148378316, 0.0 ], [ -64.829057023956096, -21.143978589089688, 0.0 ], [ -64.829105411932957, -21.143773374255908, 0.0 ], [ -64.829272194535804, -21.143657606092042, 0.0 ], [ -64.829395811835965, -21.143635137708699, 0.0 ], [ -64.829443499116991, -21.143616641243277, 0.0 ], [ -64.829480007806339, -21.143560827681551, 0.0 ], [ -64.829516291794789, -21.143447994402738, 0.0 ], [ -64.829517746379935, -21.14340518114054, 0.0 ], [ -64.829504152508576, -21.143396889417318, 0.0 ], [ -64.829353932411749, -21.143320089443325, 0.0 ], [ -64.829333987554435, -21.143290904286424, 0.0 ], [ -64.829232377404807, -21.143142218702248, 0.0 ], [ -64.829096247145372, -21.142940787148614, 0.0 ], [ -64.829004470906739, -21.142787167946658, 0.0 ], [ -64.828957342454359, -21.142609637064915, 0.0 ], [ -64.828934551955228, -21.142380311621114, 0.0 ], [ -64.828974539809266, -21.142164040195908, 0.0 ], [ -64.829046520191639, -21.141890651095846, 0.0 ], [ -64.829152292482689, -21.141713621240999, 0.0 ], [ -64.829278850876449, -21.141569975027785, 0.0 ], [ -64.829464492510041, -21.141450949259344, 0.0 ], [ -64.829737202333916, -21.141280353820161, 0.0 ], [ -64.829917074769355, -21.141053182190145, 0.0 ], [ -64.829962479070147, -21.140925387984694, 0.0 ], [ -64.829995395435361, -21.140631252436613, 0.0 ], [ -64.830004007988151, -21.140416950322788, 0.0 ], [ -64.830002729908244, -21.140312893957585, 0.0 ], [ -64.830040528331239, -21.140183921086649, 0.0 ], [ -64.830103435194772, -21.140052083655661, 0.0 ], [ -64.830180508979453, -21.139930144684413, 0.0 ], [ -64.830187916541561, -21.139918425117266, 0.0 ], [ -64.830294579639997, -21.13983606910292, 0.0 ], [ -64.830414603309521, -21.139777921721969, 0.0 ], [ -64.830505770478311, -21.139761031360457, 0.0 ], [ -64.830557023561241, -21.139741693149688, 0.0 ], [ -64.830636717155315, -21.139683139941962, 0.0 ], [ -64.830813168268548, -21.139605109455012, 0.0 ], [ -64.830902702885425, -21.139576029710071, 0.0 ], [ -64.831046589702012, -21.139499510007337, 0.0 ], [ -64.831190988751217, -21.139465151739568, 0.0 ], [ -64.831295424444221, -21.139359163362769, 0.0 ], [ -64.831402319580164, -21.139321852511777, 0.0 ], [ -64.831448120258216, -21.139289731246802, 0.0 ], [ -64.831542615126651, -21.139178465365077, 0.0 ], [ -64.831620242945263, -21.139092734028633, 0.0 ], [ -64.831653120091261, -21.139023821344704, 0.0 ], [ -64.83166457656327, -21.138915748894473, 0.0 ], [ -64.831696245742435, -21.138819529093972, 0.0 ], [ -64.831682454843786, -21.138764326222617, 0.0 ], [ -64.831604196912892, -21.138621622767417, 0.0 ], [ -64.831572510277226, -21.138524694796327, 0.0 ], [ -64.831533263776805, -21.138323075772714, 0.0 ], [ -64.831530856763038, -21.138127247849859, 0.0 ], [ -64.831561043699992, -21.137976624120988, 0.0 ], [ -64.831656417336575, -21.137813171385577, 0.0 ], [ -64.831716587859816, -21.137710552897428, 0.0 ], [ -64.831754618346906, -21.137648549974834, 0.0 ], [ -64.831756459991013, -21.137565218301695, 0.0 ], [ -64.831739212863496, -21.137416016397296, 0.0 ], [ -64.831778414545866, -21.137226328074611, 0.0 ], [ -64.831838311660121, -21.137093738710874, 0.0 ], [ -64.831993687452908, -21.137001158780322, 0.0 ], [ -64.832015059791999, -21.136992869103061, 0.0 ], [ -64.832014277257557, -21.136929216885537, 0.0 ], [ -64.832055001162317, -21.136775521073108, 0.0 ], [ -64.832141185645952, -21.136669713540019, 0.0 ], [ -64.832168398436977, -21.136590069672973, 0.0 ], [ -64.832167992329531, -21.136557038550038, 0.0 ], [ -64.832166747035018, -21.136455750972768, 0.0 ], [ -64.832118949070875, -21.136329719997054, 0.0 ], [ -64.832094082222596, -21.136265968926754, 0.0 ], [ -64.832069313991397, -21.136220809285447, 0.0 ], [ -64.832015904729317, -21.136159631396296, 0.0 ], [ -64.831898065860258, -21.135972633095292, 0.0 ], [ -64.831881332974177, -21.135744171961303, 0.0 ], [ -64.831950804318424, -21.135582508643335, 0.0 ], [ -64.832037600408711, -21.135479509864439, 0.0 ], [ -64.832159043705403, -21.13529160142895, 0.0 ], [ -64.832243317925247, -21.135155067606586, 0.0 ], [ -64.832254001049648, -21.135098927011484, 0.0 ], [ -64.832260746741227, -21.135021410390944, 0.0 ], [ -64.832255222675997, -21.134990706963052, 0.0 ], [ -64.832232396472406, -21.134947197245161, 0.0 ], [ -64.832165458419723, -21.134835709954224, 0.0 ], [ -64.832094489855436, -21.13472885904671, 0.0 ], [ -64.8319475361576, -21.134602303987016, 0.0 ], [ -64.831878650245415, -21.134494910189094, 0.0 ], [ -64.831842159929337, -21.134373796607118, 0.0 ], [ -64.831827300178745, -21.134257438308264, 0.0 ], [ -64.831834282816587, -21.134169026451666, 0.0 ], [ -64.831828413632721, -21.134075925997074, 0.0 ], [ -64.831826371248326, -21.133909753563785, 0.0 ], [ -64.831832604848671, -21.133835983562019, 0.0 ], [ -64.831868051449646, -21.133706065793476, 0.0 ], [ -64.83191429976678, -21.133623252602433, 0.0 ], [ -64.831945420599865, -21.133537954868476, 0.0 ], [ -64.832039653381344, -21.133334474334582, 0.0 ], [ -64.832129731159753, -21.133215512917552, 0.0 ], [ -64.832228265242065, -21.133144025521847, 0.0 ], [ -64.832273686724108, -21.133125935041196, 0.0 ], [ -64.832277494652388, -21.133092224103152, 0.0 ], [ -64.832277289085326, -21.132883013891441, 0.0 ], [ -64.832272147348007, -21.132857403109792, 0.0 ], [ -64.832247457851679, -21.132790485251938, 0.0 ], [ -64.832227626435696, -21.132675511198691, 0.0 ], [ -64.832245025863074, -21.132534928496661, 0.0 ], [ -64.832311196827277, -21.1323578659077, 0.0 ], [ -64.832382049386567, -21.132214650883757, 0.0 ], [ -64.832427213995473, -21.132087515419375, 0.0 ], [ -64.832423915756138, -21.131969184085463, 0.0 ], [ -64.832415526501279, -21.131821298923292, 0.0 ], [ -64.832410163689815, -21.131665876263902, 0.0 ], [ -64.832415108128131, -21.131524928851295, 0.0 ], [ -64.83241407656692, -21.131441014958682, 0.0 ], [ -64.832398152577312, -21.13138601038132, 0.0 ], [ -64.832391051797487, -21.131368853133299, 0.0 ], [ -64.832372599319385, -21.131347715452947, 0.0 ], [ -64.832194791224239, -21.131173056164958, 0.0 ], [ -64.832081252505532, -21.131077188054338, 0.0 ], [ -64.831966829080244, -21.131002848331217, 0.0 ], [ -64.831897203164559, -21.130922038361973, 0.0 ], [ -64.831808053059518, -21.130802346958344, 0.0 ], [ -64.831818478739464, -21.130672535474375, 0.0 ], [ -64.831825902738117, -21.130590740230243, 0.0 ], [ -64.831819371054607, -21.130529403653103, 0.0 ], [ -64.831813513392262, -21.130518059513427, 0.0 ], [ -64.83172906942066, -21.130414920790507, 0.0 ], [ -64.831653587921963, -21.130234837514866, 0.0 ], [ -64.831606364048668, -21.130097319286417, 0.0 ], [ -64.831572515045551, -21.129982716160701, 0.0 ], [ -64.831535819144534, -21.129800856691137, 0.0 ], [ -64.831458682920839, -21.129624180012474, 0.0 ], [ -64.831457351718655, -21.12951582400169, 0.0 ], [ -64.831455398355828, -21.129356824666058, 0.0 ], [ -64.831544205432124, -21.129185265556082, 0.0 ], [ -64.831653376393248, -21.129084062766587, 0.0 ], [ -64.831742628840416, -21.128981844286869, 0.0 ], [ -64.831898335123412, -21.128860325265716, 0.0 ], [ -64.831962883189505, -21.128784009637219, 0.0 ], [ -64.832041192355035, -21.128651915699201, 0.0 ], [ -64.832095629548689, -21.12852523729422, 0.0 ], [ -64.832122992841377, -21.128404663002435, 0.0 ], [ -64.832156484340629, -21.128315811684601, 0.0 ], [ -64.832167456011831, -21.128249330756809, 0.0 ], [ -64.832185269934513, -21.128216508781467, 0.0 ], [ -64.832177511286048, -21.128189512765317, 0.0 ], [ -64.832133131847812, -21.128117438253678, 0.0 ], [ -64.831986423270607, -21.127930513334917, 0.0 ], [ -64.831913325820906, -21.127843448165592, 0.0 ], [ -64.831764023469134, -21.1275986220687, 0.0 ], [ -64.831689329811084, -21.1275041560042, 0.0 ], [ -64.831641220946565, -21.12740719495061, 0.0 ], [ -64.831532895880102, -21.127263949009308, 0.0 ], [ -64.831486229256214, -21.127209932456864, 0.0 ], [ -64.831406742578437, -21.127153758067085, 0.0 ], [ -64.831302084695082, -21.127116868325704, 0.0 ], [ -64.83111946749581, -21.127030262560186, 0.0 ], [ -64.831005797525634, -21.126960926588637, 0.0 ], [ -64.830930158618557, -21.126888271073994, 0.0 ], [ -64.830832127966929, -21.126815718480518, 0.0 ], [ -64.830722020040369, -21.126666725130431, 0.0 ], [ -64.830684143465234, -21.126521969188389, 0.0 ], [ -64.830690052162623, -21.126408912226918, 0.0 ], [ -64.830678557420086, -21.126309434333514, 0.0 ], [ -64.830697535582829, -21.126121474887963, 0.0 ], [ -64.830752142790459, -21.126004453030962, 0.0 ], [ -64.830800903356675, -21.125886140450177, 0.0 ], [ -64.830862927350253, -21.12582233397368, 0.0 ], [ -64.83089999945642, -21.125776227308439, 0.0 ], [ -64.83091021164546, -21.125753142020763, 0.0 ], [ -64.83091087486784, -21.125746083508673, 0.0 ], [ -64.830907017573381, -21.125733383654232, 0.0 ], [ -64.830866672441829, -21.125679215448592, 0.0 ], [ -64.830834342203559, -21.125620259398605, 0.0 ], [ -64.830782547640908, -21.125525803606632, 0.0 ], [ -64.830764894215349, -21.12544029896943, 0.0 ], [ -64.830747122053182, -21.125376718272069, 0.0 ], [ -64.830746120421907, -21.125295138722553, 0.0 ], [ -64.830748652562107, -21.125191678701459, 0.0 ], [ -64.83081139605288, -21.125080884123765, 0.0 ], [ -64.830861300226047, -21.125043033184461, 0.0 ], [ -64.830863165672213, -21.125039728956565, 0.0 ], [ -64.830864844575018, -21.12502954249516, 0.0 ], [ -64.83086372950568, -21.124938727970203, 0.0 ], [ -64.83087951179786, -21.124877254852645, 0.0 ], [ -64.830917550847332, -21.124807918978565, 0.0 ], [ -64.830975587352881, -21.124752438905983, 0.0 ], [ -64.831069087999822, -21.124712231640533, 0.0 ], [ -64.83113365816412, -21.124698327796459, 0.0 ], [ -64.831166655583928, -21.124678990153992, 0.0 ], [ -64.831193396046729, -21.124653316407798, 0.0 ], [ -64.83122107637972, -21.124597571034144, 0.0 ], [ -64.831279294705681, -21.124492245385213, 0.0 ], [ -64.831357851577451, -21.124384895212007, 0.0 ], [ -64.83148224926623, -21.124276644714623, 0.0 ], [ -64.831577246701514, -21.124208173190503, 0.0 ], [ -64.83168563447768, -21.12417451817684, 0.0 ], [ -64.831746076940533, -21.12416189705003, 0.0 ], [ -64.831832839955737, -21.124132771454203, 0.0 ], [ -64.831938070560511, -21.124099773642428, 0.0 ], [ -64.832048238429309, -21.124080722082521, 0.0 ], [ -64.832184146899195, -21.124061510344983, 0.0 ], [ -64.83229049364347, -21.12406357991977, 0.0 ], [ -64.832372418473497, -21.12405569744401, 0.0 ], [ -64.832392252810706, -21.124050163889791, 0.0 ], [ -64.832398208061619, -21.124023094469894, 0.0 ], [ -64.832465148618752, -21.123958029417828, 0.0 ], [ -64.832532011913713, -21.123915194916258, 0.0 ], [ -64.832609128229564, -21.123902605354456, 0.0 ], [ -64.832654701592958, -21.12390211228125, 0.0 ], [ -64.8326817203925, -21.123899431870242, 0.0 ], [ -64.832695426900884, -21.12387708183342, 0.0 ], [ -64.832745242423314, -21.12382026399554, 0.0 ], [ -64.832764945736173, -21.123784963011332, 0.0 ], [ -64.832841560027134, -21.123683682930999, 0.0 ], [ -64.832921245702238, -21.12363258338917, 0.0 ], [ -64.833036515824901, -21.123600288275263, 0.0 ], [ -64.833051722262539, -21.123603173847176, 0.0 ], [ -64.83306791649153, -21.123550313622797, 0.0 ], [ -64.833153300453517, -21.123462464042277, 0.0 ], [ -64.833165337085092, -21.123433802369615, 0.0 ], [ -64.833200842884693, -21.123369310279053, 0.0 ], [ -64.833258406159629, -21.123308182353764, 0.0 ], [ -64.833303943979956, -21.123277173747862, 0.0 ], [ -64.833372967042862, -21.123251502696217, 0.0 ], [ -64.833424036411543, -21.12324205515965, 0.0 ], [ -64.833438819195607, -21.123240159190196, 0.0 ], [ -64.83344958703762, -21.123235770471492, 0.0 ], [ -64.833506156900313, -21.123194777578199, 0.0 ], [ -64.833564694310624, -21.123123328004393, 0.0 ], [ -64.833647596576625, -21.123030741553265, 0.0 ], [ -64.83368116493412, -21.123001527937234, 0.0 ], [ -64.83368569650851, -21.12299843868762, 0.0 ], [ -64.833685463880045, -21.122996664597789, 0.0 ], [ -64.833689093835744, -21.122943736213543, 0.0 ], [ -64.833703492418479, -21.122879440007466, 0.0 ], [ -64.833729587912458, -21.12282791497281, 0.0 ], [ -64.83375815022687, -21.122773855927925, 0.0 ], [ -64.833796285085583, -21.122712226438111, 0.0 ], [ -64.833841557867174, -21.122651547516028, 0.0 ], [ -64.833884836216484, -21.122608649933319, 0.0 ], [ -64.833887044894254, -21.122606649805004, 0.0 ], [ -64.833901282875956, -21.12257525192782, 0.0 ], [ -64.833903223914618, -21.122566204263794, 0.0 ], [ -64.833903331728948, -21.122553366719981, 0.0 ], [ -64.833902146914767, -21.122513614959676, 0.0 ], [ -64.833893189801273, -21.122484263773117, 0.0 ], [ -64.833883110272239, -21.122462661607749, 0.0 ], [ -64.83386998496546, -21.122440115145292, 0.0 ], [ -64.833830067583364, -21.122386917568633, 0.0 ], [ -64.833788182381923, -21.1223037159737, 0.0 ], [ -64.833725435869425, -21.122181798421455, 0.0 ], [ -64.83371318634795, -21.122030761263701, 0.0 ], [ -64.833740561342879, -21.1219367517809, 0.0 ], [ -64.833783619271259, -21.121814330143128, 0.0 ], [ -64.833838247385742, -21.121719514408998, 0.0 ], [ -64.833877502987647, -21.121653935700795, 0.0 ], [ -64.833908806935668, -21.121565540449417, 0.0 ], [ -64.833939232167765, -21.121457198348107, 0.0 ], [ -64.833945556936413, -21.121401183427849, 0.0 ], [ -64.83394971154172, -21.121312568164516, 0.0 ], [ -64.833972337310257, -21.12122619520202, 0.0 ], [ -64.833995058094416, -21.121154595868884, 0.0 ], [ -64.834016574876387, -21.121100237338887, 0.0 ], [ -64.834081426950178, -21.121017123900685, 0.0 ], [ -64.834109186452622, -21.120960281694632, 0.0 ], [ -64.834129011614621, -21.12090887689104, 0.0 ], [ -64.834143768539207, -21.120878128207558, 0.0 ], [ -64.834373021907354, -21.120765811450486, 0.0 ], [ -64.834412837325232, -21.120757602797521, 0.0 ], [ -64.834484187125753, -21.120724303882501, 0.0 ], [ -64.834560455650987, -21.120689896726944, 0.0 ], [ -64.83458122763075, -21.120642545154926, 0.0 ], [ -64.834579819589905, -21.120575030337548, 0.0 ], [ -64.834567929816302, -21.120553144333165, 0.0 ], [ -64.834572805910227, -21.120389314835428, 0.0 ], [ -64.834564323231575, -21.12015021854851, 0.0 ], [ -64.834412577165082, -21.119896203618303, 0.0 ], [ -64.833841755276211, -21.118798403350798, 0.0 ], [ -64.833492089271004, -21.118764882723447, 0.0 ], [ -64.833489183780983, -21.118761092696822, 0.0 ], [ -64.833459277064264, -21.118737998893153, 0.0 ], [ -64.833426561030038, -21.11872152257763, 0.0 ], [ -64.83294473404942, -21.118366517080823, 0.0 ], [ -64.832080691367281, -21.118062621282103, 0.0 ], [ -64.832045649791965, -21.118035860610714, 0.0 ], [ -64.832035185050771, -21.118033630848473, 0.0 ], [ -64.831075407120252, -21.117422199943931, 0.0 ], [ -64.829503897216568, -21.116653841783265, 0.0 ], [ -64.829445268629726, -21.116578673910855, 0.0 ], [ -64.829413251449282, -21.116547763155907, 0.0 ], [ -64.829308930490186, -21.116475442338395, 0.0 ], [ -64.829210946049628, -21.116405613638957, 0.0 ], [ -64.829165102875564, -21.116378740411957, 0.0 ], [ -64.829079602913595, -21.116342252495304, 0.0 ], [ -64.828949217835657, -21.116284559377977, 0.0 ], [ -64.828876459625704, -21.116154165320992, 0.0 ], [ -64.828722686009343, -21.115873695850951, 0.0 ], [ -64.828706390630273, -21.115420452416707, 0.0 ], [ -64.82874600441184, -21.115147971839452, 0.0 ], [ -64.828689851353644, -21.114947058269596, 0.0 ], [ -64.828719962077614, -21.114775441409659, 0.0 ], [ -64.828856081296038, -21.114491844855049, 0.0 ], [ -64.829225585552578, -21.114101391085256, 0.0 ], [ -64.829310011389538, -21.114096306847447, 0.0 ], [ -64.829420956087858, -21.114051518399766, 0.0 ], [ -64.829505640470927, -21.113958567970123, 0.0 ], [ -64.829670180624717, -21.113829251913682, 0.0 ], [ -64.829772768605721, -21.113730746598009, 0.0 ], [ -64.830006346015068, -21.113552770405072, 0.0 ], [ -64.83024161062589, -21.113442387225639, 0.0 ], [ -64.83040217516475, -21.113410442374711, 0.0 ], [ -64.830464573353325, -21.113414855223525, 0.0 ], [ -64.830523645198213, -21.11340603042186, 0.0 ], [ -64.831043517380223, -21.113359861422133, 0.0 ], [ -64.831439302666567, -21.112826633623385, 0.0 ], [ -64.831997814708387, -21.111779546499385, 0.0 ], [ -64.832626331258055, -21.11087262852427, 0.0 ], [ -64.83289938029435, -21.110667844630921, 0.0 ], [ -64.833024521117522, -21.11041011272459, 0.0 ], [ -64.833157007508646, -21.110271312541325, 0.0 ], [ -64.833373121076846, -21.109952022703403, 0.0 ], [ -64.833510713916013, -21.109763707355853, 0.0 ], [ -64.833519854097503, -21.109729521207885, 0.0 ], [ -64.833541225572517, -21.109649587467292, 0.0 ], [ -64.833544163105984, -21.109414244638039, 0.0 ], [ -64.833583719185498, -21.109187674104827, 0.0 ], [ -64.833650156901371, -21.108925475608686, 0.0 ], [ -64.833656384212333, -21.108810847099058, 0.0 ], [ -64.833649060703181, -21.108465012895696, 0.0 ], [ -64.833701640436331, -21.108136839525731, 0.0 ], [ -64.833681608091339, -21.107817818156349, 0.0 ], [ -64.83377972904411, -21.107541561624878, 0.0 ], [ -64.833895860354289, -21.107280347307189, 0.0 ], [ -64.83400049721169, -21.107157956686589, 0.0 ], [ -64.834306792140339, -21.106985465836349, 0.0 ], [ -64.834723978720064, -21.10666694563545, 0.0 ], [ -64.835197120732602, -21.106379317150221, 0.0 ], [ -64.834888752383279, -21.106080119761142, 0.0 ], [ -64.83467806504207, -21.105668908043143, 0.0 ], [ -64.834471912683028, -21.105285212811868, 0.0 ], [ -64.834247721507538, -21.104799322928116, 0.0 ], [ -64.834201259386489, -21.104433589086174, 0.0 ], [ -64.834168210755863, -21.104134657693258, 0.0 ], [ -64.834179720931658, -21.103705288690097, 0.0 ], [ -64.834268695714087, -21.103432601068899, 0.0 ], [ -64.83436977026669, -21.103120404394421, 0.0 ], [ -64.834662651729658, -21.102707680408002, 0.0 ], [ -64.835121008377698, -21.102442808364984, 0.0 ], [ -64.835396050819114, -21.102286249240986, 0.0 ], [ -64.8356458689654, -21.102126023041862, 0.0 ], [ -64.835748389989448, -21.101969322652344, 0.0 ], [ -64.835861785591462, -21.101787238103746, 0.0 ], [ -64.835996276484167, -21.101614222658057, 0.0 ], [ -64.836024146379259, -21.101491843217669, 0.0 ], [ -64.836033925337517, -21.10126332952311, 0.0 ], [ -64.835985058383471, -21.101043329632912, 0.0 ], [ -64.835953072767822, -21.100831023780216, 0.0 ], [ -64.835909662781035, -21.10071335423989, 0.0 ], [ -64.835906902903758, -21.100488915199403, 0.0 ], [ -64.83593196810827, -21.10030329459428, 0.0 ], [ -64.836016544984275, -21.100164881491779, 0.0 ], [ -64.836151170903079, -21.100043428690274, 0.0 ], [ -64.836269306715749, -21.099960488357812, 0.0 ], [ -64.836520045073343, -21.099844315073465, 0.0 ], [ -64.836804587014456, -21.099778224804282, 0.0 ], [ -64.837009602139361, -21.099728746816769, 0.0 ], [ -64.837119154512592, -21.099674641720405, 0.0 ], [ -64.837220831916895, -21.099566959605692, 0.0 ], [ -64.837272333357532, -21.099448679208635, 0.0 ], [ -64.837389158389087, -21.099257123558061, 0.0 ], [ -64.837528597213591, -21.099087857790913, 0.0 ], [ -64.837749901048696, -21.098852679060474, 0.0 ], [ -64.83785269609713, -21.098745721523379, 0.0 ], [ -64.837968039091081, -21.098605024970489, 0.0 ], [ -64.838113648410157, -21.098443300519904, 0.0 ], [ -64.838181856304928, -21.098302516910969, 0.0 ], [ -64.838214202261724, -21.098123374477954, 0.0 ], [ -64.838285949365471, -21.09773476675716, 0.0 ], [ -64.838289845947813, -21.097713661441627, 0.0 ], [ -64.838381547099914, -21.097554455953968, 0.0 ], [ -64.838490984540286, -21.097364457421509, 0.0 ], [ -64.838498274877864, -21.097110065823351, 0.0 ], [ -64.838400701059086, -21.096845553624242, 0.0 ], [ -64.838372000326586, -21.096778996805298, 0.0 ], [ -64.838333724501425, -21.096690235295391, 0.0 ], [ -64.838209250575403, -21.096562679847864, 0.0 ], [ -64.838192038067717, -21.096338977493694, 0.0 ], [ -64.838217363198396, -21.096046968636525, 0.0 ], [ -64.838178047539486, -21.095789583196026, 0.0 ], [ -64.838103090469588, -21.095573291662095, 0.0 ], [ -64.838031887971539, -21.095483910179031, 0.0 ], [ -64.837904829907714, -21.095324412065658, 0.0 ], [ -64.837763148893103, -21.094973152748651, 0.0 ], [ -64.837587577945214, -21.094805441964613, 0.0 ], [ -64.837163820763081, -21.094443670494542, 0.0 ], [ -64.836763435285107, -21.094234097247149, 0.0 ], [ -64.836095901000562, -21.094036518245371, 0.0 ], [ -64.835507130855902, -21.093975124282615, 0.0 ], [ -64.834949497807841, -21.09394977620568, 0.0 ], [ -64.834430728358029, -21.093864291088714, 0.0 ], [ -64.834021501646248, -21.093868717393971, 0.0 ], [ -64.833532700103632, -21.093881779743928, 0.0 ], [ -64.833307379639862, -21.093917332892978, 0.0 ], [ -64.833016080408157, -21.094003309807288, 0.0 ], [ -64.832803295396531, -21.094091730783752, 0.0 ], [ -64.832593340701237, -21.094205569769212, 0.0 ], [ -64.832139698197381, -21.094486230700163, 0.0 ], [ -64.831687006819848, -21.094747827919598, 0.0 ], [ -64.830954570639619, -21.095073868520856, 0.0 ], [ -64.830405919647774, -21.095180769740846, 0.0 ], [ -64.829974680571311, -21.095230455493834, 0.0 ], [ -64.82942052296093, -21.095202539205793, 0.0 ], [ -64.828622369294038, -21.095034749163762, 0.0 ], [ -64.82795023576135, -21.094970862560217, 0.0 ], [ -64.827051970619578, -21.094833297948131, 0.0 ], [ -64.826541484090967, -21.094717237597191, 0.0 ], [ -64.825712043027053, -21.094654824937223, 0.0 ], [ -64.824889520486948, -21.094634558923623, 0.0 ], [ -64.823779584685724, -21.094646499853749, 0.0 ], [ -64.823046491501486, -21.094747702679392, 0.0 ], [ -64.822497278259334, -21.094834756345708, 0.0 ], [ -64.821729739538057, -21.094948237173639, 0.0 ], [ -64.821257572647411, -21.0949844337567, 0.0 ], [ -64.820680253609339, -21.094981324768042, 0.0 ], [ -64.820126095469803, -21.094910914165812, 0.0 ], [ -64.819605092007947, -21.094758744616282, 0.0 ], [ -64.819139303449106, -21.094721345137184, 0.0 ], [ -64.818637687388659, -21.094744668802974, 0.0 ], [ -64.818157875372961, -21.094781363252551, 0.0 ], [ -64.817628121648468, -21.094878465840932, 0.0 ], [ -64.817575792010359, -21.094887776074277, 0.0 ], [ -64.817182089968625, -21.094957821068707, 0.0 ], [ -64.816678383418051, -21.095063469666609, 0.0 ], [ -64.81633410233907, -21.09516355250933, 0.0 ], [ -64.815515586117385, -21.095489935694022, 0.0 ], [ -64.814892949237247, -21.095727854987416, 0.0 ], [ -64.814146513018741, -21.095957878406374, 0.0 ], [ -64.813442229485773, -21.096046634519769, 0.0 ], [ -64.813267308313669, -21.096051324068029, 0.0 ], [ -64.812992751579017, -21.096058685579514, 0.0 ], [ -64.811963249397067, -21.095938310428586, 0.0 ], [ -64.811142696435184, -21.095705892174205, 0.0 ], [ -64.809812991991663, -21.095873570484532, 0.0 ], [ -64.807990159043797, -21.096744191453464, 0.0 ], [ -64.807116464313381, -21.097273533864524, 0.0 ], [ -64.806265857356223, -21.097788880504606, 0.0 ], [ -64.804503897645304, -21.098381168977962, 0.0 ], [ -64.803122033597461, -21.098486427053665, 0.0 ], [ -64.801681964517812, -21.09838920963556, 0.0 ], [ -64.801576809492659, -21.098382110252885, 0.0 ], [ -64.79950790020186, -21.097646281917982, 0.0 ], [ -64.799182517242571, -21.097528811482331, 0.0 ], [ -64.797951785719462, -21.09651888612645, 0.0 ], [ -64.797086168850399, -21.094083015345955, 0.0 ], [ -64.797030404050645, -21.092121530345882, 0.0 ], [ -64.797226839861139, -21.08973477228998, 0.0 ], [ -64.7971799039438, -21.08870663051685, 0.0 ], [ -64.796405420301681, -21.087744773894105, 0.0 ], [ -64.795554351224098, -21.086552756530359, 0.0 ], [ -64.794399419370777, -21.084647950016791, 0.0 ], [ -64.793494460520662, -21.083063844984402, 0.0 ], [ -64.792788631569962, -21.081714426638527, 0.0 ], [ -64.79243924134316, -21.081162230319027, 0.0 ], [ -64.791966913961332, -21.080376634443446, 0.0 ], [ -64.791353166373867, -21.079746065901702, 0.0 ], [ -64.791202108226884, -21.079419661012349, 0.0 ], [ -64.790920660129757, -21.078956526993121, 0.0 ], [ -64.790742269706442, -21.078651449811449, 0.0 ], [ -64.790633238345876, -21.078186495447238, 0.0 ], [ -64.790562563385294, -21.077468663400133, 0.0 ], [ -64.790687391922233, -21.076661372931376, 0.0 ], [ -64.790807370111565, -21.075944607147584, 0.0 ], [ -64.791089597073039, -21.074826696533005, 0.0 ], [ -64.791258823657174, -21.07427141089439, 0.0 ], [ -64.791355173627323, -21.073678051975008, 0.0 ], [ -64.791410492879464, -21.073114257896506, 0.0 ], [ -64.791392005406408, -21.072434717444722, 0.0 ], [ -64.791570759934672, -21.071811356830231, 0.0 ], [ -64.791811228674646, -21.071158213692293, 0.0 ], [ -64.791918849620274, -21.070642420320691, 0.0 ], [ -64.791856010614623, -21.070184274828431, 0.0 ], [ -64.791732643467427, -21.06978014985318, 0.0 ], [ -64.791605430128556, -21.069524163964079, 0.0 ], [ -64.791518489379399, -21.069175502636757, 0.0 ], [ -64.791286032801167, -21.068770114160209, 0.0 ], [ -64.791115641885085, -21.068364069491665, 0.0 ], [ -64.79086308073704, -21.06800744541502, 0.0 ], [ -64.790684673789897, -21.067795695956509, 0.0 ], [ -64.790558219708331, -21.067602818599607, 0.0 ], [ -64.790201872106579, -21.067218156207424, 0.0 ], [ -64.789834136518735, -21.066746217507006, 0.0 ], [ -64.789685950681942, -21.066466174777574, 0.0 ], [ -64.789390975597954, -21.066022599640874, 0.0 ], [ -64.789377030728716, -21.065721720305813, 0.0 ], [ -64.789300208779238, -21.065353529366682, 0.0 ], [ -64.789069158310511, -21.065064648626215, 0.0 ], [ -64.78869313847305, -21.064821747363116, 0.0 ], [ -64.788578477631987, -21.064443874545134, 0.0 ], [ -64.788459665773487, -21.064102661343309, 0.0 ], [ -64.788033440502744, -21.063766840013841, 0.0 ], [ -64.787728220310129, -21.063571898208878, 0.0 ], [ -64.78740990373575, -21.063433094830799, 0.0 ], [ -64.786909946230253, -21.063455588405095, 0.0 ], [ -64.786374306919186, -21.063564610562022, 0.0 ], [ -64.785570415608149, -21.063499835682649, 0.0 ], [ -64.784759146437779, -21.063585904502965, 0.0 ], [ -64.783849253247126, -21.06348346630536, 0.0 ], [ -64.782697291109812, -21.06347833478274, 0.0 ], [ -64.781879685506965, -21.063417993789706, 0.0 ], [ -64.781230553916714, -21.063246033919778, 0.0 ], [ -64.780876661876803, -21.063202360925555, 0.0 ], [ -64.780134656891818, -21.062938754290673, 0.0 ], [ -64.779614824931883, -21.062648040022523, 0.0 ], [ -64.779470278991838, -21.062534526498673, 0.0 ], [ -64.779394474051514, -21.062478893289477, 0.0 ], [ -64.779395851488601, -21.062477313551291, 0.0 ], [ -64.779397981054473, -21.062475137926118, 0.0 ], [ -64.779200574399169, -21.062345460184709, 0.0 ], [ -64.779043874483833, -21.062270106048864, 0.0 ], [ -64.778991356787117, -21.062253475487164, 0.0 ], [ -64.778943695528341, -21.062238382775874, 0.0 ], [ -64.778640627034179, -21.061988286741581, 0.0 ], [ -64.778180487990795, -21.061527530095447, 0.0 ], [ -64.777890475283655, -21.060890399327516, 0.0 ], [ -64.777707970070708, -21.060604557978916, 0.0 ], [ -64.777451471384978, -21.060085694218198, 0.0 ], [ -64.777418575884951, -21.060019150547674, 0.0 ], [ -64.777103245673217, -21.059569806982942, 0.0 ], [ -64.776837283397583, -21.059216940835732, 0.0 ], [ -64.776488514993346, -21.058852008870797, 0.0 ], [ -64.776127200783208, -21.058590668281063, 0.0 ], [ -64.775736225915352, -21.05815181177724, 0.0 ], [ -64.775469502344734, -21.057734288468069, 0.0 ], [ -64.775251915481476, -21.057393846990244, 0.0 ], [ -64.775090352297127, -21.057130415595765, 0.0 ], [ -64.774910537201478, -21.0568168311516, 0.0 ], [ -64.77478745378157, -21.056558954951765, 0.0 ], [ -64.774737311692334, -21.056480734011252, 0.0 ], [ -64.774694354552395, -21.056403895791856, 0.0 ], [ -64.774658434928753, -21.056324771995744, 0.0 ], [ -64.774626135795103, -21.056240424883622, 0.0 ], [ -64.774545687595904, -21.05611234341189, 0.0 ], [ -64.774456395371018, -21.055970181052754, 0.0 ], [ -64.774065433641567, -21.055256158271181, 0.0 ], [ -64.774044956109336, -21.055218759431291, 0.0 ], [ -64.773846565864332, -21.054155073164544, 0.0 ], [ -64.77373498529478, -21.053448962409536, 0.0 ], [ -64.773851590627487, -21.05283735506131, 0.0 ], [ -64.773998810132881, -21.052196362689404, 0.0 ], [ -64.774361939299482, -21.051485292801345, 0.0 ], [ -64.774644001114524, -21.050901023664526, 0.0 ], [ -64.774916775636953, -21.050404049568801, 0.0 ], [ -64.775210760795332, -21.049955295793247, 0.0 ], [ -64.775638784398978, -21.049495453383365, 0.0 ], [ -64.775945499965786, -21.049250029178502, 0.0 ], [ -64.776075287334763, -21.048880500894938, 0.0 ], [ -64.77620507317684, -21.048510973455542, 0.0 ], [ -64.776364496017663, -21.048029714738519, 0.0 ], [ -64.776448769723345, -21.047945300258352, 0.0 ], [ -64.77659908583928, -21.047794732723528, 0.0 ], [ -64.776875756904914, -21.047627130612668, 0.0 ], [ -64.777047737787569, -21.04733467066038, 0.0 ], [ -64.777218684056464, -21.04695502306614, 0.0 ], [ -64.777390318568834, -21.046633500349841, 0.0 ], [ -64.777604150259407, -21.046389045302707, 0.0 ], [ -64.777967002250776, -21.046014579300707, 0.0 ], [ -64.778011978502974, -21.045968163292251, 0.0 ], [ -64.778410866544547, -21.04566363839357, 0.0 ], [ -64.778864239153236, -21.045349810630139, 0.0 ], [ -64.779279666491021, -21.045134730547687, 0.0 ], [ -64.779703522876147, -21.044977694295635, 0.0 ], [ -64.779949198587175, -21.04480799074269, 0.0 ], [ -64.780162880474904, -21.044551423838293, 0.0 ], [ -64.780306042212786, -21.044222930433463, 0.0 ], [ -64.780221676668489, -21.043950449622148, 0.0 ], [ -64.780446662863255, -21.043029746767566, 0.0 ], [ -64.780681312334494, -21.04258402923843, 0.0 ], [ -64.780884012601916, -21.04245176510376, 0.0 ], [ -64.781047269224572, -21.042115136536594, 0.0 ], [ -64.780974505059206, -21.041854304494596, 0.0 ], [ -64.781014719576063, -21.041330692667021, 0.0 ], [ -64.780992328993477, -21.040749605713994, 0.0 ], [ -64.781008461907504, -21.040153581023567, 0.0 ], [ -64.781055767513863, -21.039575396351598, 0.0 ], [ -64.781191876395752, -21.039305108519486, 0.0 ], [ -64.781295851243243, -21.038936251447858, 0.0 ], [ -64.781300700166113, -21.038186941431061, 0.0 ], [ -64.781075804595204, -21.037788831386713, 0.0 ], [ -64.780875509771178, -21.037145017258595, 0.0 ], [ -64.780831053629029, -21.036600045780332, 0.0 ], [ -64.780919336297174, -21.03603419611451, 0.0 ], [ -64.780883076069628, -21.035648048428904, 0.0 ], [ -64.78058174562014, -21.035155189456294, 0.0 ], [ -64.780540578630948, -21.035034999090499, 0.0 ], [ -64.780437342662097, -21.034842525368425, 0.0 ], [ -64.78028405770182, -21.034476439259663, 0.0 ], [ -64.780129537186454, -21.034161598303744, 0.0 ], [ -64.780018742354869, -21.033966521697518, 0.0 ], [ -64.779945320084778, -21.033822285160806, 0.0 ], [ -64.779938020290146, -21.033672177936324, 0.0 ], [ -64.780013943816883, -21.033562628816412, 0.0 ], [ -64.780121923704428, -21.03352081358307, 0.0 ], [ -64.780164780686135, -21.033381046113778, 0.0 ], [ -64.780086975763268, -21.033209708778077, 0.0 ], [ -64.780140407124449, -21.033064143805611, 0.0 ], [ -64.780174244457712, -21.03293164609644, 0.0 ], [ -64.780142241791765, -21.032711500571267, 0.0 ], [ -64.780108666004182, -21.032593444339383, 0.0 ], [ -64.780012994630383, -21.032533810193645, 0.0 ], [ -64.779914828945707, -21.032502702801995, 0.0 ], [ -64.779801981346566, -21.032435879783524, 0.0 ], [ -64.779670785375956, -21.032128806542321, 0.0 ], [ -64.77962723212211, -21.032067131269329, 0.0 ], [ -64.779506660420864, -21.031896390691841, 0.0 ], [ -64.779345893082606, -21.031653483642636, 0.0 ], [ -64.779211188808162, -21.031458101056806, 0.0 ], [ -64.779010425048781, -21.031273767083491, 0.0 ], [ -64.778755000278309, -21.031131434433817, 0.0 ], [ -64.778527336960309, -21.031004347490033, 0.0 ], [ -64.77838907086921, -21.030927438713213, 0.0 ], [ -64.778333428641048, -21.030896488366395, 0.0 ], [ -64.778176838292012, -21.030858147448843, 0.0 ], [ -64.778038162688944, -21.030824192791002, 0.0 ], [ -64.777646024565342, -21.030827969559983, 0.0 ], [ -64.777372799828882, -21.030861059581969, 0.0 ], [ -64.777146361308382, -21.030877924784832, 0.0 ], [ -64.777033770219475, -21.030853541083367, 0.0 ], [ -64.776963388688998, -21.030830870597715, 0.0 ], [ -64.776864596150276, -21.030799048623958, 0.0 ], [ -64.776689002105215, -21.030764487974821, 0.0 ], [ -64.776522119382562, -21.030753452137098, 0.0 ], [ -64.776436484991166, -21.030706421267567, 0.0 ], [ -64.776377454244539, -21.030652498858675, 0.0 ], [ -64.776321162529584, -21.03061521704597, 0.0 ], [ -64.776261220806902, -21.030618918894177, 0.0 ], [ -64.776166348537458, -21.030597416849403, 0.0 ], [ -64.776100864279954, -21.030527809306484, 0.0 ], [ -64.77603526746654, -21.030448618660284, 0.0 ], [ -64.775868271504308, -21.0304279972814, 0.0 ], [ -64.775820444663339, -21.030412521333126, 0.0 ], [ -64.775759565260103, -21.030353083863503, 0.0 ], [ -64.775569632169635, -21.03029680621799, 0.0 ], [ -64.775371556230951, -21.030324553954728, 0.0 ], [ -64.775188459377603, -21.030335744062462, 0.0 ], [ -64.775004730902964, -21.030279400980046, 0.0 ], [ -64.774810443165293, -21.030280407002422, 0.0 ], [ -64.774508851972811, -21.030293626466996, 0.0 ], [ -64.774393899880849, -21.030300040723624, 0.0 ], [ -64.774391761223526, -21.030176623858541, 0.0 ], [ -64.774356404527438, -21.0300784279681, 0.0 ], [ -64.774302962485763, -21.02996942303005, 0.0 ], [ -64.774255807083819, -21.029873240697707, 0.0 ], [ -64.774003460686544, -21.02965809625292, 0.0 ], [ -64.773627222720592, -21.029528004847368, 0.0 ], [ -64.773448223058679, -21.029479616045755, 0.0 ], [ -64.773180199603459, -21.029409644192167, 0.0 ], [ -64.772968900411868, -21.029364733214649, 0.0 ], [ -64.77280733222554, -21.02928161033973, 0.0 ], [ -64.772656022834298, -21.029217226403897, 0.0 ], [ -64.772379848154742, -21.029140368836753, 0.0 ], [ -64.772228573025572, -21.029096963073997, 0.0 ], [ -64.772172656743422, -21.029080918829674, 0.0 ], [ -64.772168880832936, -21.029079830978521, 0.0 ], [ -64.772079357774317, -21.029054039087303, 0.0 ], [ -64.771980204200489, -21.028932156236284, 0.0 ], [ -64.771961682855959, -21.028929389062178, 0.0 ], [ -64.77193874842952, -21.028925962550346, 0.0 ], [ -64.771849680894306, -21.028912655407968, 0.0 ], [ -64.771774370080379, -21.028875099602896, 0.0 ], [ -64.771687070357757, -21.028812233491916, 0.0 ], [ -64.77154723424546, -21.028758979563865, 0.0 ], [ -64.77137519177893, -21.028693460241453, 0.0 ], [ -64.770954109445995, -21.028576920494594, 0.0 ], [ -64.77034019015754, -21.028163588043473, 0.0 ], [ -64.770226125408925, -21.028065836699135, 0.0 ], [ -64.77008906347281, -21.027932984549199, 0.0 ], [ -64.769769866760399, -21.027674816000026, 0.0 ], [ -64.76958454480517, -21.027417583799949, 0.0 ], [ -64.769274082958106, -21.026970558764187, 0.0 ], [ -64.769272768163674, -21.02696707961713, 0.0 ], [ -64.769139897463148, -21.026708610914984, 0.0 ], [ -64.769039105734137, -21.026064265678297, 0.0 ], [ -64.768891016930922, -21.025600351344199, 0.0 ], [ -64.768706508992764, -21.025039077807389, 0.0 ], [ -64.768490242222953, -21.024590773774428, 0.0 ], [ -64.768136595883988, -21.024175071483182, 0.0 ], [ -64.768011162820414, -21.023978217363254, 0.0 ], [ -64.767916862613419, -21.023830226324797, 0.0 ], [ -64.76776752969019, -21.023642802810137, 0.0 ], [ -64.767696135302515, -21.023420573672333, 0.0 ], [ -64.767699191788751, -21.023285084667595, 0.0 ], [ -64.76769886223012, -21.023257137009665, 0.0 ], [ -64.767698315947413, -21.023210810336625, 0.0 ], [ -64.767732725634417, -21.023168941486592, 0.0 ], [ -64.767829904486845, -21.023122050208105, 0.0 ], [ -64.767934474925951, -21.023110039256469, 0.0 ], [ -64.768040959901711, -21.023063051109862, 0.0 ], [ -64.768079430458357, -21.022970889979423, 0.0 ], [ -64.768068475279861, -21.022831176789019, 0.0 ], [ -64.768050179051656, -21.022660952573588, 0.0 ], [ -64.768216133555086, -21.022329321941481, 0.0 ], [ -64.768397960627809, -21.021962569800596, 0.0 ], [ -64.768829420740587, -21.021256761301974, 0.0 ], [ -64.768986958029572, -21.020995391009251, 0.0 ], [ -64.768993741335223, -21.020984136797107, 0.0 ], [ -64.76907843392307, -21.020865277214625, 0.0 ], [ -64.769256294168883, -21.020754187201284, 0.0 ], [ -64.769446665032845, -21.020607913341635, 0.0 ], [ -64.769533012981881, -21.020541566645555, 0.0 ], [ -64.769553205127792, -21.020477997835375, 0.0 ], [ -64.769531594924672, -21.020421417896291, 0.0 ], [ -64.769530898786698, -21.020362435404699, 0.0 ], [ -64.769600413001598, -21.020337679575153, 0.0 ], [ -64.76967253757492, -21.020336929074816, 0.0 ], [ -64.769763197852754, -21.020329430839908, 0.0 ], [ -64.769889949588602, -21.020225425981348, 0.0 ], [ -64.769929937977437, -21.02009183876114, 0.0 ], [ -64.770201578149695, -21.019746645502931, 0.0 ], [ -64.770320240048619, -21.019723075019574, 0.0 ], [ -64.770510019093265, -21.019467497209352, 0.0 ], [ -64.770567041755953, -21.019390703877686, 0.0 ], [ -64.770804324754252, -21.019166840232817, 0.0 ], [ -64.771052600629304, -21.018823679562637, 0.0 ], [ -64.771064818385199, -21.018806792440795, 0.0 ], [ -64.771198786843243, -21.018655909569762, 0.0 ], [ -64.771360787366646, -21.018473454878738, 0.0 ], [ -64.771459416735908, -21.018243374087181, 0.0 ], [ -64.771513794476263, -21.018057765442773, 0.0 ], [ -64.771512643149848, -21.017846643271334, 0.0 ], [ -64.771448536406382, -21.0176725267929, 0.0 ], [ -64.771206952165002, -21.017391844699358, 0.0 ], [ -64.771172509975543, -21.017351828285186, 0.0 ], [ -64.770855246500005, -21.017173773782286, 0.0 ], [ -64.770612814462794, -21.017012641475819, 0.0 ], [ -64.770587899995959, -21.016996082049605, 0.0 ], [ -64.770567562697806, -21.01698256483763, 0.0 ], [ -64.770320063350496, -21.016883572563746, 0.0 ], [ -64.769970592036771, -21.01666000300164, 0.0 ], [ -64.769677936452553, -21.016466141651776, 0.0 ], [ -64.76944136991014, -21.016368838029116, 0.0 ], [ -64.769270186942919, -21.016234675546276, 0.0 ], [ -64.769069639623254, -21.016065861042165, 0.0 ], [ -64.768872999622801, -21.015877585951912, 0.0 ], [ -64.768718270672068, -21.015735483855813, 0.0 ], [ -64.768525401047341, -21.015516095789319, 0.0 ], [ -64.768341307499, -21.015339341355531, 0.0 ], [ -64.768240622793613, -21.015219981437109, 0.0 ], [ -64.768122707907935, -21.015042538760479, 0.0 ], [ -64.767988247878677, -21.014865267948149, 0.0 ], [ -64.767888387829217, -21.014815812821233, 0.0 ], [ -64.767721893192672, -21.014728208918076, 0.0 ], [ -64.767681783454961, -21.014613057569072, 0.0 ], [ -64.76765408817775, -21.014533546865671, 0.0 ], [ -64.767636585839028, -21.014489091437287, 0.0 ], [ -64.767580370358473, -21.014471115778555, 0.0 ], [ -64.767539018145442, -21.01444075124784, 0.0 ], [ -64.767480817024676, -21.014372069221967, 0.0 ], [ -64.767447118242316, -21.01429543425699, 0.0 ], [ -64.767397023202705, -21.014218968736923, 0.0 ], [ -64.767346475647258, -21.014104016245735, 0.0 ], [ -64.767271606371722, -21.014012411410597, 0.0 ], [ -64.7672549379961, -21.013989488683265, 0.0 ], [ -64.767188629279175, -21.013928589096864, 0.0 ], [ -64.767171508396956, -21.013867178499652, 0.0 ], [ -64.767104655606033, -21.013760093632069, 0.0 ], [ -64.767062940918549, -21.013698938499498, 0.0 ], [ -64.767029514584721, -21.013645395590672, 0.0 ], [ -64.767004285914908, -21.013591768424437, 0.0 ], [ -64.767011939403957, -21.013545497123872, 0.0 ], [ -64.767003469720834, -21.01352249010489, 0.0 ], [ -64.766953919305465, -21.01349221056341, 0.0 ], [ -64.766920583741936, -21.013446365016726, 0.0 ], [ -64.766895265420672, -21.013385039523897, 0.0 ], [ -64.766853731334137, -21.013339280019462, 0.0 ], [ -64.766738055087743, -21.013263495399702, 0.0 ], [ -64.766655533035376, -21.013218161525124, 0.0 ], [ -64.766572647400224, -21.013142036240328, 0.0 ], [ -64.766481746543789, -21.01308139261592, 0.0 ], [ -64.766423636147891, -21.013020407549362, 0.0 ], [ -64.766324446194844, -21.012952149762185, 0.0 ], [ -64.766217602623328, -21.012930164096737, 0.0 ], [ -64.766143369131854, -21.012892442230491, 0.0 ], [ -64.766068863761674, -21.012831627241212, 0.0 ], [ -64.766035437985494, -21.012778084093007, 0.0 ], [ -64.76596885840425, -21.012694090860311, 0.0 ], [ -64.765935251443452, -21.012625152895613, 0.0 ], [ -64.765967227051945, -21.012555534128403, 0.0 ], [ -64.765974699581434, -21.012493868059082, 0.0 ], [ -64.765908210806217, -21.012417573087692, 0.0 ], [ -64.765874422689521, -21.012333239407059, 0.0 ], [ -64.765881804631533, -21.012263875942153, 0.0 ], [ -64.765848379062049, -21.012210332740064, 0.0 ], [ -64.765822880178717, -21.012133612240206, 0.0 ], [ -64.765821339626697, -21.012002752884939, 0.0 ], [ -64.765823927801918, -21.01195900546179, 0.0 ], [ -64.765900517513089, -21.011725382500487, 0.0 ], [ -64.765858431585158, -21.011671329432964, 0.0 ], [ -64.765784561288015, -21.011664397845948, 0.0 ], [ -64.765702039444079, -21.011619063427826, 0.0 ], [ -64.765668161048282, -21.011527032280007, 0.0 ], [ -64.765658513772095, -21.011403955381454, 0.0 ], [ -64.765665533366274, -21.011303801419917, 0.0 ], [ -64.765639581720478, -21.011188592070241, 0.0 ], [ -64.765666461604226, -21.011068772524066, 0.0 ], [ -64.765645749861491, -21.011041189279133, 0.0 ], [ -64.765539034350169, -21.011004870010659, 0.0 ], [ -64.765440752132093, -21.011013588270757, 0.0 ], [ -64.765391202876359, -21.01098330908755, 0.0 ], [ -64.765390115755679, -21.010890937584758, 0.0 ], [ -64.765339933367841, -21.010806773865149, 0.0 ], [ -64.765297948518196, -21.010722525067262, 0.0 ], [ -64.765280465559428, -21.010630323683188, 0.0 ], [ -64.765224648651838, -21.010545120038728, 0.0 ], [ -64.765205599388963, -21.010538718593949, 0.0 ], [ -64.765147490545715, -21.01047773296753, 0.0 ], [ -64.765105234176303, -21.010370390998283, 0.0 ], [ -64.765038746844667, -21.010294095571009, 0.0 ], [ -64.764955592969841, -21.010194877085137, 0.0 ], [ -64.764880546082765, -21.010087875208097, 0.0 ], [ -64.76480586059084, -21.010011664716242, 0.0 ], [ -64.764747753082517, -21.009950678913704, 0.0 ], [ -64.764697751546223, -21.009881910667637, 0.0 ], [ -64.76459847394446, -21.009805954243653, 0.0 ], [ -64.764507304303038, -21.009722216226077, 0.0 ], [ -64.764424240679745, -21.009630694841345, 0.0 ], [ -64.764374330896601, -21.009569623874636, 0.0 ], [ -64.76432451072246, -21.009516250305111, 0.0 ], [ -64.764258296726567, -21.009463047620095, 0.0 ], [ -64.764224600834282, -21.00938641087679, 0.0 ], [ -64.764141447056062, -21.009287191919086, 0.0 ], [ -64.764067215891544, -21.00924946896675, 0.0 ], [ -64.764033610674105, -21.009180530483299, 0.0 ], [ -64.763991627061259, -21.009096281263481, 0.0 ], [ -64.763925502915328, -21.00905077584212, 0.0 ], [ -64.763858835769696, -21.008959084140201, 0.0 ], [ -64.763808202429288, -21.008836431901415, 0.0 ], [ -64.763766670585312, -21.008790670560881, 0.0 ], [ -64.763659558788987, -21.008745589912962, 0.0 ], [ -64.7635846040871, -21.008646285642186, 0.0 ], [ -64.763534152058924, -21.008539028112835, 0.0 ], [ -64.763475863728161, -21.008462646979552, 0.0 ], [ -64.763393072892683, -21.008394218117704, 0.0 ], [ -64.763334695170371, -21.008310138602297, 0.0 ], [ -64.763333428522245, -21.008202372146929, 0.0 ], [ -64.76328342824857, -21.008133603384586, 0.0 ], [ -64.763225322106777, -21.008072616953861, 0.0 ], [ -64.763117939584362, -21.008004442775881, 0.0 ], [ -64.763067939467078, -21.007935673033884, 0.0 ], [ -64.76299316650092, -21.007851764164652, 0.0 ], [ -64.762926681386659, -21.007775466832125, 0.0 ], [ -64.762909201317072, -21.007683265036672, 0.0 ], [ -64.762867308294773, -21.007606713776994, 0.0 ], [ -64.762800823369872, -21.00753041728413, 0.0 ], [ -64.762767580922599, -21.0074922681228, 0.0 ], [ -64.762750281884394, -21.007415462029194, 0.0 ], [ -64.762708480423811, -21.007346608120958, 0.0 ], [ -64.762633979262375, -21.007285791295871, 0.0 ], [ -64.762600194322914, -21.007201456704482, 0.0 ], [ -64.762566228569085, -21.007101727273589, 0.0 ], [ -64.762561712617696, -21.007041069711374, 0.0 ], [ -64.762557306875024, -21.007040231072704, 0.0 ], [ -64.762416773601004, -21.006941605462643, 0.0 ], [ -64.76234127816501, -21.006796114200913, 0.0 ], [ -64.762290827735683, -21.006688857076913, 0.0 ], [ -64.762182452138262, -21.006536007905016, 0.0 ], [ -64.762024981712685, -21.006391366300907, 0.0 ], [ -64.761950119729576, -21.006299758541992, 0.0 ], [ -64.761817965565697, -21.006216442308315, 0.0 ], [ -64.761701574333117, -21.006079073378352, 0.0 ], [ -64.761634458060314, -21.005948892583977, 0.0 ], [ -64.761526534584249, -21.005834530910025, 0.0 ], [ -64.761443024139922, -21.005704519733214, 0.0 ], [ -64.761318887281902, -21.005605723353256, 0.0 ], [ -64.761227631710355, -21.005514284903832, 0.0 ], [ -64.761136284942324, -21.005415148984465, 0.0 ], [ -64.761069621208918, -21.005323455917406, 0.0 ], [ -64.760994760361015, -21.005231847648275, 0.0 ], [ -64.760929190860907, -21.005131745720572, 0.0 ], [ -64.760818412626591, -21.004747455660464, 0.0 ], [ -64.760797597206022, -21.004676372483839, 0.0 ], [ -64.760796646197903, -21.004595328712728, 0.0 ], [ -64.760847003274847, -21.004473228132582, 0.0 ], [ -64.760828695333487, -21.004384259142402, 0.0 ], [ -64.760810673681561, -21.004319603450593, 0.0 ], [ -64.760815534816487, -21.004224005160779, 0.0 ], [ -64.760744700288896, -21.004103958842265, 0.0 ], [ -64.760732895138261, -21.004054039392422, 0.0 ], [ -64.760695092558294, -21.004019314149907, 0.0 ], [ -64.760494306796346, -21.003652385907611, 0.0 ], [ -64.760448245708488, -21.003447860020103, 0.0 ], [ -64.760401702881211, -21.003202338069258, 0.0 ], [ -64.760311744487041, -21.002977765238111, 0.0 ], [ -64.760243374023446, -21.002732468986661, 0.0 ], [ -64.760348669143809, -21.00240337435763, 0.0 ], [ -64.760215232194923, -21.0022633134503, 0.0 ], [ -64.760193947745805, -21.002240972381557, 0.0 ], [ -64.760039226685649, -21.002078570238154, 0.0 ], [ -64.759971818722207, -21.001915265015541, 0.0 ], [ -64.759902968677906, -21.00162897245913, 0.0 ], [ -64.759900084240385, -21.001382998769191, 0.0 ], [ -64.75991950938355, -21.001177795414744, 0.0 ], [ -64.760112836756434, -21.000909291671373, 0.0 ], [ -64.760197504499956, -21.000682912592701, 0.0 ], [ -64.760152166212535, -21.000539879208084, 0.0 ], [ -64.759997447096467, -21.000377476868895, 0.0 ], [ -64.759842487975419, -21.000194576776885, 0.0 ], [ -64.759555359734193, -20.999910540781414, 0.0 ], [ -64.759488194695678, -20.999767732802187, 0.0 ], [ -64.759244964391556, -20.999503743356858, 0.0 ], [ -64.759090007120832, -20.999320842433246, 0.0 ], [ -64.758782975959704, -20.999201013076771, 0.0 ], [ -64.758609314142419, -20.999284808723154, 0.0 ], [ -64.758348340770667, -20.999369506225069, 0.0 ], [ -64.758107994198298, -20.999351488944903, 0.0 ], [ -64.75791082366753, -20.999292024314649, 0.0 ], [ -64.757646968434173, -20.999130746730092, 0.0 ], [ -64.757470665877435, -20.998989064789537, 0.0 ], [ -64.757533269332725, -20.998742414545873, 0.0 ], [ -64.75759587261274, -20.99849576428684, 0.0 ], [ -64.757549336575948, -20.998250240982383, 0.0 ], [ -64.757524869092222, -20.998024989878207, 0.0 ], [ -64.757413091227022, -20.997800640235781, 0.0 ], [ -64.757300113895297, -20.997473801487633, 0.0 ], [ -64.757261608062237, -20.997090803098761, 0.0 ], [ -64.757186416309651, -20.997085468857939, 0.0 ], [ -64.757140602313868, -20.996901438184874, 0.0 ], [ -64.757138202981409, -20.99669646014339, 0.0 ], [ -64.757071040889116, -20.996553650904954, 0.0 ], [ -64.756981811845264, -20.996390569295436, 0.0 ], [ -64.757045614939543, -20.996246408212969, 0.0 ], [ -64.757102798227805, -20.996149987854732, 0.0 ], [ -64.757131245057479, -20.996102021806799, 0.0 ], [ -64.757216635087232, -20.995937137742096, 0.0 ], [ -64.757322892245142, -20.995690036917942, 0.0 ], [ -64.7574504971561, -20.995401714545086, 0.0 ], [ -64.757426269614157, -20.995196960945936, 0.0 ], [ -64.757380456101544, -20.995012931181854, 0.0 ], [ -64.757377576790304, -20.994766956966838, 0.0 ], [ -64.757419071152214, -20.994582024971244, 0.0 ], [ -64.757395084782587, -20.994397769856246, 0.0 ], [ -64.757283550158007, -20.994193917461821, 0.0 ], [ -64.757195042224041, -20.994092329629762, 0.0 ], [ -64.757215189699025, -20.993948619121486, 0.0 ], [ -64.757148028974697, -20.993805809788142, 0.0 ], [ -64.75712356334644, -20.993580558420842, 0.0 ], [ -64.756990921694808, -20.993438425740141, 0.0 ], [ -64.756945589137018, -20.993295391015504, 0.0 ], [ -64.756834295881731, -20.993112035836347, 0.0 ], [ -64.75672324178538, -20.992949179111971, 0.0 ], [ -64.75663353593778, -20.992745101799191, 0.0 ], [ -64.756696378825282, -20.992518949416652, 0.0 ], [ -64.756542151751745, -20.992397538224328, 0.0 ], [ -64.756518850420875, -20.992246132336604, 0.0 ], [ -64.75645292609255, -20.992234456047193, 0.0 ], [ -64.756342593378704, -20.992133092807087, 0.0 ], [ -64.756122646631127, -20.991991859026328, 0.0 ], [ -64.755860485411276, -20.99197406284004, 0.0 ], [ -64.755641977315278, -20.991955815199429, 0.0 ], [ -64.755574339771783, -20.991772009739513, 0.0 ], [ -64.755485115549916, -20.991608926943272, 0.0 ], [ -64.755198972062544, -20.991406873108808, 0.0 ], [ -64.75500181310619, -20.991347404238581, 0.0 ], [ -64.754934416219925, -20.991184096098603, 0.0 ], [ -64.754736777617879, -20.991083631574934, 0.0 ], [ -64.754538900715175, -20.990962668222743, 0.0 ], [ -64.75453698467723, -20.990798685085057, 0.0 ], [ -64.754578961869356, -20.990654749757358, 0.0 ], [ -64.754686657579938, -20.990530638192975, 0.0 ], [ -64.754860312166386, -20.990446847027357, 0.0 ], [ -64.754968486602849, -20.990363730634847, 0.0 ], [ -64.755006088866836, -20.990284959131106, 0.0 ], [ -64.754966091041624, -20.990158751293606, 0.0 ], [ -64.754921240708924, -20.990056712003121, 0.0 ], [ -64.754854323665796, -20.989934399091251, 0.0 ], [ -64.754764622410036, -20.989730320418786, 0.0 ], [ -64.754784292933905, -20.989545613768737, 0.0 ], [ -64.754738963904188, -20.989402578163215, 0.0 ], [ -64.754650460671542, -20.989300988633111, 0.0 ], [ -64.75460417293003, -20.989075961400914, 0.0 ], [ -64.754601299055921, -20.988829986647346, 0.0 ], [ -64.754707556552361, -20.988582887311122, 0.0 ], [ -64.75474881461669, -20.98837745804753, 0.0 ], [ -64.754812377624077, -20.988212800092203, 0.0 ], [ -64.754986748150216, -20.988190502877433, 0.0 ], [ -64.75515944172372, -20.988024720017513, 0.0 ], [ -64.755375787797931, -20.987858487005223, 0.0 ], [ -64.755482283010963, -20.987631884960582, 0.0 ], [ -64.755530396753201, -20.987585696212154, 0.0 ], [ -64.755611802816702, -20.987507547051269, 0.0 ], [ -64.755872757974657, -20.987422854978249, 0.0 ], [ -64.756133233448864, -20.987297166307062, 0.0 ], [ -64.756261792685365, -20.987090837340233, 0.0 ], [ -64.756457508938723, -20.987027317395086, 0.0 ], [ -64.756653703543677, -20.987004793454137, 0.0 ], [ -64.756805287370867, -20.98690072723209, 0.0 ], [ -64.756912499122734, -20.986735618322577, 0.0 ], [ -64.757106535984903, -20.986528613236825, 0.0 ], [ -64.75727994474056, -20.986424321435702, 0.0 ], [ -64.757409461034996, -20.986299983232957, 0.0 ], [ -64.757583829725277, -20.986277683526371, 0.0 ], [ -64.757843581955541, -20.986090498634066, 0.0 ], [ -64.758081987739175, -20.985944534895172, 0.0 ], [ -64.758211502938323, -20.985820196151426, 0.0 ], [ -64.758340538962614, -20.985654861135448, 0.0 ], [ -64.758470533645209, -20.985571517495419, 0.0 ], [ -64.758600529130305, -20.985488172852467, 0.0 ], [ -64.75884013330672, -20.985444698129964, 0.0 ], [ -64.759145214945676, -20.985400545810879, 0.0 ], [ -64.759362031880471, -20.985275304427681, 0.0 ], [ -64.759536397981137, -20.985253002832547, 0.0 ], [ -64.759732590493883, -20.985230474621133, 0.0 ], [ -64.760037430179906, -20.985165824044206, 0.0 ], [ -64.760210354756111, -20.985020534260091, 0.0 ], [ -64.760317081935128, -20.984814427382481, 0.0 ], [ -64.760490486324599, -20.984710133490626, 0.0 ], [ -64.760620959414325, -20.984667783570373, 0.0 ], [ -64.760708022807222, -20.984646383364019, 0.0 ], [ -64.760838015202395, -20.984563038060884, 0.0 ], [ -64.760945701443035, -20.984438922221283, 0.0 ], [ -64.761054349729164, -20.984396798561555, 0.0 ], [ -64.761162035671759, -20.984272682603837, 0.0 ], [ -64.761269000431355, -20.984087073763714, 0.0 ], [ -64.761221744793119, -20.983780057435034, 0.0 ], [ -64.761262751732914, -20.983554129604038, 0.0 ], [ -64.761304480541341, -20.983389695488825, 0.0 ], [ -64.761411925264255, -20.983245081815674, 0.0 ], [ -64.761518649666527, -20.983038974349466, 0.0 ], [ -64.761625613210569, -20.982853365352899, 0.0 ], [ -64.761640204527652, -20.982654538927868, 0.0 ], [ -64.761622728775862, -20.982607391349891, 0.0 ], [ -64.761421733337869, -20.982219963850635, 0.0 ], [ -64.76114150791777, -20.98193229520728, 0.0 ], [ -64.760943154530963, -20.981792233696865, 0.0 ], [ -64.76073392772021, -20.98162407682371, 0.0 ], [ -64.760500222655821, -20.981577830184566, 0.0 ], [ -64.760086046344455, -20.981606441532712, 0.0 ], [ -64.759825867282601, -20.981511805057306, 0.0 ], [ -64.759720257713269, -20.981342576198362, 0.0 ], [ -64.759457799979245, -20.981053310920274, 0.0 ], [ -64.759223242408439, -20.980934077068763, 0.0 ], [ -64.758911257764936, -20.980839973249939, 0.0 ], [ -64.758600127793869, -20.980818855117157, 0.0 ], [ -64.758392043766207, -20.980748009222339, 0.0 ], [ -64.758105963982317, -20.980653636436834, 0.0 ], [ -64.757897594766277, -20.980558462045206, 0.0 ], [ -64.757638273467947, -20.980536806498993, 0.0 ], [ -64.757302378291769, -20.980613266552137, 0.0 ], [ -64.756861161376222, -20.980544823835167, 0.0 ], [ -64.756394041677964, -20.98047664705485, 0.0 ], [ -64.756030252235263, -20.98038307197335, 0.0 ], [ -64.755512176988859, -20.980388412337479, 0.0 ], [ -64.75522865731358, -20.980512991992789, 0.0 ], [ -64.754840385984352, -20.980541323503097, 0.0 ], [ -64.754659059263531, -20.980543191557711, 0.0 ], [ -64.754401158511158, -20.98064317422871, 0.0 ], [ -64.754090028915385, -20.980622046876217, 0.0 ], [ -64.753959657247222, -20.980550395092258, 0.0 ], [ -64.753673012108194, -20.980407357881486, 0.0 ], [ -64.753517873467757, -20.980433286835165, 0.0 ], [ -64.753412271561018, -20.980264054391384, 0.0 ], [ -64.753298907352303, -20.980100723473928, 0.0 ], [ -64.753227822220623, -20.979998306435327, 0.0 ], [ -64.752966231251918, -20.97978201656441, 0.0 ], [ -64.752679020853904, -20.979590319813155, 0.0 ], [ -64.752495992486075, -20.979446214219887, 0.0 ], [ -64.752236389530282, -20.979400222306896, 0.0 ], [ -64.752105452349184, -20.979279912157448, 0.0 ], [ -64.752000136549597, -20.979135006596817, 0.0 ], [ -64.751765018953733, -20.978967104113458, 0.0 ], [ -64.751400951768488, -20.978849190705866, 0.0 ], [ -64.75114106556272, -20.978778868168483, 0.0 ], [ -64.750881464027145, -20.978732874075799, 0.0 ], [ -64.750544434558222, -20.978712006181691, 0.0 ], [ -64.750181218885643, -20.978667075781679, 0.0 ], [ -64.749870376714881, -20.978670269265283, 0.0 ], [ -64.74985213195788, -20.978669029839331, 0.0 ], [ -64.749559252168012, -20.978649133286119, 0.0 ], [ -64.749093271994141, -20.978678250485629, 0.0 ], [ -64.748833670051937, -20.978632253223584, 0.0 ], [ -64.74847158718562, -20.978684632920107, 0.0 ], [ -64.748212552420938, -20.978687291592323, 0.0 ], [ -64.747900011840272, -20.978544509845364, 0.0 ], [ -64.747691086144584, -20.978400664447001, 0.0 ], [ -64.747457671699607, -20.978378728165563, 0.0 ], [ -64.747043498186613, -20.97840730735755, 0.0 ], [ -64.746861604688718, -20.978360506409807, 0.0 ], [ -64.746681132129552, -20.97843535523268, 0.0 ], [ -64.744321497365547, -20.977660586601736, 0.0 ], [ -64.744117079285616, -20.97686815319183, 0.0 ], [ -64.743753192957541, -20.976352380822362, 0.0 ], [ -64.743423613287675, -20.975989049094011, 0.0 ], [ -64.743125858088263, -20.975564274095454, 0.0 ], [ -64.742764455882906, -20.975262381567816, 0.0 ], [ -64.742336749218168, -20.975329683361849, 0.0 ], [ -64.741762117268706, -20.975387019482159, 0.0 ], [ -64.741595082404459, -20.975157156048262, 0.0 ], [ -64.741400954329919, -20.97495330037636, 0.0 ], [ -64.741045159175997, -20.974982666896729, 0.0 ], [ -64.740417232651652, -20.975169192822161, 0.0 ], [ -64.73984200347418, -20.975175072805854, 0.0 ], [ -64.739592502073165, -20.974920319227149, 0.0 ], [ -64.739534439791285, -20.974637876899603, 0.0 ], [ -64.739530568705192, -20.974303425459503, 0.0 ], [ -64.739554089398524, -20.973968694330932, 0.0 ], [ -64.739551707232522, -20.973762877491932, 0.0 ], [ -64.739384379855693, -20.973507285280554, 0.0 ], [ -64.739191150944166, -20.973380607113604, 0.0 ], [ -64.738777895842091, -20.973178983846751, 0.0 ], [ -64.738475101637846, -20.973053423827437, 0.0 ], [ -64.738087455757665, -20.972697156481448, 0.0 ], [ -64.737644731435324, -20.972315720585652, 0.0 ], [ -64.737394342684141, -20.971983782637114, 0.0 ], [ -64.737375408398776, -20.971953430495233, 0.0 ], [ -64.737171050017039, -20.971625837814642, 0.0 ], [ -64.736704209636329, -20.9715276760564, 0.0 ], [ -64.736513419819786, -20.971529620588981, 0.0 ], [ -64.736430296615396, -20.971530467715073, 0.0 ], [ -64.736209086999864, -20.971352610609816, 0.0 ], [ -64.735907188730664, -20.971304226185612, 0.0 ], [ -64.735551400181066, -20.971333580711697, 0.0 ], [ -64.735492459148873, -20.9709739592458, 0.0 ], [ -64.735489191844621, -20.970690961283001, 0.0 ], [ -64.735292998838446, -20.970307007352755, 0.0 ], [ -64.734937806256482, -20.970387813896924, 0.0 ], [ -64.734554925247096, -20.97044317227709, 0.0 ], [ -64.734253325939861, -20.970420511939093, 0.0 ], [ -64.733950833533839, -20.970320670416864, 0.0 ], [ -64.733757020566557, -20.970142532840594, 0.0 ], [ -64.733863916185101, -20.969909871444255, 0.0 ], [ -64.734052685845072, -20.969650649338782, 0.0 ], [ -64.734076812420838, -20.969367372379562, 0.0 ], [ -64.734018766257208, -20.969084930707027, 0.0 ], [ -64.73398811120569, -20.96880221117906, 0.0 ], [ -64.733929768783042, -20.968494042233655, 0.0 ], [ -64.734010457463256, -20.968364571020789, 0.0 ], [ -64.733980396126611, -20.968133304951074, 0.0 ], [ -64.733594553669548, -20.967931389681763, 0.0 ], [ -64.733453743985905, -20.967598329152768, 0.0 ], [ -64.733505262252507, -20.967314773539488, 0.0 ], [ -64.733392856665517, -20.967009109609542, 0.0 ], [ -64.73339214058727, -20.967007162376966, 0.0 ], [ -64.733031616499261, -20.966624875544777, 0.0 ], [ -64.732944700725611, -20.966214076551907, 0.0 ], [ -64.732892269381935, -20.965922686214086, 0.0 ], [ -64.732856896013459, -20.965726095800026, 0.0 ], [ -64.732771760298178, -20.965469659946478, 0.0 ], [ -64.73282239000261, -20.96510892276352, 0.0 ], [ -64.732875959962783, -20.964929070334364, 0.0 ], [ -64.732920012607735, -20.964740470852245, 0.0 ], [ -64.732732628393975, -20.964525277675772, 0.0 ], [ -64.732698979495652, -20.964279574673199, 0.0 ], [ -64.732882361796769, -20.964147451274908, 0.0 ], [ -64.732925246877812, -20.963857550501857, 0.0 ], [ -64.732843709936688, -20.963467601567583, 0.0 ], [ -64.732844467280216, -20.963441851025156, 0.0 ], [ -64.732854780652957, -20.963091184895923, 0.0 ], [ -64.732864018061719, -20.962555581980855, 0.0 ], [ -64.732916568258574, -20.962069732821998, 0.0 ], [ -64.732984202534794, -20.961865558037051, 0.0 ], [ -64.73303507441419, -20.96176734609908, 0.0 ], [ -64.733076998732983, -20.961644801893961, 0.0 ], [ -64.733066737967334, -20.961506506116073, 0.0 ], [ -64.73294620692451, -20.961412326579293, 0.0 ], [ -64.732886550011443, -20.961312186227715, 0.0 ], [ -64.732836694645158, -20.961216524831283, 0.0 ], [ -64.732792030723076, -20.961148287794767, 0.0 ], [ -64.732698250181855, -20.961048493338012, 0.0 ], [ -64.732614905191355, -20.961008126586592, 0.0 ], [ -64.732579305358342, -20.960880264417789, 0.0 ], [ -64.732524681015533, -20.960793810430019, 0.0 ], [ -64.732494800070214, -20.960739160720436, 0.0 ], [ -64.732415908173905, -20.960662112386483, 0.0 ], [ -64.732340957487878, -20.960538014710892, 0.0 ], [ -64.73227455548475, -20.960416571513537, 0.0 ], [ -64.732162866294459, -20.960313905677836, 0.0 ], [ -64.731973745646471, -20.960260873894573, 0.0 ], [ -64.731849269159014, -20.960176656768628, 0.0 ], [ -64.731731994512899, -20.960153424042037, 0.0 ], [ -64.73164408325006, -20.960122551254027, 0.0 ], [ -64.731588765773893, -20.960089080150262, 0.0 ], [ -64.731557064054982, -20.960054479432738, 0.0 ], [ -64.73153891320122, -20.960022618849557, 0.0 ], [ -64.731524472695938, -20.959986536675199, 0.0 ], [ -64.731481816685516, -20.959952384125998, 0.0 ], [ -64.731444776724601, -20.959950828276369, 0.0 ], [ -64.731411939002086, -20.959956957126678, 0.0 ], [ -64.73136290000366, -20.959961829694205, 0.0 ], [ -64.73131639633668, -20.959950374459734, 0.0 ], [ -64.73127904564582, -20.959932684084592, 0.0 ], [ -64.731244895184645, -20.959918082866412, 0.0 ], [ -64.731203431626327, -20.95988952557083, 0.0 ], [ -64.731180298089527, -20.959845325526032, 0.0 ], [ -64.731124327832617, -20.95980725516387, 0.0 ], [ -64.731121826512393, -20.959768640901022, 0.0 ], [ -64.731100839563609, -20.959732147337661, 0.0 ], [ -64.73109232396088, -20.959707118663665, 0.0 ], [ -64.731081352485759, -20.959647339409972, 0.0 ], [ -64.731078762267146, -20.959600999559875, 0.0 ], [ -64.731041456570438, -20.9595762632384, 0.0 ], [ -64.731026571934905, -20.959533911474765, 0.0 ], [ -64.731011709541619, -20.95949349155697, 0.0 ], [ -64.730972123966083, -20.959449458534639, 0.0 ], [ -64.730905582683164, -20.959386380273777, 0.0 ], [ -64.730876302594766, -20.959344174659588, 0.0 ], [ -64.730826412636731, -20.959298314149702, 0.0 ], [ -64.730786716990607, -20.959244622728399, 0.0 ], [ -64.730747919419883, -20.959225854869612, 0.0 ], [ -64.730734860333882, -20.959206510451228, 0.0 ], [ -64.730721742547885, -20.959139025558645, 0.0 ], [ -64.730694563655319, -20.95910066272166, 0.0 ], [ -64.73066130473336, -20.959070088997919, 0.0 ], [ -64.730650577028229, -20.959031559136015, 0.0 ], [ -64.730647179728294, -20.958982087728078, 0.0 ], [ -64.730643678511413, -20.958945898916127, 0.0 ], [ -64.730652366112665, -20.958896545991681, 0.0 ], [ -64.730656642752848, -20.958866074440522, 0.0 ], [ -64.730663971484816, -20.958832674244647, 0.0 ], [ -64.730671366887279, -20.958805068690676, 0.0 ], [ -64.730692560007242, -20.958770078910451, 0.0 ], [ -64.730705940959339, -20.958726473654853, 0.0 ], [ -64.730713403035054, -20.95870466364482, 0.0 ], [ -64.730743667109309, -20.958653642834228, 0.0 ], [ -64.730761808106237, -20.958621581693123, 0.0 ], [ -64.730753730200121, -20.958589786740824, 0.0 ], [ -64.730745534644527, -20.958547850270769, 0.0 ], [ -64.730742050091209, -20.958513110120514, 0.0 ], [ -64.730747735578234, -20.958471032723054, 0.0 ], [ -64.730739703923049, -20.958414590934627, 0.0 ], [ -64.73073137879247, -20.958390057090533, 0.0 ], [ -64.730719883618249, -20.958363882590557, 0.0 ], [ -64.730650075008214, -20.958295251595402, 0.0 ], [ -64.73062333846002, -20.958250604775831, 0.0 ], [ -64.730619637262066, -20.958197031127646, 0.0 ], [ -64.730611558453901, -20.958165236173148, 0.0 ], [ -64.730601770731639, -20.958118968460525, 0.0 ], [ -64.730592066361325, -20.958079944953372, 0.0 ], [ -64.730591004938034, -20.958010003618838, 0.0 ], [ -64.730594709847736, -20.957982243136282, 0.0 ], [ -64.730593184074721, -20.957961038324886, 0.0 ], [ -64.730556648953595, -20.957884131647056, 0.0 ], [ -64.730498474835514, -20.95783320379719, 0.0 ], [ -64.730440389641046, -20.957790002416836, 0.0 ], [ -64.730409605615321, -20.957736220410737, 0.0 ], [ -64.730362458517433, -20.957690331876428, 0.0 ], [ -64.730326191192489, -20.957636605506487, 0.0 ], [ -64.730281934449451, -20.957603568107466, 0.0 ], [ -64.730232074906155, -20.957560283160738, 0.0 ], [ -64.730174078772635, -20.957524809072474, 0.0 ], [ -64.730129881336069, -20.957496922323813, 0.0 ], [ -64.730096444198338, -20.957450894570119, 0.0 ], [ -64.730055048198153, -20.957428131569621, 0.0 ], [ -64.729994606206418, -20.957418440523409, 0.0 ], [ -64.729936373221918, -20.957362361757728, 0.0 ], [ -64.729905737567208, -20.957321457733215, 0.0 ], [ -64.729842169398864, -20.957278311760419, 0.0 ], [ -64.729795022616386, -20.957232423044719, 0.0 ], [ -64.72973979847373, -20.957199496768215, 0.0 ], [ -64.729698047198426, -20.957145825881561, 0.0 ], [ -64.729640140184387, -20.957118078086307, 0.0 ], [ -64.729606762514877, -20.957077201817992, 0.0 ], [ -64.729548914762717, -20.95705460468529, 0.0 ], [ -64.729507133992158, -20.956998358846558, 0.0 ], [ -64.729443772391463, -20.956973242413575, 0.0 ], [ -64.729415997535924, -20.956942612765065, 0.0 ], [ -64.729371830016106, -20.956917301596565, 0.0 ], [ -64.729349123980185, -20.956850557819148, 0.0 ], [ -64.729331903210536, -20.956783758397492, 0.0 ], [ -64.729295398646769, -20.956709426271626, 0.0 ], [ -64.729259367844492, -20.956676304232918, 0.0 ], [ -64.729209539470773, -20.956635594731445, 0.0 ], [ -64.729154167642506, -20.956589790138842, 0.0 ], [ -64.729118048088907, -20.956548941566723, 0.0 ], [ -64.729095550418322, -20.956500226530238, 0.0 ], [ -64.729100323222227, -20.956438356216434, 0.0 ], [ -64.72911892511182, -20.956386649148186, 0.0 ], [ -64.729118273804275, -20.956329985144254, 0.0 ], [ -64.729117592892266, -20.956270745339125, 0.0 ], [ -64.729105766802334, -20.956196163767519, 0.0 ], [ -64.729076106504394, -20.956133911025024, 0.0 ], [ -64.728997271465389, -20.956061439779774, 0.0 ], [ -64.728947630991513, -20.95598409290108, 0.0 ], [ -64.72892683820055, -20.955929834540182, 0.0 ], [ -64.728907424189103, -20.955879174034035, 0.0 ], [ -64.728886242529128, -20.95573284641393, 0.0 ], [ -64.728885032231048, -20.955627532087377, 0.0 ], [ -64.728883664072939, -20.95550848075446, 0.0 ], [ -64.72886761932233, -20.955384998708826, 0.0 ], [ -64.728871231094402, -20.955275055945265, 0.0 ], [ -64.728889728962926, -20.955187859006514, 0.0 ], [ -64.728942033640195, -20.955072842941743, 0.0 ], [ -64.728950520003963, -20.954962849842534, 0.0 ], [ -64.728979082830222, -20.954903028044718, 0.0 ], [ -64.728982905020615, -20.954811400383402, 0.0 ], [ -64.729001351125149, -20.954719624424925, 0.0 ], [ -64.729029335032621, -20.954609434505173, 0.0 ], [ -64.72906717341732, -20.954508303718619, 0.0 ], [ -64.729090177369713, -20.954389005222268, 0.0 ], [ -64.729094157370156, -20.954311113661042, 0.0 ], [ -64.729107886624192, -20.954233124134145, 0.0 ], [ -64.729136501896548, -20.954177881320824, 0.0 ], [ -64.729184931368863, -20.954149912963587, 0.0 ], [ -64.72925773296204, -20.954121698316662, 0.0 ], [ -64.729286243859363, -20.954057297470079, 0.0 ], [ -64.729339231133764, -20.954001806538869, 0.0 ], [ -64.729407211606031, -20.953978220266368, 0.0 ], [ -64.729470158573449, -20.953940946418829, 0.0 ], [ -64.729494005275214, -20.953894910089812, 0.0 ], [ -64.729517745727406, -20.953839715765945, 0.0 ], [ -64.729526547492313, -20.953757196663318, 0.0 ], [ -64.729569681062927, -20.95369264745344, 0.0 ], [ -64.729612604039929, -20.953609782231148, 0.0 ], [ -64.72963099702541, -20.953513427228209, 0.0 ], [ -64.729630154812241, -20.953440165019479, 0.0 ], [ -64.729644093328091, -20.9533804905771, 0.0 ], [ -64.729667466157423, -20.9532932450286, 0.0 ], [ -64.72966641337625, -20.953201666815392, 0.0 ], [ -64.729592295434017, -20.953115409292863, 0.0 ], [ -64.729518283809568, -20.95303830972448, 0.0 ], [ -64.729491442626397, -20.952989207899456, 0.0 ], [ -64.729473468028019, -20.952956330845122, 0.0 ], [ -64.729470744225935, -20.952951841261662, 0.0 ], [ -64.729423773957862, -20.952874408654441, 0.0 ], [ -64.729374187085497, -20.952801640816503, 0.0 ], [ -64.729343993296197, -20.95271951720644, 0.0 ], [ -64.729313852170691, -20.952641972590214, 0.0 ], [ -64.729311237646797, -20.952619830184442, 0.0 ], [ -64.72930305050636, -20.952550493225356, 0.0 ], [ -64.729228986696512, -20.952468814494431, 0.0 ], [ -64.729155079873152, -20.952400872742732, 0.0 ], [ -64.729139615221214, -20.952327758789686, 0.0 ], [ -64.729090502249477, -20.952296200965424, 0.0 ], [ -64.72904128406104, -20.952255485119423, 0.0 ], [ -64.728948669375498, -20.952256424206229, 0.0 ], [ -64.728879585675458, -20.952183852975846, 0.0 ], [ -64.728824809096338, -20.9520836612427, 0.0 ], [ -64.728691094800951, -20.95190183899258, 0.0 ], [ -64.728663177806041, -20.951881892809677, 0.0 ], [ -64.728602618429306, -20.951838624205724, 0.0 ], [ -64.72854359658696, -20.951751183376992, 0.0 ], [ -64.728538146638726, -20.951743109274904, 0.0 ], [ -64.728483633450281, -20.951665811520456, 0.0 ], [ -64.728369206763404, -20.951465476205268, 0.0 ], [ -64.728291005771908, -20.95144795156185, 0.0 ], [ -64.728222396089791, -20.951416591059726, 0.0 ], [ -64.728148859303133, -20.951380700019627, 0.0 ], [ -64.728101366400594, -20.951330998794486, 0.0 ], [ -64.728122788111634, -20.951286132555758, 0.0 ], [ -64.728144053007455, -20.951227529288019, 0.0 ], [ -64.728121486595597, -20.951172804420022, 0.0 ], [ -64.728087835651323, -20.95110788836736, 0.0 ], [ -64.728072462751086, -20.951042787080315, 0.0 ], [ -64.728035116057441, -20.950974474262694, 0.0 ], [ -64.728027094406329, -20.950912732676649, 0.0 ], [ -64.72801545680062, -20.950854462837469, 0.0 ], [ -64.727993048248265, -20.95081347496205, 0.0 ], [ -64.727926810455074, -20.950776366310365, 0.0 ], [ -64.727834862719106, -20.950729213718496, 0.0 ], [ -64.727819530377417, -20.950667547092543, 0.0 ], [ -64.727814923106592, -20.950646905455859, 0.0 ], [ -64.72781460703537, -20.950619378128366, 0.0 ], [ -64.727825170168344, -20.950598985637313, 0.0 ], [ -64.727827888498084, -20.950567081066762, 0.0 ], [ -64.72783525087624, -20.950536578274214, 0.0 ], [ -64.727834998372359, -20.950514587300159, 0.0 ], [ -64.727834968081041, -20.950511949178054, 0.0 ], [ -64.727846776475587, -20.950501946036816, 0.0 ], [ -64.727860937030016, -20.950489950853523, 0.0 ], [ -64.727872430630526, -20.950480921003958, 0.0 ], [ -64.727877752893662, -20.950476740071242, 0.0 ], [ -64.727884208727957, -20.950468279738413, 0.0 ], [ -64.727890656994461, -20.950459830321204, 0.0 ], [ -64.727894467976697, -20.950454836409641, 0.0 ], [ -64.727902435088779, -20.950447189054564, 0.0 ], [ -64.727910311848433, -20.950439628424594, 0.0 ], [ -64.727920404599416, -20.95042994073934, 0.0 ], [ -64.727922089939526, -20.950426987156817, 0.0 ], [ -64.727937036497906, -20.950400793753975, 0.0 ], [ -64.727953669341318, -20.950371645854435, 0.0 ], [ -64.727967316738599, -20.950351222103766, 0.0 ], [ -64.727972279388553, -20.950344865240698, 0.0 ], [ -64.72797643750539, -20.950339538119355, 0.0 ], [ -64.727984057467324, -20.950332223969344, 0.0 ], [ -64.727999322106342, -20.950317571029927, 0.0 ], [ -64.728018778790798, -20.950301383421269, 0.0 ], [ -64.728022239992157, -20.950298503072137, 0.0 ], [ -64.728030556862294, -20.950288742147148, 0.0 ], [ -64.728035938241817, -20.950282425299193, 0.0 ], [ -64.72805573853924, -20.950260490360503, 0.0 ], [ -64.728058423537547, -20.95022568755773, 0.0 ], [ -64.728044143960858, -20.950191057566538, 0.0 ], [ -64.728031355660605, -20.950152065061133, 0.0 ], [ -64.728003378811223, -20.950133511924406, 0.0 ], [ -64.72799234991038, -20.950113338217431, 0.0 ], [ -64.727982813254812, -20.950088802890839, 0.0 ], [ -64.727999146598918, -20.950033576326199, 0.0 ], [ -64.728015811713917, -20.950007326664078, 0.0 ], [ -64.728006191877483, -20.949975547114814, 0.0 ], [ -64.727993570929513, -20.949951042137922, 0.0 ], [ -64.72798242559206, -20.949920726877046, 0.0 ], [ -64.72798376809989, -20.949903325475223, 0.0 ], [ -64.728018742181462, -20.94985950249194, 0.0 ], [ -64.728021708854854, -20.949826870986183, 0.0 ], [ -64.727990596906963, -20.949804002209859, 0.0 ], [ -64.727965454880447, -20.949763686040384, 0.0 ], [ -64.727942413743605, -20.949727212734931, 0.0 ], [ -64.727937613124951, -20.949667371474394, 0.0 ], [ -64.72794935233398, -20.949615089129118, 0.0 ], [ -64.727963214602497, -20.949568582408528, 0.0 ], [ -64.727987203164602, -20.949508448534157, 0.0 ], [ -64.727992773798064, -20.949456229594237, 0.0 ], [ -64.728000488694533, -20.949411716335749, 0.0 ], [ -64.728031935994579, -20.949349076199962, 0.0 ], [ -64.72803265888875, -20.949347636300967, 0.0 ], [ -64.728043713996598, -20.949336434928888, 0.0 ], [ -64.728061665830694, -20.94931824558536, 0.0 ], [ -64.728069251652727, -20.949310558732687, 0.0 ], [ -64.728073443827881, -20.949305604312531, 0.0 ], [ -64.728086741312623, -20.949289886485808, 0.0 ], [ -64.728095630339169, -20.94927937999055, 0.0 ], [ -64.72809851930549, -20.949277245211498, 0.0 ], [ -64.728116334611585, -20.949264082094402, 0.0 ], [ -64.728122141147409, -20.949259791470727, 0.0 ], [ -64.728128112599961, -20.949251440818291, 0.0 ], [ -64.728144405855105, -20.949228655313842, 0.0 ], [ -64.728164615001361, -20.949197539081592, 0.0 ], [ -64.728151899828106, -20.949164824412929, 0.0 ], [ -64.728129453469109, -20.949135510680122, 0.0 ], [ -64.728116098273858, -20.949091773660918, 0.0 ], [ -64.728121801950692, -20.949051144934828, 0.0 ], [ -64.728139997986347, -20.949023913261573, 0.0 ], [ -64.728147758156197, -20.948983263695535, 0.0 ], [ -64.72816584421976, -20.948946372744381, 0.0 ], [ -64.728181872824365, -20.948909503544513, 0.0 ], [ -64.728204049695719, -20.948870639960546, 0.0 ], [ -64.728224191270741, -20.948833728174403, 0.0 ], [ -64.728234163194116, -20.94880657983472, 0.0 ], [ -64.728242166395276, -20.948787179757517, 0.0 ], [ -64.728256161605614, -20.948752262333091, 0.0 ], [ -64.728278427178779, -20.948721126154378, 0.0 ], [ -64.728286430360015, -20.948701725172434, 0.0 ], [ -64.728306550680742, -20.948662882419097, 0.0 ], [ -64.728320612424099, -20.948633760550127, 0.0 ], [ -64.728332462375477, -20.948591137452929, 0.0 ], [ -64.728342233640461, -20.948546603343452, 0.0 ], [ -64.728342105936989, -20.948535483550593, 0.0 ], [ -64.728341789950832, -20.94850796899031, 0.0 ], [ -64.728331153499894, -20.948477166246107, 0.0 ], [ -64.728310212392159, -20.948444534949385, 0.0 ], [ -64.728285181455135, -20.948413877173991, 0.0 ], [ -64.728260150538887, -20.948383220297295, 0.0 ], [ -64.728247367912914, -20.948344710079382, 0.0 ], [ -64.728238699248578, -20.948306159073518, 0.0 ], [ -64.728230185869194, -20.948281130136689, 0.0 ], [ -64.728229786583, -20.94824635948666, 0.0 ], [ -64.728227375165673, -20.948215472479689, 0.0 ], [ -64.728200243429029, -20.948180971820197, 0.0 ], [ -64.728175366884088, -20.948163837006604, 0.0 ], [ -64.728152481235441, -20.948140884877088, 0.0 ], [ -64.728121391831564, -20.948119948854078, 0.0 ], [ -64.728098395296144, -20.948087338351954, 0.0 ], [ -64.728124795002898, -20.94805809147952, 0.0 ], [ -64.728138812379967, -20.948025106821358, 0.0 ], [ -64.728150071022952, -20.947992198892951, 0.0 ], [ -64.728150751070928, -20.947990210244274, 0.0 ], [ -64.728161848917154, -20.947979557619828, 0.0 ], [ -64.728175160814402, -20.947966779764503, 0.0 ], [ -64.728192718250355, -20.947953530740509, 0.0 ], [ -64.728203705706647, -20.947945239456793, 0.0 ], [ -64.728204496137948, -20.947940889464853, 0.0 ], [ -64.728211443642721, -20.947902658034639, 0.0 ], [ -64.728204985819957, -20.947877608264069, 0.0 ], [ -64.728192270772325, -20.94784489358646, 0.0 ], [ -64.728189948108607, -20.947821733990352, 0.0 ], [ -64.728222428472222, -20.947784697176086, 0.0 ], [ -64.728245913542835, -20.947737434448189, 0.0 ], [ -64.728246549802805, -20.947736154400655, 0.0 ], [ -64.728257691410207, -20.947724793170025, 0.0 ], [ -64.728267919688165, -20.947714364328274, 0.0 ], [ -64.728279187688827, -20.947702873552348, 0.0 ], [ -64.728279697551912, -20.947701723048834, 0.0 ], [ -64.728300569471017, -20.947654572605625, 0.0 ], [ -64.728307131791453, -20.94758924901161, 0.0 ], [ -64.728302529031737, -20.947506865738074, 0.0 ], [ -64.728308775863525, -20.947414069002235, 0.0 ], [ -64.728340809995672, -20.947338183765098, 0.0 ], [ -64.728344031506268, -20.947300370363092, 0.0 ], [ -64.728325043140714, -20.94723874080162, 0.0 ], [ -64.728327792382657, -20.947159717225503, 0.0 ], [ -64.728285535979467, -20.946928944581948, 0.0 ], [ -64.728214567382494, -20.946480769369714, 0.0 ], [ -64.728110097720617, -20.94634646047346, 0.0 ], [ -64.728015697238916, -20.946192712437835, 0.0 ], [ -64.727900937007774, -20.946058507645674, 0.0 ], [ -64.727681263288247, -20.945751323946926, 0.0 ], [ -64.727495018147181, -20.945666188258343, 0.0 ], [ -64.727317510895631, -20.945445598172135, 0.0 ], [ -64.727235254128317, -20.945328952567888, 0.0 ], [ -64.727202418095644, -20.945282388808671, 0.0 ], [ -64.72710790928177, -20.945118971824201, 0.0 ], [ -64.72697068136543, -20.94482062068624, 0.0 ], [ -64.726834674035203, -20.944628616277829, 0.0 ], [ -64.726739833359431, -20.944436194994339, 0.0 ], [ -64.726625074710995, -20.944301990057717, 0.0 ], [ -64.726572287871377, -20.944186495706621, 0.0 ], [ -64.72648807132262, -20.944022974096395, 0.0 ], [ -64.726383494127276, -20.943878996470293, 0.0 ], [ -64.726331880575458, -20.943766175546958, 0.0 ], [ -64.726310628610605, -20.943508549562395, 0.0 ], [ -64.726160715150868, -20.943200656486056, 0.0 ], [ -64.726067068709696, -20.943012519434191, 0.0 ], [ -64.726025155296469, -20.942834110898286, 0.0 ], [ -64.725869621633066, -20.942734159575899, 0.0 ], [ -64.725682383812455, -20.942562010303902, 0.0 ], [ -64.72565042918022, -20.942468059926565, 0.0 ], [ -64.725563946773761, -20.942331150916033, 0.0 ], [ -64.725493566407891, -20.942252092904649, 0.0 ], [ -64.725391979665147, -20.942144343084802, 0.0 ], [ -64.725370052195728, -20.942130082492991, 0.0 ], [ -64.725205323834288, -20.9420229507523, 0.0 ], [ -64.725104486203094, -20.941980459407773, 0.0 ], [ -64.724949037087569, -20.941887757696527, 0.0 ], [ -64.724786533763009, -20.941853142006984, 0.0 ], [ -64.724623865333854, -20.941804024113324, 0.0 ], [ -64.724460864774144, -20.94172590198573, 0.0 ], [ -64.724321102410642, -20.941654797108011, 0.0 ], [ -64.724158018145417, -20.941569423206655, 0.0 ], [ -64.723987632186819, -20.941520382675524, 0.0 ], [ -64.723786454461631, -20.941478904526175, 0.0 ], [ -64.723593659897716, -20.941495356311762, 0.0 ], [ -64.723461782123564, -20.94143867474704, 0.0 ], [ -64.723182839828709, -20.941347218928726, 0.0 ], [ -64.72300440347577, -20.941269251251143, 0.0 ], [ -64.722818664177041, -20.941227615989511, 0.0 ], [ -64.722609603154126, -20.941171713198301, 0.0 ], [ -64.722438553427452, -20.941064662852693, 0.0 ], [ -64.722299124324735, -20.941022560309857, 0.0 ], [ -64.722182352526573, -20.940936716826695, 0.0 ], [ -64.722011386290191, -20.940836917489602, 0.0 ], [ -64.721886813899417, -20.940743901110839, 0.0 ], [ -64.721777512718646, -20.9406362276736, 0.0 ], [ -64.721645221712578, -20.94054328899988, 0.0 ], [ -64.721536003754338, -20.940442865961781, 0.0 ], [ -64.721527290885163, -20.940355931484397, 0.0 ], [ -64.721510693315437, -20.940254573739992, 0.0 ], [ -64.721493764146715, -20.940124211869367, 0.0 ], [ -64.721484636811354, -20.940001022682214, 0.0 ], [ -64.721506299269151, -20.939870271381832, 0.0 ], [ -64.721497171004245, -20.939747083104375, 0.0 ], [ -64.721381396420583, -20.939748251325216, 0.0 ], [ -64.721234084118478, -20.939691722717885, 0.0 ], [ -64.721140884072909, -20.939641900383577, 0.0 ], [ -64.721008677229435, -20.939556212602255, 0.0 ], [ -64.721007516912522, -20.93945469904515, 0.0 ], [ -64.72094461048637, -20.939353807453791, 0.0 ], [ -64.720935399862398, -20.939223367620183, 0.0 ], [ -64.720872825091305, -20.93915148102754, 0.0 ], [ -64.720756967104265, -20.939145398220298, 0.0 ], [ -64.720668404499904, -20.939181117780596, 0.0 ], [ -64.720664761886937, -20.939182587098681, 0.0 ], [ -64.720656626566111, -20.939193758544356, 0.0 ], [ -64.720619374862608, -20.939244914051145, 0.0 ], [ -64.720611562326752, -20.939255641445783, 0.0 ], [ -64.720607596919848, -20.939257554812041, 0.0 ], [ -64.720473378124026, -20.939322301421154, 0.0 ], [ -64.720288386403453, -20.939345922961877, 0.0 ], [ -64.720103311757512, -20.939362291914669, 0.0 ], [ -64.719855828329571, -20.939321276653583, 0.0 ], [ -64.719778148503593, -20.939278548492254, 0.0 ], [ -64.719623781769272, -20.93928010452413, 0.0 ], [ -64.719476056458163, -20.939187319574664, 0.0 ], [ -64.719321524196943, -20.939174373247621, 0.0 ], [ -64.71925131410336, -20.9391098143821, 0.0 ], [ -64.719034456382445, -20.939046733182565, 0.0 ], [ -64.718913690161912, -20.938977505582141, 0.0 ], [ -64.71891013556646, -20.938975467956098, 0.0 ], [ -64.718724730042851, -20.938962832127473, 0.0 ], [ -64.71861667378532, -20.938963920678884, 0.0 ], [ -64.718439069889072, -20.938958458274733, 0.0 ], [ -64.718261714223928, -20.938974748364618, 0.0 ], [ -64.718014313491139, -20.938940980049914, 0.0 ], [ -64.717766913813492, -20.938907212261942, 0.0 ], [ -64.717618942728777, -20.938792672898185, 0.0 ], [ -64.717602513442614, -20.938705816654785, 0.0 ], [ -64.717478110805246, -20.938627298816606, 0.0 ], [ -64.717424413579238, -20.938656846887053, 0.0 ], [ -64.717316852690985, -20.938701439992514, 0.0 ], [ -64.717185724623576, -20.938710012194843, 0.0 ], [ -64.717062231727212, -20.938711255121426, 0.0 ], [ -64.716946043295579, -20.938676164591289, 0.0 ], [ -64.716745366753344, -20.938678184022713, 0.0 ], [ -64.716375383953633, -20.938725417880637, 0.0 ], [ -64.716121257658344, -20.938778737030276, 0.0 ], [ -64.715797832452211, -20.938847256535215, 0.0 ], [ -64.715543044775401, -20.938842567320769, 0.0 ], [ -64.715349756303553, -20.938815503289121, 0.0 ], [ -64.715095133817684, -20.938825314609364, 0.0 ], [ -64.714886738981022, -20.938827409456092, 0.0 ], [ -64.714708391915451, -20.93875668408046, 0.0 ], [ -64.714637771014907, -20.93865586832456, 0.0 ], [ -64.714544986361773, -20.93864229702379, 0.0 ], [ -64.714475108677533, -20.938606740263374, 0.0 ], [ -64.714321815399813, -20.93870255386458, 0.0 ], [ -64.714237409037736, -20.938746913319125, 0.0 ], [ -64.714136822945605, -20.938726168747394, 0.0 ], [ -64.714036319413083, -20.938712674722929, 0.0 ], [ -64.713951418686918, -20.938713527669986, 0.0 ], [ -64.713866599523257, -20.938721631193676, 0.0 ], [ -64.713811911109573, -20.938664166349014, 0.0 ], [ -64.713772328402214, -20.938577541282598, 0.0 ], [ -64.713725358929665, -20.93851999886688, 0.0 ], [ -64.713755076082364, -20.938418174800546, 0.0 ], [ -64.713708024141255, -20.938353380861916, 0.0 ], [ -64.713614661128688, -20.938289052062785, 0.0 ], [ -64.713529017991902, -20.938224645673124, 0.0 ], [ -64.71345133936569, -20.938181914470981, 0.0 ], [ -64.713358390051752, -20.938153840370084, 0.0 ], [ -64.71337275417261, -20.938059421977137, 0.0 ], [ -64.713425296975544, -20.937928361160292, 0.0 ], [ -64.713463145611513, -20.93786271447782, 0.0 ], [ -64.713500169110802, -20.93772455806204, 0.0 ], [ -64.713522086903879, -20.937615560014052, 0.0 ], [ -64.713489893452362, -20.93749985397028, 0.0 ], [ -64.713449899722121, -20.937376974811556, 0.0 ], [ -64.713410647633964, -20.937319353865814, 0.0 ], [ -64.713309486051784, -20.937247851722482, 0.0 ], [ -64.713209066043007, -20.937241607747985, 0.0 ], [ -64.713177285391396, -20.93716215649027, 0.0 ], [ -64.713075463154652, -20.937032645680389, 0.0 ], [ -64.712905496624117, -20.937019848333509, 0.0 ], [ -64.712881682397551, -20.936962073162604, 0.0 ], [ -64.712764836331004, -20.936868971987856, 0.0 ], [ -64.712625743146148, -20.936855864425237, 0.0 ], [ -64.712494533664952, -20.936857181410463, 0.0 ], [ -64.712339921471127, -20.93683697793022, 0.0 ], [ -64.712270292448309, -20.936823172919247, 0.0 ], [ -64.712101068118258, -20.936875633918802, 0.0 ], [ -64.711993177852449, -20.936891220312184, 0.0 ], [ -64.71183881293328, -20.936892769133838, 0.0 ], [ -64.711799150412247, -20.936798892853592, 0.0 ], [ -64.711659974901607, -20.936778533873738, 0.0 ], [ -64.711574826959819, -20.936757632811389, 0.0 ], [ -64.711473995229142, -20.936715132881336, 0.0 ], [ -64.711350668405146, -20.936730873706392, 0.0 ], [ -64.711227176753056, -20.936732112298998, 0.0 ], [ -64.711157135880327, -20.936682051910768, 0.0 ], [ -64.711079130074438, -20.93661031521734, 0.0 ], [ -64.711062869627554, -20.936537960192631, 0.0 ], [ -64.711052926404435, -20.936342259971624, 0.0 ], [ -64.711044055208035, -20.936240823240347, 0.0 ], [ -64.710958660485105, -20.936198168168904, 0.0 ], [ -64.710834922120114, -20.936177653676047, 0.0 ], [ -64.710665780250238, -20.93623736386305, 0.0 ], [ -64.710496144081958, -20.936253568340266, 0.0 ], [ -64.710378971491664, -20.936131461069646, 0.0 ], [ -64.710277811090378, -20.936059956973889, 0.0 ], [ -64.710091832794035, -20.935996554367897, 0.0 ], [ -64.709921291146614, -20.935932996852607, 0.0 ], [ -64.709720783124098, -20.935949509920803, 0.0 ], [ -64.709458446673722, -20.935959389853323, 0.0 ], [ -64.709235359354139, -20.936026891454144, 0.0 ], [ -64.709043803192969, -20.936152092194352, 0.0 ], [ -64.708889685635754, -20.936175391090408, 0.0 ], [ -64.708727849278461, -20.936198768053526, 0.0 ], [ -64.708620205781543, -20.93623610510161, 0.0 ], [ -64.70853571657409, -20.936273210232113, 0.0 ], [ -64.708396953081021, -20.936289103490619, 0.0 ], [ -64.708257860538538, -20.936275992301628, 0.0 ], [ -64.708164337445922, -20.936197158075927, 0.0 ], [ -64.708102344526452, -20.936176023417531, 0.0 ], [ -64.708017691683409, -20.936198626118244, 0.0 ], [ -64.707941331312682, -20.936271909583208, 0.0 ], [ -64.707818086506236, -20.936294898489017, 0.0 ], [ -64.707724974742277, -20.93625231898687, 0.0 ], [ -64.707693279385737, -20.936180118022794, 0.0 ], [ -64.707600414381943, -20.936159291253404, 0.0 ], [ -64.707507959524733, -20.936174720328378, 0.0 ], [ -64.707407786849217, -20.93619022658509, 0.0 ], [ -64.707292014142979, -20.936191385059754, 0.0 ], [ -64.707206866976307, -20.936170481750626, 0.0 ], [ -64.70711342665092, -20.936098897542418, 0.0 ], [ -64.70704297636459, -20.936012580353424, 0.0 ], [ -64.70693393435694, -20.935926649202454, 0.0 ], [ -64.706933405805884, -20.935880017129225, 0.0 ], [ -64.706933359049998, -20.935875892027475, 0.0 ], [ -64.706901747296783, -20.935810941510219, 0.0 ], [ -64.706900843263398, -20.935731179974656, 0.0 ], [ -64.706861758409204, -20.935688059488854, 0.0 ], [ -64.706800095532543, -20.935695928679987, 0.0 ], [ -64.706700744811755, -20.935783944506934, 0.0 ], [ -64.706555003191667, -20.93586517281366, 0.0 ], [ -64.706377483612314, -20.935866948213459, 0.0 ], [ -64.706253417271, -20.935817425965716, 0.0 ], [ -64.706190522020819, -20.935716528104525, 0.0 ], [ -64.706051594351777, -20.935717917251612, 0.0 ], [ -64.705943949442997, -20.935755253547271, 0.0 ], [ -64.705773410466762, -20.93569169173367, 0.0 ], [ -64.705556479007669, -20.935621341105751, 0.0 ], [ -64.705386349912288, -20.935594033918367, 0.0 ], [ -64.705231575273203, -20.935559321643709, 0.0 ], [ -64.704952652903785, -20.935467834430071, 0.0 ], [ -64.704759287706267, -20.935433507309117, 0.0 ], [ -64.704549829522549, -20.93534132537804, 0.0 ], [ -64.704302519385934, -20.935314788979579, 0.0 ], [ -64.704133621519929, -20.93539624655828, 0.0 ], [ -64.704034188213583, -20.935477009366217, 0.0 ], [ -64.703957333847953, -20.935506784554885, 0.0 ], [ -64.703894686339353, -20.935427639484786, 0.0 ], [ -64.703859650150889, -20.935287384192808, 0.0 ], [ -64.703802869504614, -20.935120351722215, 0.0 ], [ -64.703637193689858, -20.935031760922612, 0.0 ], [ -64.703635298025432, -20.93486418128494, 0.0 ], [ -64.703538374361713, -20.934787795423791, 0.0 ], [ -64.703426272371189, -20.934582638759942, 0.0 ], [ -64.703164987078168, -20.934533678193876, 0.0 ], [ -64.703094777726378, -20.934392564264691, 0.0 ], [ -64.703025151575332, -20.934303014114992, 0.0 ], [ -64.703009389569914, -20.934122680396584, 0.0 ], [ -64.702898454835022, -20.934020649129867, 0.0 ], [ -64.702910427151096, -20.933865823432672, 0.0 ], [ -64.702825476909268, -20.933634611381823, 0.0 ], [ -64.702592218860516, -20.93363693888892, 0.0 ], [ -64.702359251215313, -20.933665047104551, 0.0 ], [ -64.702166864621645, -20.93364118235899, 0.0 ], [ -64.701975934751047, -20.933746224311225, 0.0 ], [ -64.701758291195105, -20.933915993654914, 0.0 ], [ -64.701552765536832, -20.933943828029385, 0.0 ], [ -64.701374390235358, -20.933945606621592, 0.0 ], [ -64.70126403911182, -20.933895138073975, 0.0 ], [ -64.701139529938388, -20.93380613333504, 0.0 ], [ -64.701037850417578, -20.933903709588229, 0.0 ], [ -64.701030926061662, -20.933910354443711, 0.0 ], [ -64.701026071107904, -20.933916349088676, 0.0 ], [ -64.700946727609505, -20.934014315055556, 0.0 ], [ -64.700936187982961, -20.93402732879434, 0.0 ], [ -64.700934948283717, -20.934026954550685, 0.0 ], [ -64.700853569769947, -20.934002367471418, 0.0 ], [ -64.700675195295531, -20.934004145328089, 0.0 ], [ -64.700566445388631, -20.934095475198912, 0.0 ], [ -64.700388361843892, -20.934123033805641, 0.0 ], [ -64.700128533130012, -20.934202976400179, 0.0 ], [ -64.699800534695541, -20.934322274070897, 0.0 ], [ -64.699560824112311, -20.934514024991763, 0.0 ], [ -64.699555734890851, -20.934518096152626, 0.0 ], [ -64.69954904462692, -20.934526664401083, 0.0 ], [ -64.69939340835991, -20.934725988993048, 0.0 ], [ -64.69932756583421, -20.934971597229342, 0.0 ], [ -64.699260559533144, -20.935114078520566, 0.0 ], [ -64.699140353357762, -20.935359169442467, 0.0 ], [ -64.699139831746393, -20.935360233273592, 0.0 ], [ -64.699128573774189, -20.935371808828503, 0.0 ], [ -64.698949915384674, -20.935555508070451, 0.0 ], [ -64.698732119298839, -20.93571238386188, 0.0 ], [ -64.698431995532928, -20.935870078008136, 0.0 ], [ -64.698293619273301, -20.935768317710718, 0.0 ], [ -64.698236699081491, -20.935588392903849, 0.0 ], [ -64.698070153484835, -20.935422450594512, 0.0 ], [ -64.697826077163739, -20.935682724470553, 0.0 ], [ -64.697595285611598, -20.935904189466765, 0.0 ], [ -64.697317791889688, -20.935939180704093, 0.0 ], [ -64.697074617769573, -20.935670861940537, 0.0 ], [ -64.696551603354976, -20.935676063039875, 0.0 ], [ -64.696546346628367, -20.935676115307082, 0.0 ], [ -64.69653982351744, -20.935688702263217, 0.0 ], [ -64.696386174413774, -20.935985204549365, 0.0 ], [ -64.696358313978592, -20.936038967719046, 0.0 ], [ -64.696303464942176, -20.936677955737071, 0.0 ], [ -64.696257767038901, -20.937325737351721, 0.0 ], [ -64.696164323852244, -20.938183011350485, 0.0 ], [ -64.695997814920872, -20.938797225052483, 0.0 ], [ -64.695995649233566, -20.938805212560201, 0.0 ], [ -64.695250981623445, -20.939165477009922, 0.0 ], [ -64.694836029828579, -20.939218397805657, 0.0 ], [ -64.694286000114417, -20.939288544138822, 0.0 ], [ -64.694055488757456, -20.939226150103384, 0.0 ], [ -64.693108834351648, -20.938969908998146, 0.0 ], [ -64.692455270822251, -20.939191209875382, 0.0 ], [ -64.692401750083306, -20.939242563161802, 0.0 ], [ -64.692075120476943, -20.939555964032774, 0.0 ], [ -64.691602572225364, -20.940032858250159, 0.0 ], [ -64.691537028879509, -20.940099004063036, 0.0 ], [ -64.691524944270995, -20.940111199781903, 0.0 ], [ -64.691525127065006, -20.940111466242456, 0.0 ] ] ] ] } },
{ "type": "Feature", "properties": { "fid": 563620, "Nombre": "RVS Laguna Concepción", "actividades": "Contribución a la gestión del área.|Control y vigilancia.|Manejo Integral del Fuego.|Fortalecimiento de capacidades.", "descripcion": "s/descripcion", "categoria": "Área Protegida", "hectareas": 131053.37370616781 }, "geometry": { "type": "MultiPolygon", "coordinates": [ [ [ [ -61.193790779506735, -17.713537956566693, 0.0 ], [ -61.194769622067639, -17.714100191153225, 0.0 ], [ -61.194872770299504, -17.71415535051154, 0.0 ], [ -61.194938212903637, -17.714210163301189, 0.0 ], [ -61.194984893082733, -17.714255768421165, 0.0 ], [ -61.195022146856623, -17.714301286904924, 0.0 ], [ -61.195031121355306, -17.714346545503947, 0.0 ], [ -61.195011906944345, -17.714382509825896, 0.0 ], [ -61.194973749266516, -17.714427335279755, 0.0 ], [ -61.194954754929007, -17.714440076571922, 0.0 ], [ -61.19504227525259, -17.714513190693641, 0.0 ], [ -61.197279856437184, -17.716382427350734, 0.0 ], [ -61.203917835936231, -17.718920657923356, 0.0 ], [ -61.207360460157183, -17.720185371668876, 0.0 ], [ -61.211662168610111, -17.721765580087091, 0.0 ], [ -61.219202243942917, -17.718502339704145, 0.0 ], [ -61.31240739172231, -17.663566648551193, 0.0 ], [ -61.404688051979882, -17.611497892645435, 0.0 ], [ -61.456325423093027, -17.590790917867, 0.0 ], [ -61.489737198829893, -17.566306660641736, 0.0 ], [ -61.514414835168232, -17.548208932177253, 0.0 ], [ -61.54379949195966, -17.531484431500736, 0.0 ], [ -61.551033110035334, -17.524592653811514, 0.0 ], [ -61.541423281736016, -17.508749139358216, 0.0 ], [ -61.535048526469126, -17.497474761893422, 0.0 ], [ -61.532324789183917, -17.494875945965074, 0.0 ], [ -61.525819894974866, -17.488380209023532, 0.0 ], [ -61.520255620154416, -17.480066707296803, 0.0 ], [ -61.479456349889773, -17.478706141074714, 0.0 ], [ -61.477371230191899, -17.468061365979665, 0.0 ], [ -61.480032862890013, -17.429634589852135, 0.0 ], [ -61.445866416504558, -17.432575295003183, 0.0 ], [ -61.44297517038477, -17.374743880872284, 0.0 ], [ -61.39676502300852, -17.369922658218464, 0.0 ], [ -61.3952265804365, -17.347940637735832, 0.0 ], [ -61.354847081372014, -17.349388488849918, 0.0 ], [ -61.339983418331713, -17.337768596815664, 0.0 ], [ -61.306760501354894, -17.332377346235525, 0.0 ], [ -61.274006992258094, -17.312605094490088, 0.0 ], [ -61.248302345125914, -17.303350147607052, 0.0 ], [ -61.207947942663608, -17.285745556594843, 0.0 ], [ -61.167060327664664, -17.295359032519702, 0.0 ], [ -61.141222811593444, -17.317807950794261, 0.0 ], [ -61.134676750286886, -17.373026902188112, 0.0 ], [ -61.165318662608335, -17.407141085626659, 0.0 ], [ -61.176596790368471, -17.443101276331195, 0.0 ], [ -61.197473324325671, -17.459084926293176, 0.0 ], [ -61.156217574840113, -17.51139052584054, 0.0 ], [ -61.132026373382587, -17.519346519619109, 0.0 ], [ -61.129971338435105, -17.528094822548852, 0.0 ], [ -61.136574139128179, -17.58782577965049, 0.0 ], [ -61.119801878288897, -17.611072380760696, 0.0 ], [ -61.126337263970719, -17.662938696613327, 0.0 ], [ -61.143301897525689, -17.67925460260172, 0.0 ], [ -61.139251456128591, -17.691288746843256, 0.0 ], [ -61.150193491892566, -17.699508632265452, 0.0 ], [ -61.174570855536707, -17.705430136598064, 0.0 ], [ -61.187910394396212, -17.709109321299604, 0.0 ], [ -61.193790779506735, -17.713537956566693, 0.0 ] ] ] ] } },
{ "type": "Feature", "properties": { "fid": 563621, "Nombre": "RN Quebracho y el Condor en la Cordillera de Laderas", "actividades": "Construcción de Plan de Manejo.|Plan de Turismo.|Dos proyectos productivos.|Diseño de ruta turística.", "descripcion": "s/descripcion", "categoria": "Área Protegida", "hectareas": 3296.5664537390699 }, "geometry": { "type": "MultiPolygon", "coordinates": [ [ [ [ -64.527052459933216, -21.5870518498655, 0.0 ], [ -64.526988943080454, -21.587069634313202, 0.0 ], [ -64.526932543343207, -21.5870854258851, 0.0 ], [ -64.526841607518534, -21.587110886626988, 0.0 ], [ -64.52377649379001, -21.587969046254692, 0.0 ], [ -64.523743215855362, -21.587978362770514, 0.0 ], [ -64.523390310437861, -21.588077167494934, 0.0 ], [ -64.523311781970179, -21.58809915266318, 0.0 ], [ -64.512106977779467, -21.591235647452088, 0.0 ], [ -64.51455280703253, -21.597072186601643, 0.0 ], [ -64.514571428252296, -21.597116620548363, 0.0 ], [ -64.514609530431841, -21.597207540061508, 0.0 ], [ -64.514634431072153, -21.597266957177403, 0.0 ], [ -64.525393789054192, -21.622935695643765, 0.0 ], [ -64.519244008462692, -21.630207432140068, 0.0 ], [ -64.510794485700885, -21.626813099092985, 0.0 ], [ -64.506036296457694, -21.623083079738414, 0.0 ], [ -64.496786457071238, -21.630995650508847, 0.0 ], [ -64.497673127340846, -21.640183768058002, 0.0 ], [ -64.493874888564932, -21.653077426687567, 0.0 ], [ -64.511109693717302, -21.645973622641613, 0.0 ], [ -64.515419884300471, -21.646133137029206, 0.0 ], [ -64.515424876608307, -21.646088903812455, 0.0 ], [ -64.515420139495561, -21.646076039389172, 0.0 ], [ -64.515718260780616, -21.646092153234481, 0.0 ], [ -64.515738205601664, -21.646144919656763, 0.0 ], [ -64.520993455481403, -21.646339244581796, 0.0 ], [ -64.534635279187015, -21.646842931535922, 0.0 ], [ -64.544421486335466, -21.643351946534658, 0.0 ], [ -64.568258033848394, -21.634845798368637, 0.0 ], [ -64.569070020673323, -21.634555959283624, 0.0 ], [ -64.570170461674735, -21.634163156710837, 0.0 ], [ -64.575253567616144, -21.631246112239683, 0.0 ], [ -64.580345196099842, -21.628323911578846, 0.0 ], [ -64.578004494374639, -21.6251822296413, 0.0 ], [ -64.57616570861903, -21.622172468892831, 0.0 ], [ -64.576149666663625, -21.622146210931895, 0.0 ], [ -64.576143504736166, -21.622145420298416, 0.0 ], [ -64.57614135974346, -21.622145107335989, 0.0 ], [ -64.576066589449695, -21.622132832005988, 0.0 ], [ -64.576065882968962, -21.622132711345639, 0.0 ], [ -64.576062498333144, -21.622132016318314, 0.0 ], [ -64.575989410974373, -21.622114856494687, 0.0 ], [ -64.575989093320231, -21.622114781826696, 0.0 ], [ -64.575988843435084, -21.622114720968188, 0.0 ], [ -64.575931411649933, -21.622100658075677, 0.0 ], [ -64.575931293478419, -21.622100628485445, 0.0 ], [ -64.575864413813562, -21.622084112486807, 0.0 ], [ -64.575820579604198, -21.622077471812847, 0.0 ], [ -64.575779275579833, -21.62207637927888, 0.0 ], [ -64.575778455157305, -21.622076351828532, 0.0 ], [ -64.575746985130692, -21.622075101944997, 0.0 ], [ -64.575711325433929, -21.622075439931514, 0.0 ], [ -64.575665646105989, -21.622077346070757, 0.0 ], [ -64.575615518327098, -21.62208539489146, 0.0 ], [ -64.575613857531224, -21.622085638249917, 0.0 ], [ -64.575613787109347, -21.622085647046561, 0.0 ], [ -64.575579501848424, -21.622090158531289, 0.0 ], [ -64.57557392156447, -21.622090893368661, 0.0 ], [ -64.575573616744521, -21.622090933290639, 0.0 ], [ -64.575519678372913, -21.622097757262903, 0.0 ], [ -64.575453629453222, -21.622109489518557, 0.0 ], [ -64.57545291884496, -21.622109611868307, 0.0 ], [ -64.575411336136128, -21.622116497560622, 0.0 ], [ -64.575410493308439, -21.622116631098848, 0.0 ], [ -64.575353306845841, -21.622125288679761, 0.0 ], [ -64.575353056096034, -21.622125326282493, 0.0 ], [ -64.575294134875762, -21.622133999378484, 0.0 ], [ -64.575293269695322, -21.622134120482471, 0.0 ], [ -64.575289563428598, -21.622134498835287, 0.0 ], [ -64.575187061879262, -21.622141864145977, 0.0 ], [ -64.575131411942593, -21.622148707823822, 0.0 ], [ -64.575130109438405, -21.622148853845108, 0.0 ], [ -64.575052953734811, -21.62215668527168, 0.0 ], [ -64.575051075676853, -21.62215684758414, 0.0 ], [ -64.57505033238121, -21.622156895272322, 0.0 ], [ -64.574951962512998, -21.622162672225564, 0.0 ], [ -64.574879227595801, -21.622168136732235, 0.0 ], [ -64.5748040100938, -21.622176010201301, 0.0 ], [ -64.574730505576042, -21.622185159055491, 0.0 ], [ -64.574730212297339, -21.622185194350386, 0.0 ], [ -64.574663905692063, -21.62219312516126, 0.0 ], [ -64.574661582115084, -21.62219335852955, 0.0 ], [ -64.574610856350972, -21.622197490813491, 0.0 ], [ -64.574610201955991, -21.62219754127068, 0.0 ], [ -64.574607620287424, -21.62219766959624, 0.0 ], [ -64.574545152854839, -21.622199478816878, 0.0 ], [ -64.574543945617677, -21.622199501992874, 0.0 ], [ -64.574540154207213, -21.622199422285625, 0.0 ], [ -64.574539209817047, -21.622199365292847, 0.0 ], [ -64.574459741822849, -21.622194031830098, 0.0 ], [ -64.574457745251436, -21.622193865572818, 0.0 ], [ -64.574357397006139, -21.622183860396149, 0.0 ], [ -64.574356559497417, -21.622183771679733, 0.0 ], [ -64.57435540359414, -21.622183629073866, 0.0 ], [ -64.57423546492123, -21.622167723255593, 0.0 ], [ -64.57423541074327, -21.622167715639399, 0.0 ], [ -64.57409098918481, -21.622148431263248, 0.0 ], [ -64.573963529581889, -21.622132635295287, 0.0 ], [ -64.573960414032996, -21.622132168005276, 0.0 ], [ -64.573959779097805, -21.622132052981271, 0.0 ], [ -64.573886516881927, -21.622118353315194, 0.0 ], [ -64.573834267635462, -21.622110520907988, 0.0 ], [ -64.573776157769856, -21.622102513634644, 0.0 ], [ -64.573716060296192, -21.622095970352408, 0.0 ], [ -64.573662612631566, -21.622091651127718, 0.0 ], [ -64.573651551830864, -21.622090917611008, 0.0 ], [ -64.573651140975116, -21.622090888983081, 0.0 ], [ -64.573609388804229, -21.622087841908677, 0.0 ], [ -64.57352753628652, -21.622088616651826, 0.0 ], [ -64.573485139650941, -21.622092872988315, 0.0 ], [ -64.573484903232441, -21.622092896000638, 0.0 ], [ -64.573465199264461, -21.622094797758241, 0.0 ], [ -64.573417150476956, -21.621992042845772, 0.0 ], [ -64.573411630062992, -21.621978855278631, 0.0 ], [ -64.572272147441296, -21.619256562874771, 0.0 ], [ -64.571785365663303, -21.618181773600181, 0.0 ], [ -64.573807007283406, -21.617693105980489, 0.0 ], [ -64.574068906654972, -21.617742030766934, 0.0 ], [ -64.574173405259899, -21.617839360081597, 0.0 ], [ -64.57382541219782, -21.617117851458481, 0.0 ], [ -64.572889361833646, -21.61576604514476, 0.0 ], [ -64.572855141281224, -21.612006629908866, 0.0 ], [ -64.571746945405764, -21.611489012697383, 0.0 ], [ -64.567080660169779, -21.611775180253119, 0.0 ], [ -64.564995295500751, -21.611976948179922, 0.0 ], [ -64.563373876842746, -21.610018446465837, 0.0 ], [ -64.562134327917022, -21.609243862733905, 0.0 ], [ -64.562134080583576, -21.609244306747613, 0.0 ], [ -64.562130796642492, -21.609249356967371, 0.0 ], [ -64.562128945357571, -21.609251908882534, 0.0 ], [ -64.562108582940169, -21.609278970998254, 0.0 ], [ -64.562106804145756, -21.609281257579209, 0.0 ], [ -64.562102844133463, -21.609285864327877, 0.0 ], [ -64.56209857038462, -21.609290218402325, 0.0 ], [ -64.56209400105557, -21.609294301566937, 0.0 ], [ -64.562089155278301, -21.609298096480245, 0.0 ], [ -64.562084055101565, -21.609301587579782, 0.0 ], [ -64.562081349137088, -21.609303254203873, 0.0 ], [ -64.562055473166765, -21.609318612254828, 0.0 ], [ -64.562052845637481, -21.609320117362831, 0.0 ], [ -64.562047301850953, -21.609322955059142, 0.0 ], [ -64.562041570845096, -21.609325448567542, 0.0 ], [ -64.562035678570766, -21.609327585902061, 0.0 ], [ -64.562034488813822, -21.60932796831241, 0.0 ], [ -64.561998691349814, -21.609339220306111, 0.0 ], [ -64.561993851621196, -21.609340610700098, 0.0 ], [ -64.561987710914721, -21.609342010601644, 0.0 ], [ -64.561981485962434, -21.60934303102454, 0.0 ], [ -64.561981160910577, -21.609343073820224, 0.0 ], [ -64.561946189513037, -21.609347600551633, 0.0 ], [ -64.561940230458134, -21.609348196656818, 0.0 ], [ -64.561933916123294, -21.609348449248888, 0.0 ], [ -64.561872860385904, -21.609349022591299, 0.0 ], [ -64.561866541899846, -21.609348888627419, 0.0 ], [ -64.561860245339844, -21.609348367865049, 0.0 ], [ -64.561855047730134, -21.609347643486906, 0.0 ], [ -64.561826262667836, -21.609342876338335, 0.0 ], [ -64.561825214666541, -21.60934269739916, 0.0 ], [ -64.561819045135394, -21.60934141309669, 0.0 ], [ -64.561818931825044, -21.609341385256567, 0.0 ], [ -64.561807834667178, -21.60933870292196, 0.0 ], [ -64.561794828328573, -21.609357918919368, 0.0 ], [ -64.561790967147161, -21.609364984291663, 0.0 ], [ -64.561787860319541, -21.609374386522781, 0.0 ], [ -64.56178403375236, -21.609391782076944, 0.0 ], [ -64.561784164518045, -21.609403960315419, 0.0 ], [ -64.561784021258077, -21.609409868936638, 0.0 ], [ -64.561783464368517, -21.609415757053871, 0.0 ], [ -64.561783086550378, -21.609418352034961, 0.0 ], [ -64.56177887693535, -21.609444422416612, 0.0 ], [ -64.56177828877226, -21.609447667908583, 0.0 ], [ -64.561776915378786, -21.609453437237114, 0.0 ], [ -64.561775141062242, -21.60945911006911, 0.0 ], [ -64.561772974253103, -21.60946466193754, 0.0 ], [ -64.561772527367836, -21.609465682293532, 0.0 ], [ -64.561762005191966, -21.609489292774725, 0.0 ], [ -64.561759901224661, -21.609493680662823, 0.0 ], [ -64.56175697862281, -21.60949892077933, 0.0 ], [ -64.561753694662983, -21.609503970992638, 0.0 ], [ -64.561750064565402, -21.60950880948171, 0.0 ], [ -64.561746104535516, -21.609513416222821, 0.0 ], [ -64.561745542120505, -21.609514022167044, 0.0 ], [ -64.561726596841993, -21.609534271244033, 0.0 ], [ -64.56171085616063, -21.609555033085108, 0.0 ], [ -64.561710249364538, -21.609555823709606, 0.0 ], [ -64.561692535407943, -21.60957866259108, 0.0 ], [ -64.561691562442462, -21.609579894731393, 0.0 ], [ -64.561687602408853, -21.609584501471272, 0.0 ], [ -64.561686908204436, -21.609585247753742, 0.0 ], [ -64.561663824958259, -21.609609816193789, 0.0 ], [ -64.561660245391309, -21.609613423975794, 0.0 ], [ -64.561655676039607, -21.60961750712957, 0.0 ], [ -64.561650830239827, -21.609621302031261, 0.0 ], [ -64.561645730040823, -21.609624793118549, 0.0 ], [ -64.561642154419488, -21.609626969206758, 0.0 ], [ -64.561615638085655, -21.609642340432355, 0.0 ], [ -64.561597037414117, -21.609654924866547, 0.0 ], [ -64.561594885098955, -21.609656339697086, 0.0 ], [ -64.561589551581505, -21.609659511415163, 0.0 ], [ -64.561584007772396, -21.609662349097235, 0.0 ], [ -64.561578276744513, -21.609664842590863, 0.0 ], [ -64.561577668861347, -21.60966508224065, 0.0 ], [ -64.561549054035282, -21.609676266707762, 0.0 ], [ -64.56154376962192, -21.609678164376344, 0.0 ], [ -64.561539273416017, -21.609679524435091, 0.0 ], [ -64.561507938859862, -21.609688216159189, 0.0 ], [ -64.561506405559328, -21.609688628888829, 0.0 ], [ -64.561500264832461, -21.609690028773482, 0.0 ], [ -64.561494039860762, -21.609691049179208, 0.0 ], [ -64.561487755736067, -21.609691688063883, 0.0 ], [ -64.561481441384373, -21.609691940639692, 0.0 ], [ -64.561446423848579, -21.609692269382641, 0.0 ], [ -64.561440105346847, -21.609692135403435, 0.0 ], [ -64.561433808772321, -21.609691614625731, 0.0 ], [ -64.561432755555657, -21.609691489928359, 0.0 ], [ -64.561409195539326, -21.609688567781067, 0.0 ], [ -64.561404379696157, -21.609706940903088, 0.0 ], [ -64.56139978734916, -21.609730387307227, 0.0 ], [ -64.56139969664919, -21.6097308461081, 0.0 ], [ -64.561399273549611, -21.609732822785205, 0.0 ], [ -64.561392415267022, -21.609763116345988, 0.0 ], [ -64.561391702722005, -21.609766023381397, 0.0 ], [ -64.561383937221407, -21.609795486336132, 0.0 ], [ -64.56138369945495, -21.609796371949894, 0.0 ], [ -64.56138192511952, -21.609802044778636, 0.0 ], [ -64.561379914699145, -21.609807230260319, 0.0 ], [ -64.561372032014717, -21.609825777595269, 0.0 ], [ -64.561371875606341, -21.60982614397787, 0.0 ], [ -64.561369324733633, -21.609831552216967, 0.0 ], [ -64.561366402111275, -21.60983679232767, 0.0 ], [ -64.561363172348209, -21.609841764345571, 0.0 ], [ -64.561349022165132, -21.609862050566132, 0.0 ], [ -64.561348967947438, -21.60986212875488, 0.0 ], [ -64.56134533782766, -21.609866967236268, 0.0 ], [ -64.561343801725528, -21.60986882880912, 0.0 ], [ -64.561328727244586, -21.609886603628059, 0.0 ], [ -64.561326303293797, -21.609889348787672, 0.0 ], [ -64.561322029503799, -21.60989370284431, 0.0 ], [ -64.561317460133694, -21.609897785989755, 0.0 ], [ -64.561312614315568, -21.609901580882575, 0.0 ], [ -64.561312144691726, -21.609901923107724, 0.0 ], [ -64.56128274071088, -21.609923191633992, 0.0 ], [ -64.561278110116177, -21.609926340485977, 0.0 ], [ -64.561272776581632, -21.60992951219481, 0.0 ], [ -64.561271744252863, -21.609930073772944, 0.0 ], [ -64.561235138496016, -21.609949730745473, 0.0 ], [ -64.561230626997599, -21.609952006838824, 0.0 ], [ -64.561224895951739, -21.609954500321244, 0.0 ], [ -64.561219003638541, -21.609956637628883, 0.0 ], [ -64.56121572172799, -21.609957652077643, 0.0 ], [ -64.561179915030749, -21.609968064869523, 0.0 ], [ -64.561177167418535, -21.609968823197995, 0.0 ], [ -64.561171026676007, -21.609970223071347, 0.0 ], [ -64.561164801689287, -21.609971243465576, 0.0 ], [ -64.561162863729393, -21.609971482049531, 0.0 ], [ -64.561130576801233, -21.60997514429846, 0.0 ], [ -64.561129763490371, -21.609975233225029, 0.0 ], [ -64.561094782888034, -21.609978919846732, 0.0 ], [ -64.561091250019302, -21.609979231207639, 0.0 ], [ -64.561084935653426, -21.609979483769187, 0.0 ], [ -64.561060240689429, -21.609979715548658, 0.0 ], [ -64.561044162049214, -21.609981691931036, 0.0 ], [ -64.561028966698942, -21.609985959704968, 0.0 ], [ -64.561016718540643, -21.609992765056752, 0.0 ], [ -64.560987660225365, -21.610013937254426, 0.0 ], [ -64.560986666253385, -21.610014652927198, 0.0 ], [ -64.560958158900903, -21.61003487243638, 0.0 ], [ -64.560923309421739, -21.610063379196298, 0.0 ], [ -64.560921864294073, -21.610064538083908, 0.0 ], [ -64.560891589042754, -21.610088333895671, 0.0 ], [ -64.560889006926502, -21.610090292896739, 0.0 ], [ -64.560883906691942, -21.61009378396254, 0.0 ], [ -64.560882815817294, -21.610094470736808, 0.0 ], [ -64.560849810851579, -21.610114933862505, 0.0 ], [ -64.560845568175139, -21.610117418784498, 0.0 ], [ -64.56084146958554, -21.610119559117919, 0.0 ], [ -64.56081844705696, -21.610130905056895, 0.0 ], [ -64.56079877751101, -21.610145698860403, 0.0 ], [ -64.560756621293692, -21.610181900324047, 0.0 ], [ -64.560756261412251, -21.610182208097545, 0.0 ], [ -64.560709380465795, -21.610222061480691, 0.0 ], [ -64.560696577927175, -21.610234276178094, 0.0 ], [ -64.560677014000674, -21.610259185416226, 0.0 ], [ -64.560663710120465, -21.610280399413771, 0.0 ], [ -64.560656518729687, -21.610301269723813, 0.0 ], [ -64.560652717053145, -21.610327390453286, 0.0 ], [ -64.560647837096909, -21.610363563672593, 0.0 ], [ -64.560643637603278, -21.610396989132507, 0.0 ], [ -64.560643933147972, -21.61042453197723, 0.0 ], [ -64.560646840750593, -21.610461996939318, 0.0 ], [ -64.56064704385058, -21.610465621596219, 0.0 ], [ -64.560648009489199, -21.610493590811384, 0.0 ], [ -64.560653842317564, -21.610515072352218, 0.0 ], [ -64.560654763142011, -21.610518791438796, 0.0 ], [ -64.560655397249732, -21.610521895390377, 0.0 ], [ -64.560662069258029, -21.610557940341085, 0.0 ], [ -64.560662526316889, -21.610560657554952, 0.0 ], [ -64.560663209494194, -21.610566534034124, 0.0 ], [ -64.560663377032853, -21.610569094992066, 0.0 ], [ -64.560664518502051, -21.610591755942703, 0.0 ], [ -64.560664621031236, -21.610595099728148, 0.0 ], [ -64.560664477727855, -21.610601008350379, 0.0 ], [ -64.560664458799394, -21.610601314730896, 0.0 ], [ -64.56066292462063, -21.610625680839711, 0.0 ], [ -64.56066238661262, -21.610631262574849, 0.0 ], [ -64.560662110971307, -21.610633209865977, 0.0 ], [ -64.560657481266801, -21.610663359649084, 0.0 ], [ -64.560655690839241, -21.610683378996903, 0.0 ], [ -64.560655933843293, -21.610706024893446, 0.0 ], [ -64.56066554219214, -21.610751425286423, 0.0 ], [ -64.560665701107879, -21.61075219246392, 0.0 ], [ -64.560675183934634, -21.610799126854676, 0.0 ], [ -64.560675447741474, -21.610800487388641, 0.0 ], [ -64.560682120738051, -21.61083653232723, 0.0 ], [ -64.560682577827592, -21.610839252250383, 0.0 ], [ -64.56068283395382, -21.610841067192869, 0.0 ], [ -64.56068674924515, -21.610871260538335, 0.0 ], [ -64.560687131977389, -21.610874792280757, 0.0 ], [ -64.560689180684548, -21.61089828474255, 0.0 ], [ -64.560689225006527, -21.610898814536409, 0.0 ], [ -64.560689430505406, -21.61090221245389, 0.0 ], [ -64.560691874691756, -21.61096264878497, 0.0 ], [ -64.560691939263393, -21.610965155610476, 0.0 ], [ -64.560691795961802, -21.61097106423243, 0.0 ], [ -64.56069166008389, -21.610972984017696, 0.0 ], [ -64.560688482638326, -21.611011639659154, 0.0 ], [ -64.56068806158045, -21.611015607989412, 0.0 ], [ -64.56068709554873, -21.611021448458345, 0.0 ], [ -64.560685722100757, -21.611027217780329, 0.0 ], [ -64.560685385197928, -21.611028406913434, 0.0 ], [ -64.560674127676819, -21.611067139278973, 0.0 ], [ -64.560673518441646, -21.611069143895605, 0.0 ], [ -64.560666569867436, -21.611091041636513, 0.0 ], [ -64.560666448390535, -21.611091423046084, 0.0 ], [ -64.560657757441504, -21.611118375483933, 0.0 ], [ -64.560657528306223, -21.611119075848922, 0.0 ], [ -64.560649699527744, -21.611142660996787, 0.0 ], [ -64.560649221901784, -21.611144058295359, 0.0 ], [ -64.560647055027928, -21.611149610152122, 0.0 ], [ -64.560646704337685, -21.611150414628614, 0.0 ], [ -64.560629170224146, -21.611190045913872, 0.0 ], [ -64.560627928803044, -21.611192726676485, 0.0 ], [ -64.560616509079168, -21.611216345518461, 0.0 ], [ -64.560615550268878, -21.611218268509298, 0.0 ], [ -64.560612627593997, -21.611223508609211, 0.0 ], [ -64.560609343558028, -21.611228558803649, 0.0 ], [ -64.56060571338152, -21.611233397271636, 0.0 ], [ -64.560601753270305, -21.611238003989573, 0.0 ], [ -64.560601442943565, -21.611238339298712, 0.0 ], [ -64.560573924162014, -21.611267987572905, 0.0 ], [ -64.560569960637352, -21.611272006304201, 0.0 ], [ -64.560565391204022, -21.611276089432195, 0.0 ], [ -64.560562364945184, -21.61127851777216, 0.0 ], [ -64.560534756050714, -21.611299769339038, 0.0 ], [ -64.560532936426299, -21.611301135873042, 0.0 ], [ -64.560527836141944, -21.611304626930504, 0.0 ], [ -64.560526546629447, -21.611305436602599, 0.0 ], [ -64.560498892681593, -21.611322490264783, 0.0 ], [ -64.560494848592072, -21.611324852280351, 0.0 ], [ -64.560489304697811, -21.611327689930455, 0.0 ], [ -64.560483573584889, -21.611330183390965, 0.0 ], [ -64.560477681204617, -21.611332320675988, 0.0 ], [ -64.560476370130019, -21.611332741247832, 0.0 ], [ -64.560445941401767, -21.61134226341477, 0.0 ], [ -64.560441222886581, -21.611343615596684, 0.0 ], [ -64.560435082077944, -21.611345015446553, 0.0 ], [ -64.560428857025968, -21.611346035816908, 0.0 ], [ -64.560422572822787, -21.611346674665789, 0.0 ], [ -64.560421203120072, -21.611346762486715, 0.0 ], [ -64.560386203182134, -21.611348770009556, 0.0 ], [ -64.560381258456673, -21.611348934727321, 0.0 ], [ -64.560374939881058, -21.611348800711927, 0.0 ], [ -64.560368643235392, -21.611348279898078, 0.0 ], [ -64.560362397542988, -21.611347376529718, 0.0 ], [ -64.560356227934747, -21.611346092177616, 0.0 ], [ -64.560351270108725, -21.611344765745905, 0.0 ], [ -64.560309832414006, -21.611332559535725, 0.0 ], [ -64.560308723827092, -21.611332226699677, 0.0 ], [ -64.560302786774713, -21.611330200399188, 0.0 ], [ -64.560297003315029, -21.611327814969147, 0.0 ], [ -64.560291399651348, -21.61132508190607, 0.0 ], [ -64.560287104471527, -21.611322677093892, 0.0 ], [ -64.560253666772013, -21.611302837392099, 0.0 ], [ -64.560252561370888, -21.611302171225251, 0.0 ], [ -64.56024738720842, -21.611298776562773, 0.0 ], [ -64.560247002761741, -21.611298505580272, 0.0 ], [ -64.560166469813552, -21.611241320954349, 0.0 ], [ -64.560161927931674, -21.611237888743872, 0.0 ], [ -64.560157271812471, -21.611233892168169, 0.0 ], [ -64.560152905402944, -21.611229619188858, 0.0 ], [ -64.560150201030723, -21.61122666743379, 0.0 ], [ -64.560109292320789, -21.611180027795914, 0.0 ], [ -64.560107938538508, -21.611178448058777, 0.0 ], [ -64.560105333270968, -21.611175190073542, 0.0 ], [ -64.560073465509646, -21.61113340280232, 0.0 ], [ -64.560042478680344, -21.61109791829368, 0.0 ], [ -64.560041111977881, -21.611096664751656, 0.0 ], [ -64.560033264907219, -21.611092079374004, 0.0 ], [ -64.56001377894809, -21.611088798170325, 0.0 ], [ -64.560013414125081, -21.611088735654743, 0.0 ], [ -64.559984386748141, -21.611083739242329, 0.0 ], [ -64.55996113703813, -21.611081309875853, 0.0 ], [ -64.55995719041033, -21.611081681999863, 0.0 ], [ -64.559934441911437, -21.611086357437852, 0.0 ], [ -64.559921415231372, -21.61109200662662, 0.0 ], [ -64.559897304531674, -21.611105844795311, 0.0 ], [ -64.559893762065386, -21.611108146090004, 0.0 ], [ -64.559893329252532, -21.611109129276308, 0.0 ], [ -64.559886986442933, -21.611126907892032, 0.0 ], [ -64.559881070734235, -21.611150015311271, 0.0 ], [ -64.559880957611412, -21.611150455353499, 0.0 ], [ -64.559876551992389, -21.611167291771608, 0.0 ], [ -64.559698621508858, -21.611263045182252, 0.0 ], [ -64.559242658225912, -21.61145086170157, 0.0 ], [ -64.558941002055747, -21.611523767565895, 0.0 ], [ -64.558913114594091, -21.611517346691837, 0.0 ], [ -64.55881106889575, -21.611506389240095, 0.0 ], [ -64.558744382351009, -21.611509808019136, 0.0 ], [ -64.558670577227574, -21.61152037409347, 0.0 ], [ -64.558669002198812, -21.611520591183197, 0.0 ], [ -64.558659576337561, -21.611521548450309, 0.0 ], [ -64.558650104672694, -21.611521927160339, 0.0 ], [ -64.558640626793562, -21.611521726039019, 0.0 ], [ -64.558640246005695, -21.611521706122996, 0.0 ], [ -64.558588643278455, -21.611518900967372, 0.0 ], [ -64.558520281009734, -21.611519541596007, 0.0 ], [ -64.558441863625632, -21.611521459680198, 0.0 ], [ -64.558439527471521, -21.611521498732728, 0.0 ], [ -64.558430049591905, -21.611521297599364, 0.0 ], [ -64.558424353099269, -21.611520896640528, 0.0 ], [ -64.558326678376162, -21.611512206649593, 0.0 ], [ -64.558322930384833, -21.61151182717353, 0.0 ], [ -64.558316089365306, -21.6115108940791, 0.0 ], [ -64.558240515937626, -21.611498864468782, 0.0 ], [ -64.558214126726782, -21.611500564144823, 0.0 ], [ -64.558205623185899, -21.611500877757372, 0.0 ], [ -64.558201485954299, -21.611500861420449, 0.0 ], [ -64.558156537946218, -21.611500082105511, 0.0 ], [ -64.55815119729894, -21.611499897294188, 0.0 ], [ -64.558141752816468, -21.611499116845497, 0.0 ], [ -64.558132383299863, -21.611497760321047, 0.0 ], [ -64.558129211604907, -21.611497166789807, 0.0 ], [ -64.55809447086186, -21.611490287900246, 0.0 ], [ -64.558088388639248, -21.61148895477211, 0.0 ], [ -64.558083264682551, -21.611487628021795, 0.0 ], [ -64.558038908904351, -21.611475318506486, 0.0 ], [ -64.557956123684434, -21.611459299809649, 0.0 ], [ -64.557949386166698, -21.611457839133127, 0.0 ], [ -64.557940286581825, -21.611455351001268, 0.0 ], [ -64.557936264096767, -21.611454053671569, 0.0 ], [ -64.557870543390337, -21.611431856697905, 0.0 ], [ -64.557866442961412, -21.611430406543338, 0.0 ], [ -64.557852694542731, -21.611425318126503, 0.0 ], [ -64.557830733061706, -21.6114239449461, 0.0 ], [ -64.557787625275296, -21.611424348718135, 0.0 ], [ -64.557721004026504, -21.611427281426618, 0.0 ], [ -64.557715641781485, -21.61142742468472, 0.0 ], [ -64.557713006761574, -21.61142742678296, 0.0 ], [ -64.557643699860051, -21.611426897149471, 0.0 ], [ -64.557616511808263, -21.611427151778965, 0.0 ], [ -64.557572680047883, -21.611434003382296, 0.0 ], [ -64.557545602483387, -21.611442139666192, 0.0 ], [ -64.557540175799602, -21.611443661888259, 0.0 ], [ -64.557530965010329, -21.611445761500601, 0.0 ], [ -64.557521626432845, -21.611447293258916, 0.0 ], [ -64.557512200564275, -21.611448250461162, 0.0 ], [ -64.557502728896694, -21.611448629105713, 0.0 ], [ -64.557493251019466, -21.611448427918585, 0.0 ], [ -64.557490692567384, -21.611448273936546, 0.0 ], [ -64.557429016487234, -21.611444048897155, 0.0 ], [ -64.557422130461475, -21.611443422390138, 0.0 ], [ -64.557420549156575, -21.611443233965616, 0.0 ], [ -64.557357550924038, -21.61143541910187, 0.0 ], [ -64.557350103359369, -21.611434310092619, 0.0 ], [ -64.557278065717995, -21.611421777237592, 0.0 ], [ -64.557277725079302, -21.611421718102566, 0.0 ], [ -64.557268471174154, -21.611419791395925, 0.0 ], [ -64.557259371600807, -21.611417303225956, 0.0 ], [ -64.557250465098832, -21.611414263165752, 0.0 ], [ -64.557241791421973, -21.611410685295176, 0.0 ], [ -64.557236018640452, -21.611407940160994, 0.0 ], [ -64.557189250156455, -21.611384452648966, 0.0 ], [ -64.557168850245503, -21.611376011245572, 0.0 ], [ -64.557154481153248, -21.611373846092537, 0.0 ], [ -64.557126690428589, -21.611374106284025, 0.0 ], [ -64.557077604979554, -21.611376806811037, 0.0 ], [ -64.557074078097045, -21.611376959963049, 0.0 ], [ -64.557021453337299, -21.61137865305982, 0.0 ], [ -64.557017921740396, -21.611378726768407, 0.0 ], [ -64.557008443866508, -21.611378525553317, 0.0 ], [ -64.556998999393642, -21.611377745038872, 0.0 ], [ -64.556994714482201, -21.611377197134075, 0.0 ], [ -64.556950723143188, -21.611370949264206, 0.0 ], [ -64.556920653452167, -21.611368109107755, 0.0 ], [ -64.556891219368666, -21.611365722752424, 0.0 ], [ -64.55686212386712, -21.611366902884466, 0.0 ], [ -64.556857299394252, -21.61136702301571, 0.0 ], [ -64.556831621898056, -21.611367263376227, 0.0 ], [ -64.556822144024451, -21.611367062150464, 0.0 ], [ -64.556821298345085, -21.611367015871252, 0.0 ], [ -64.556785325504919, -21.611364951744257, 0.0 ], [ -64.556776726712599, -21.611364217496437, 0.0 ], [ -64.556767357212237, -21.611362860893749, 0.0 ], [ -64.556765772913565, -21.611362573132929, 0.0 ], [ -64.556741328565849, -21.611357999332103, 0.0 ], [ -64.556734083132085, -21.611356462066652, 0.0 ], [ -64.556690315923959, -21.611346065187078, 0.0 ], [ -64.556689891760385, -21.61134596347636, 0.0 ], [ -64.556680792199472, -21.611343475273841, 0.0 ], [ -64.556671885712092, -21.611340435181617, 0.0 ], [ -64.556671839159023, -21.611340417552238, 0.0 ], [ -64.556618983112941, -21.611320501415229, 0.0 ], [ -64.556610356008179, -21.611316941139794, 0.0 ], [ -64.556609637748167, -21.611316616367759, 0.0 ], [ -64.556545124724337, -21.611287203193715, 0.0 ], [ -64.556537437091237, -21.611283427276529, 0.0 ], [ -64.556530394600586, -21.611279461960503, 0.0 ], [ -64.556262688834877, -21.611118884507729, 0.0 ], [ -64.556207167979764, -21.611092653221856, 0.0 ], [ -64.556167716124961, -21.611080765193144, 0.0 ], [ -64.556166957341517, -21.611080534736743, 0.0 ], [ -64.556161934397835, -21.611078896260711, 0.0 ], [ -64.556134870598356, -21.611069544270229, 0.0 ], [ -64.556130987080479, -21.611068142624141, 0.0 ], [ -64.556126459982167, -21.611066354083654, 0.0 ], [ -64.556083900379349, -21.611048742281259, 0.0 ], [ -64.556082576924197, -21.611048187419549, 0.0 ], [ -64.556005186858272, -21.611015292320772, 0.0 ], [ -64.556002363781872, -21.611014057788442, 0.0 ], [ -64.555993957918815, -21.611009957069459, 0.0 ], [ -64.555989367867667, -21.611007430251526, 0.0 ], [ -64.555924079327042, -21.610969968850149, 0.0 ], [ -64.555852417027353, -21.610929738954347, 0.0 ], [ -64.555725379980373, -21.610861927642702, 0.0 ], [ -64.555620284809748, -21.61080991035853, 0.0 ], [ -64.555616879675298, -21.610808170021013, 0.0 ], [ -64.555610437037799, -21.610804563064601, 0.0 ], [ -64.555562626707513, -21.610776193688515, 0.0 ], [ -64.555560968153372, -21.610775193942022, 0.0 ], [ -64.555553207581028, -21.610770102616026, 0.0 ], [ -64.55554581875424, -21.610764547152741, 0.0 ], [ -64.555538834771838, -21.610758551630521, 0.0 ], [ -64.555537426964847, -21.610757244238403, 0.0 ], [ -64.555490733328995, -21.610713256148443, 0.0 ], [ -64.555485591256073, -21.610708153878576, 0.0 ], [ -64.55547950377499, -21.610701356911225, 0.0 ], [ -64.555473905097543, -21.610694203102721, 0.0 ], [ -64.555469041750698, -21.610687074030931, 0.0 ], [ -64.555436393390053, -21.610635750205493, 0.0 ], [ -64.555436169386297, -21.61063539732114, 0.0 ], [ -64.55543161690278, -21.610627620416675, 0.0 ], [ -64.555428107471101, -21.610620643074046, 0.0 ], [ -64.555394826573249, -21.610549278310156, 0.0 ], [ -64.555381013208205, -21.610527353611733, 0.0 ], [ -64.555373823262414, -21.610519529109453, 0.0 ], [ -64.555354079087294, -21.610502294472909, 0.0 ], [ -64.555331160663513, -21.610483501594711, 0.0 ], [ -64.555325267030412, -21.610478390991801, 0.0 ], [ -64.555318717169598, -21.610471981321549, 0.0 ], [ -64.555312629706549, -21.610465184346857, 0.0 ], [ -64.555307031046823, -21.610458030531493, 0.0 ], [ -64.555302547893106, -21.610451496756749, 0.0 ], [ -64.55528949097372, -21.610431207996793, 0.0 ], [ -64.555288886794159, -21.610430259809057, 0.0 ], [ -64.555284334325407, -21.610422482899537, 0.0 ], [ -64.555280335437516, -21.610414445192095, 0.0 ], [ -64.555276906897078, -21.610406179047203, 0.0 ], [ -64.55527442597301, -21.610398911170606, 0.0 ], [ -64.555267776035805, -21.610377361167455, 0.0 ], [ -64.555267414616068, -21.610376171347003, 0.0 ], [ -64.555265169479696, -21.610367558124906, 0.0 ], [ -64.555263531594463, -21.610358825414288, 0.0 ], [ -64.555262508126631, -21.610350011084858, 0.0 ], [ -64.555262103354664, -21.610341153936588, 0.0 ], [ -64.555261509081262, -21.610285579492892, 0.0 ], [ -64.55526027187824, -21.610256867547083, 0.0 ], [ -64.555253701330031, -21.610221242277937, 0.0 ], [ -64.555253158376303, -21.610218070606486, 0.0 ], [ -64.55524765081384, -21.610183302522028, 0.0 ], [ -64.555247522205676, -21.61018247634285, 0.0 ], [ -64.555246498740786, -21.610173662013015, 0.0 ], [ -64.555246093971007, -21.610164804864439, 0.0 ], [ -64.555245747359024, -21.610132390276533, 0.0 ], [ -64.555245962646168, -21.610123527329929, 0.0 ], [ -64.555245998092147, -21.610122957947716, 0.0 ], [ -64.555249297763368, -21.610071297929444, 0.0 ], [ -64.555249869658496, -21.610064891212215, 0.0 ], [ -64.555256554259401, -21.610006761139044, 0.0 ], [ -64.555260085687081, -21.609951843621353, 0.0 ], [ -64.555256991957563, -21.609920869217969, 0.0 ], [ -64.5552520241027, -21.609882554421628, 0.0 ], [ -64.555234801564367, -21.609786053604108, 0.0 ], [ -64.555234260390534, -21.609782777138083, 0.0 ], [ -64.555234228113093, -21.609782558852121, 0.0 ], [ -64.555216255072025, -21.609662659897843, 0.0 ], [ -64.555215263892194, -21.609654063852929, 0.0 ], [ -64.555214937761704, -21.609639191191537, 0.0 ], [ -64.555216927239897, -21.609585142569365, 0.0 ], [ -64.55521706389645, -21.609582295134246, 0.0 ], [ -64.555217205748264, -21.609580204578457, 0.0 ], [ -64.555220000707521, -21.609543401503334, 0.0 ], [ -64.555218684796159, -21.609514282018665, 0.0 ], [ -64.555217145242082, -21.609484572089563, 0.0 ], [ -64.555209617758976, -21.609375253742964, 0.0 ], [ -64.555209325696069, -21.609367903072524, 0.0 ], [ -64.555209345896301, -21.6093639204311, 0.0 ], [ -64.555210193016407, -21.609323089887582, 0.0 ], [ -64.555210388107611, -21.60931820958162, 0.0 ], [ -64.555211222882349, -21.609309377875356, 0.0 ], [ -64.555212174295036, -21.6093032340695, 0.0 ], [ -64.555218234641075, -21.609269559145186, 0.0 ], [ -64.555218734038064, -21.609266941358143, 0.0 ], [ -64.555220794527131, -21.609258287874713, 0.0 ], [ -64.555223455424013, -21.609249778717675, 0.0 ], [ -64.555226706490913, -21.609241450112957, 0.0 ], [ -64.555227023240263, -21.60924072093399, 0.0 ], [ -64.555228054752121, -21.609238364631814, 0.0 ], [ -64.555225896497802, -21.609236158287796, 0.0 ], [ -64.555222521145438, -21.609232501856848, 0.0 ], [ -64.5551822350522, -21.609187253304697, 0.0 ], [ -64.555179523003034, -21.609184112752448, 0.0 ], [ -64.555173924403206, -21.609176958928202, 0.0 ], [ -64.555172393736413, -21.609174818975902, 0.0 ], [ -64.555139797205712, -21.609128298088343, 0.0 ], [ -64.555136240597363, -21.609122956069083, 0.0 ], [ -64.555131688182229, -21.609115179151249, 0.0 ], [ -64.555130801027744, -21.609113511003944, 0.0 ], [ -64.555117693877918, -21.609088419177901, 0.0 ], [ -64.555114582194776, -21.609082049609899, 0.0 ], [ -64.555111153700139, -21.60907378345788, 0.0 ], [ -64.555108311397007, -21.609065325754553, 0.0 ], [ -64.555106519895148, -21.609058664737404, 0.0 ], [ -64.555098457166636, -21.60902512095533, 0.0 ], [ -64.555098003567196, -21.609023168745136, 0.0 ], [ -64.555096365712558, -21.609014436030002, 0.0 ], [ -64.555095342269837, -21.609005621696983, 0.0 ], [ -64.555095123356196, -21.609002401831841, 0.0 ], [ -64.555093531741875, -21.608973601059962, 0.0 ], [ -64.555093345903245, -21.608967963774198, 0.0 ], [ -64.555093561202838, -21.608959100826162, 0.0 ], [ -64.55509402951887, -21.608953395099846, 0.0 ], [ -64.555097719551867, -21.608918185126619, 0.0 ], [ -64.555096537065012, -21.60889015823226, 0.0 ], [ -64.555093003435147, -21.608853898468581, 0.0 ], [ -64.555072645688782, -21.608735791247302, 0.0 ], [ -64.5550575845579, -21.608674199065426, 0.0 ], [ -64.555057011732387, -21.608671755695397, 0.0 ], [ -64.555056401376675, -21.608668873694121, 0.0 ], [ -64.555044192799926, -21.608607753438211, 0.0 ], [ -64.555043165309954, -21.608601902723031, 0.0 ], [ -64.555042141875049, -21.608593088388929, 0.0 ], [ -64.555042123959907, -21.608592858226274, 0.0 ], [ -64.555037669068867, -21.608536468089063, 0.0 ], [ -64.555037282238303, -21.608527841099921, 0.0 ], [ -64.555037497542486, -21.608518978151341, 0.0 ], [ -64.555038220995158, -21.608511026353138, 0.0 ], [ -64.555041764612781, -21.608482177569595, 0.0 ], [ -64.555041875944127, -21.608481297661228, 0.0 ], [ -64.555042177253839, -21.608479124321537, 0.0 ], [ -64.555045461000759, -21.608456867215747, 0.0 ], [ -64.555045378530906, -21.608456652108707, 0.0 ], [ -64.555036246346276, -21.608438172875545, 0.0 ], [ -64.555034472600425, -21.60843443643169, 0.0 ], [ -64.555031044128015, -21.608426170276218, 0.0 ], [ -64.555028201844678, -21.60841771256985, 0.0 ], [ -64.555026504347822, -21.608411440878271, 0.0 ], [ -64.555019790378665, -21.608383887513678, 0.0 ], [ -64.555019242791545, -21.608381545975273, 0.0 ], [ -64.555017753287089, -21.608373768418769, 0.0 ], [ -64.555011353924769, -21.608333629763919, 0.0 ], [ -64.555005944542501, -21.608307759612543, 0.0 ], [ -64.555004254417426, -21.608301454431192, 0.0 ], [ -64.555004142471134, -21.608301282955953, 0.0 ], [ -64.554985270558632, -21.608278236683066, 0.0 ], [ -64.554983700364048, -21.608276283168347, 0.0 ], [ -64.554966780186191, -21.608254829151726, 0.0 ], [ -64.554963726450794, -21.608250805695103, 0.0 ], [ -64.554958639219308, -21.608243323714593, 0.0 ], [ -64.55495831199579, -21.608242801982151, 0.0 ], [ -64.554942636880909, -21.608217734140496, 0.0 ], [ -64.554939838808366, -21.608213049820097, 0.0 ], [ -64.554927203375129, -21.608190871076289, 0.0 ], [ -64.554919227767201, -21.608180376640398, 0.0 ], [ -64.554902243988906, -21.608164807920097, 0.0 ], [ -64.554853923803591, -21.608131837347095, 0.0 ], [ -64.554796101591336, -21.608104065293894, 0.0 ], [ -64.554746576301937, -21.60808522022306, 0.0 ], [ -64.554738406220906, -21.608081832603432, 0.0 ], [ -64.554730000564319, -21.608077731806862, 0.0 ], [ -64.554725627355197, -21.608075329376383, 0.0 ], [ -64.55468428819087, -21.608051701809661, 0.0 ], [ -64.554680560392114, -21.608049497481279, 0.0 ], [ -64.554672799999821, -21.60804440610201, 0.0 ], [ -64.554671210568529, -21.608043272919833, 0.0 ], [ -64.554646625686729, -21.608025492687776, 0.0 ], [ -64.554640826469253, -21.608021070354535, 0.0 ], [ -64.554633842661104, -21.608015074782244, 0.0 ], [ -64.554627292947316, -21.608008665074472, 0.0 ], [ -64.554621205625878, -21.608001868064402, 0.0 ], [ -64.554616512702012, -21.607995940502526, 0.0 ], [ -64.554582645903594, -21.607950631776063, 0.0 ], [ -64.554581740303917, -21.607949405489304, 0.0 ], [ -64.554576653102885, -21.607941923495062, 0.0 ], [ -64.554572100757923, -21.60793414655684, 0.0 ], [ -64.554568101986092, -21.607926108823495, 0.0 ], [ -64.5545646735535, -21.607917842655617, 0.0 ], [ -64.554563460001447, -21.607914463175621, 0.0 ], [ -64.554551533017246, -21.607879755041026, 0.0 ], [ -64.554549904325398, -21.607874676803792, 0.0 ], [ -64.554547659279649, -21.607866063564671, 0.0 ], [ -64.554546021475474, -21.607857330840176, 0.0 ], [ -64.554545942418116, -21.607856802271215, 0.0 ], [ -64.554537637095677, -21.607800448089979, 0.0 ], [ -64.55453690858937, -21.607794553025887, 0.0 ], [ -64.554534428461039, -21.607769726737825, 0.0 ], [ -64.554529577837073, -21.607740093798473, 0.0 ], [ -64.55452934572547, -21.607738620047932, 0.0 ], [ -64.554529054510382, -21.607736586831244, 0.0 ], [ -64.554501548369061, -21.607533115473288, 0.0 ], [ -64.554463600277984, -21.607322801065887, 0.0 ], [ -64.554456007224559, -21.607296215139865, 0.0 ], [ -64.554448602204872, -21.607282705695919, 0.0 ], [ -64.55442275812787, -21.607249575517965, 0.0 ], [ -64.554420150963779, -21.607246121443342, 0.0 ], [ -64.554415063797819, -21.607238639441565, 0.0 ], [ -64.554415040213229, -21.607238601725218, 0.0 ], [ -64.554395449553226, -21.60720756737069, 0.0 ], [ -64.554390920827871, -21.607199828141269, 0.0 ], [ -64.554386922088725, -21.607191790401082, 0.0 ], [ -64.5543869013147, -21.607191744529167, 0.0 ], [ -64.554371123794596, -21.607157072355019, 0.0 ], [ -64.554369937957716, -21.607154387217474, 0.0 ], [ -64.554353483798494, -21.607115960206809, 0.0 ], [ -64.554346755877219, -21.607103082128699, 0.0 ], [ -64.554330010467694, -21.607079249933726, 0.0 ], [ -64.554307042822259, -21.607049367158361, 0.0 ], [ -64.554305033111703, -21.607046685202192, 0.0 ], [ -64.554299945959087, -21.607039203195946, 0.0 ], [ -64.554299786778103, -21.60703894996518, 0.0 ], [ -64.554268382925827, -21.606988990760446, 0.0 ], [ -64.55418704452849, -21.606886084070705, 0.0 ], [ -64.554166281877215, -21.606871822352311, 0.0 ], [ -64.554138895969544, -21.606858001879186, 0.0 ], [ -64.554122333790545, -21.606853303423435, 0.0 ], [ -64.554083542295075, -21.606850213596328, 0.0 ], [ -64.554078364584512, -21.606849713693059, 0.0 ], [ -64.554072790261429, -21.606848977228907, 0.0 ], [ -64.554027779515309, -21.606842194270158, 0.0 ], [ -64.554023984646918, -21.606841573958878, 0.0 ], [ -64.554014731068165, -21.606839647050055, 0.0 ], [ -64.554007353747579, -21.606837675514853, 0.0 ], [ -64.553951971060613, -21.606821383303807, 0.0 ], [ -64.553950249143682, -21.606820866468546, 0.0 ], [ -64.553941342986917, -21.606817826208456, 0.0 ], [ -64.553940681562437, -21.60681757495934, 0.0 ], [ -64.553876221395967, -21.606792962724327, 0.0 ], [ -64.553868209497807, -21.606789635903741, 0.0 ], [ -64.553860366349966, -21.606785830587295, 0.0 ], [ -64.55382704453676, -21.606768434419688, 0.0 ], [ -64.553807920794569, -21.606762467299756, 0.0 ], [ -64.553749027416458, -21.606748734218325, 0.0 ], [ -64.553747982570584, -21.606748486549751, 0.0 ], [ -64.553738883342106, -21.606745998164659, 0.0 ], [ -64.553730258432807, -21.606743063656495, 0.0 ], [ -64.553664514784273, -21.606718463323922, 0.0 ], [ -64.55366423354522, -21.606718357559973, 0.0 ], [ -64.55365556023186, -21.60671477947831, 0.0 ], [ -64.55364715468373, -21.606710678619795, 0.0 ], [ -64.553645433257316, -21.606709755311449, 0.0 ], [ -64.553584735998541, -21.606676703015292, 0.0 ], [ -64.553578356528604, -21.606673019503159, 0.0 ], [ -64.553570596248136, -21.606667928064926, 0.0 ], [ -64.553565323450925, -21.606664040919764, 0.0 ], [ -64.553523895133338, -21.606632009968866, 0.0 ], [ -64.553521779393591, -21.606630341542367, 0.0 ], [ -64.553518553754117, -21.606627670027994, 0.0 ], [ -64.553483775643656, -21.606597991362484, 0.0 ], [ -64.553441823883603, -21.606565782819644, 0.0 ], [ -64.553388260490649, -21.606528991185847, 0.0 ], [ -64.553327673099091, -21.606487672065199, 0.0 ], [ -64.553325994523689, -21.606486509893525, 0.0 ], [ -64.553318606004098, -21.606480954310367, 0.0 ], [ -64.55331787137041, -21.606480359601662, 0.0 ], [ -64.553271244882183, -21.606442373177352, 0.0 ], [ -64.553264995840095, -21.606436972247543, 0.0 ], [ -64.553260597602758, -21.606432761689156, 0.0 ], [ -64.553147129175159, -21.60631930001129, 0.0 ], [ -64.553110957431485, -21.60628419305549, 0.0 ], [ -64.553079509072248, -21.60626131453472, 0.0 ], [ -64.55304617897599, -21.606240680102317, 0.0 ], [ -64.553004782998585, -21.606220251937042, 0.0 ], [ -64.553001215847431, -21.606218431757519, 0.0 ], [ -64.552993114995004, -21.606213824904973, 0.0 ], [ -64.552985354758761, -21.606208733436478, 0.0 ], [ -64.552982164895141, -21.606206425588901, 0.0 ], [ -64.552961457746818, -21.606191009731567, 0.0 ], [ -64.552957259118585, -21.606187761978475, 0.0 ], [ -64.552950275468234, -21.606181766324809, 0.0 ], [ -64.552943890982746, -21.606175528424163, 0.0 ], [ -64.55291532687545, -21.606145778067177, 0.0 ], [ -64.552915161805018, -21.606145606182952, 0.0 ], [ -64.552910317912506, -21.606140272510626, 0.0 ], [ -64.552899847379749, -21.60612812209963, 0.0 ], [ -64.55288970133401, -21.606120219383087, 0.0 ], [ -64.552861679354834, -21.606101892857357, 0.0 ], [ -64.552767110632459, -21.606046847797387, 0.0 ], [ -64.552665434988029, -21.605991081374388, 0.0 ], [ -64.552659446132893, -21.605987610959648, 0.0 ], [ -64.552652293173324, -21.605982944659456, 0.0 ], [ -64.552544930901732, -21.605908304398653, 0.0 ], [ -64.552544323648902, -21.605907879212818, 0.0 ], [ -64.552540452229835, -21.60590506105423, 0.0 ], [ -64.552460202955899, -21.605844575530586, 0.0 ], [ -64.552457724377106, -21.60584266478962, 0.0 ], [ -64.552411975442084, -21.605806588427022, 0.0 ], [ -64.552335424240113, -21.605765434146512, 0.0 ], [ -64.552328346329702, -21.605761372312745, 0.0 ], [ -64.552324604334117, -21.605759005472471, 0.0 ], [ -64.55228840133141, -21.605735330225222, 0.0 ], [ -64.552284383138456, -21.605732605561901, 0.0 ], [ -64.552276994695774, -21.605727049927307, 0.0 ], [ -64.552270011094947, -21.605721054241737, 0.0 ], [ -64.552265203817342, -21.605716432876246, 0.0 ], [ -64.552239246410252, -21.605690260253482, 0.0 ], [ -64.552237504182798, -21.605688471803667, 0.0 ], [ -64.552231417071624, -21.605681674691802, 0.0 ], [ -64.552229356015033, -21.605679153966026, 0.0 ], [ -64.552179905838074, -21.605617180475601, 0.0 ], [ -64.552176368582877, -21.605612547256946, 0.0 ], [ -64.552176283306281, -21.605612430629268, 0.0 ], [ -64.55213198012828, -21.605551609524959, 0.0 ], [ -64.552129632293557, -21.605548282155546, 0.0 ], [ -64.552108082980752, -21.605516742778715, 0.0 ], [ -64.552078211090688, -21.605482530632155, 0.0 ], [ -64.552044372235997, -21.605445775789459, 0.0 ], [ -64.552041264419074, -21.605442282987042, 0.0 ], [ -64.552008708093425, -21.605404424132917, 0.0 ], [ -64.551979887912495, -21.605372729466158, 0.0 ], [ -64.551971055439779, -21.60536608170198, 0.0 ], [ -64.55194840804873, -21.60535754675119, 0.0 ], [ -64.551899022558288, -21.605346706826747, 0.0 ], [ -64.551836530100928, -21.605339860514977, 0.0 ], [ -64.551835910229883, -21.60533979132715, 0.0 ], [ -64.551828223884868, -21.605338721312748, 0.0 ], [ -64.55173668422448, -21.605323623699128, 0.0 ], [ -64.551608765195269, -21.605310947361062, 0.0 ], [ -64.551561500807523, -21.605313056512003, 0.0 ], [ -64.551496661181631, -21.605324134513513, 0.0 ], [ -64.551495161882357, -21.605324383343486, 0.0 ], [ -64.551368270670821, -21.605344777210675, 0.0 ], [ -64.55136407369622, -21.605345392628347, 0.0 ], [ -64.55135464815605, -21.605346349460927, 0.0 ], [ -64.551349437285609, -21.605346629289304, 0.0 ], [ -64.551305801201593, -21.605348237548291, 0.0 ], [ -64.551301540760676, -21.605348335990026, 0.0 ], [ -64.551273297188047, -21.605348599367996, 0.0 ], [ -64.551263819693347, -21.605348397801301, 0.0 ], [ -64.551254375622889, -21.605347616934719, 0.0 ], [ -64.551245006544306, -21.605346259993613, 0.0 ], [ -64.551235753088307, -21.605344332921945, 0.0 ], [ -64.551226653982923, -21.605341844391127, 0.0 ], [ -64.551217747965808, -21.605338803975801, 0.0 ], [ -64.551213717820829, -21.605337220209879, 0.0 ], [ -64.551187927071524, -21.605326654134995, 0.0 ], [ -64.551183284039865, -21.605324659681788, 0.0 ], [ -64.551174878635948, -21.605320558688664, 0.0 ], [ -64.551169769878186, -21.605317733065053, 0.0 ], [ -64.551133384294644, -21.605296655213007, 0.0 ], [ -64.551061054278591, -21.605258277307097, 0.0 ], [ -64.550935754441625, -21.605204251111093, 0.0 ], [ -64.55089013078296, -21.605194460620091, 0.0 ], [ -64.550844111777678, -21.605187178533736, 0.0 ], [ -64.550841437300221, -21.605186731063128, 0.0 ], [ -64.550832183858333, -21.605184803968029, 0.0 ], [ -64.550823084768524, -21.60518231541408, 0.0 ], [ -64.55081955591902, -21.605181184012935, 0.0 ], [ -64.550770592796255, -21.605164830843172, 0.0 ], [ -64.550765215646734, -21.605162921804549, 0.0 ], [ -64.550760688793261, -21.605161133101817, 0.0 ], [ -64.550718131523809, -21.60514351977168, 0.0 ], [ -64.550713985221293, -21.60514173022997, 0.0 ], [ -64.550705579839899, -21.605137629211637, 0.0 ], [ -64.550705268030953, -21.605137464112381, 0.0 ], [ -64.550671886592241, -21.605119751686619, 0.0 ], [ -64.550629892111047, -21.605102649749742, 0.0 ], [ -64.550626191552922, -21.605101085478175, 0.0 ], [ -64.550596050185447, -21.60508785821748, 0.0 ], [ -64.550542225577843, -21.605068491862319, 0.0 ], [ -64.550493111444538, -21.60505799221799, 0.0 ], [ -64.550489299527797, -21.605057126295694, 0.0 ], [ -64.550480200450707, -21.605054637722123, 0.0 ], [ -64.550471294464458, -21.605051597264744, 0.0 ], [ -64.550467883251017, -21.605050265139607, 0.0 ], [ -64.55043306756086, -21.605036181769378, 0.0 ], [ -64.550427805631315, -21.605033935633838, 0.0 ], [ -64.550422481853161, -21.605031414581074, 0.0 ], [ -64.550394084802093, -21.605017271380898, 0.0 ], [ -64.550391003212965, -21.605015691399363, 0.0 ], [ -64.550382902504154, -21.605011084410059, 0.0 ], [ -64.550379997006658, -21.605009260714272, 0.0 ], [ -64.550349954577825, -21.604989905690722, 0.0 ], [ -64.550311524993603, -21.604969245033264, 0.0 ], [ -64.550275788050271, -21.604950282688471, 0.0 ], [ -64.550261790053796, -21.604943899747159, 0.0 ], [ -64.550254101944859, -21.604940123515881, 0.0 ], [ -64.550246001244275, -21.604935516519358, 0.0 ], [ -64.550238241166753, -21.60493042491208, 0.0 ], [ -64.550235384337881, -21.60492836410662, 0.0 ], [ -64.550201737100323, -21.604903464129482, 0.0 ], [ -64.550197205602885, -21.604899969200805, 0.0 ], [ -64.550190222123888, -21.604893973419831, 0.0 ], [ -64.550183672743998, -21.60488756351457, 0.0 ], [ -64.550180111868272, -21.604883697334518, 0.0 ], [ -64.550163218373882, -21.604864643374324, 0.0 ], [ -64.550160692266061, -21.604861712358641, 0.0 ], [ -64.550155094082555, -21.604854558337124, 0.0 ], [ -64.550150007219187, -21.604847076184665, 0.0 ], [ -64.550145455210895, -21.604839299102526, 0.0 ], [ -64.550141456773261, -21.604831261240161, 0.0 ], [ -64.550140774078031, -21.604829737483691, 0.0 ], [ -64.550130248060512, -21.604805822470215, 0.0 ], [ -64.550127502654547, -21.604799079944872, 0.0 ], [ -64.550124660736017, -21.604790622129858, 0.0 ], [ -64.550122416008392, -21.604782008809398, 0.0 ], [ -64.550120778514398, -21.604773276020254, 0.0 ], [ -64.550120577394068, -21.604771895910549, 0.0 ], [ -64.550115020176449, -21.604732325405926, 0.0 ], [ -64.550114839790041, -21.604730987556106, 0.0 ], [ -64.550111544781259, -21.604705568982986, 0.0 ], [ -64.550108615638152, -21.604693547726701, 0.0 ], [ -64.55010444906182, -21.604683054569676, 0.0 ], [ -64.550091654278347, -21.604662591264063, 0.0 ], [ -64.550081609775091, -21.604648149638951, 0.0 ], [ -64.550053685516005, -21.604619354747548, 0.0 ], [ -64.549941503975319, -21.604528315584226, 0.0 ], [ -64.549888102428042, -21.604493237412623, 0.0 ], [ -64.549884330397177, -21.604490673883131, 0.0 ], [ -64.549876942105229, -21.604485118131862, 0.0 ], [ -64.549869958659613, -21.604479122335171, 0.0 ], [ -64.549864920085369, -21.604474266395062, 0.0 ], [ -64.549843717158424, -21.604452786652388, 0.0 ], [ -64.549784425143329, -21.604400607752037, 0.0 ], [ -64.549716975510762, -21.604345179929208, 0.0 ], [ -64.549690984666768, -21.604328044271973, 0.0 ], [ -64.549687416910928, -21.604325615226582, 0.0 ], [ -64.549684072337939, -21.604323192231409, 0.0 ], [ -64.549649128046781, -21.604297102878718, 0.0 ], [ -64.549645084345016, -21.604293970111865, 0.0 ], [ -64.549638100917988, -21.604287974304178, 0.0 ], [ -64.549635185583625, -21.604285224846652, 0.0 ], [ -64.549613131589282, -21.604263818033182, 0.0 ], [ -64.549609497596819, -21.60426015755964, 0.0 ], [ -64.549604653886519, -21.604254823778852, 0.0 ], [ -64.549585154170003, -21.604232192739392, 0.0 ], [ -64.549583910950147, -21.6042307292999, 0.0 ], [ -64.549578312820088, -21.604223575255293, 0.0 ], [ -64.549573226009485, -21.604216093081547, 0.0 ], [ -64.549571723228681, -21.604213656541457, 0.0 ], [ -64.549557345799812, -21.604189776453808, 0.0 ], [ -64.549554296625203, -21.604184435892055, 0.0 ], [ -64.549550298239765, -21.60417639801183, 0.0 ], [ -64.549546870188308, -21.604168131714559, 0.0 ], [ -64.549544028317698, -21.604159673886237, 0.0 ], [ -64.549541783636229, -21.604151060554674, 0.0 ], [ -64.549541677082686, -21.604150578304353, 0.0 ], [ -64.549530881732579, -21.604101451316563, 0.0 ], [ -64.549529350837616, -21.604093200768663, 0.0 ], [ -64.549528394148751, -21.604085176106413, 0.0 ], [ -64.549525469083832, -21.604051585006431, 0.0 ], [ -64.549525402720164, -21.604050795274173, 0.0 ], [ -64.549524998340459, -21.604041938083554, 0.0 ], [ -64.54952520726917, -21.604033350674023, 0.0 ], [ -64.549525205826299, -21.604033215198822, 0.0 ], [ -64.549527376491525, -21.603995973541434, 0.0 ], [ -64.54952738465839, -21.603995833460438, 0.0 ], [ -64.549528219771787, -21.603987001758455, 0.0 ], [ -64.549529670896277, -21.603978240192493, 0.0 ], [ -64.549531731675302, -21.60396958675851, 0.0 ], [ -64.549534392835682, -21.603961077673187, 0.0 ], [ -64.549536995936904, -21.603954281705047, 0.0 ], [ -64.549546093105619, -21.603932385107029, 0.0 ], [ -64.549551309579385, -21.603918397447892, 0.0 ], [ -64.549549528510354, -21.603907878440552, 0.0 ], [ -64.549549180892825, -21.603905711150318, 0.0 ], [ -64.549548520735797, -21.603900679831508, 0.0 ], [ -64.549544260029137, -21.603862297647762, 0.0 ], [ -64.549543897134768, -21.603858514571925, 0.0 ], [ -64.549543662668086, -21.603855000373908, 0.0 ], [ -64.549538931270803, -21.603765530709541, 0.0 ], [ -64.54953463172005, -21.603712073516551, 0.0 ], [ -64.54953423072044, -21.603703261456985, 0.0 ], [ -64.549533591413791, -21.603643234199208, 0.0 ], [ -64.549533734488733, -21.603635718666276, 0.0 ], [ -64.549535757969309, -21.603594179775303, 0.0 ], [ -64.549536500353824, -21.603560045077003, 0.0 ], [ -64.549535332356839, -21.603529367777163, 0.0 ], [ -64.549527794892072, -21.603497465370221, 0.0 ], [ -64.549514686188132, -21.603447598475451, 0.0 ], [ -64.549485811326832, -21.603381477971652, 0.0 ], [ -64.549483545408364, -21.60337594765404, 0.0 ], [ -64.549406192222875, -21.603174031244475, 0.0 ], [ -64.549341805799898, -21.6030174396363, 0.0 ], [ -64.549297864732452, -21.602920864247132, 0.0 ], [ -64.549291357802076, -21.60290935772311, 0.0 ], [ -64.549251177060967, -21.602897517141642, 0.0 ], [ -64.549107556378075, -21.602858912433792, 0.0 ], [ -64.548834685782197, -21.60279108105766, 0.0 ], [ -64.548732913073962, -21.602773030264824, 0.0 ], [ -64.54861060973532, -21.602755331293618, 0.0 ], [ -64.548605916285467, -21.602754578307749, 0.0 ], [ -64.548599028483622, -21.602753199917665, 0.0 ], [ -64.548557846086524, -21.602743977999406, 0.0 ], [ -64.548555480624813, -21.602743429157851, 0.0 ], [ -64.548546381721053, -21.602740940467175, 0.0 ], [ -64.548542067776026, -21.602739544440386, 0.0 ], [ -64.548500833312119, -21.602725520369169, 0.0 ], [ -64.54849624145011, -21.602723875822129, 0.0 ], [ -64.548487568490444, -21.602720297447437, 0.0 ], [ -64.548480094763136, -21.60271668352253, 0.0 ], [ -64.548432326782205, -21.602691913664142, 0.0 ], [ -64.548431395328109, -21.602691426444647, 0.0 ], [ -64.54842611566103, -21.602688501154315, 0.0 ], [ -64.548316304912774, -21.602624687270758, 0.0 ], [ -64.548313484063499, -21.602623005461634, 0.0 ], [ -64.548305724176387, -21.602617913751434, 0.0 ], [ -64.548298336039977, -21.602612357919547, 0.0 ], [ -64.548297361760888, -21.602611567603041, 0.0 ], [ -64.548261096291071, -21.602581888022094, 0.0 ], [ -64.548255087282811, -21.602576682463578, 0.0 ], [ -64.548248538094327, -21.602570272469084, 0.0 ], [ -64.548242451300098, -21.602563475189807, 0.0 ], [ -64.548236853302711, -21.602556321090901, 0.0 ], [ -64.548235262994439, -21.602554096713213, 0.0 ], [ -64.548214403562525, -21.602524273752703, 0.0 ], [ -64.548210907192086, -21.602519015906019, 0.0 ], [ -64.548208953071168, -21.602515823007785, 0.0 ], [ -64.548202383205052, -21.602504746068632, 0.0 ], [ -64.548189737789414, -21.602496642286699, 0.0 ], [ -64.548170002472716, -21.602484958025627, 0.0 ], [ -64.548168207023977, -21.602483878177726, 0.0 ], [ -64.548160447149243, -21.602478786459908, 0.0 ], [ -64.548153059025367, -21.602473230620728, 0.0 ], [ -64.548146075748136, -21.60246723474026, 0.0 ], [ -64.548139526569429, -21.602460824740788, 0.0 ], [ -64.54813712799853, -21.602458252902682, 0.0 ], [ -64.548124136699968, -21.602443965918422, 0.0 ], [ -64.548120448487126, -21.602439740472288, 0.0 ], [ -64.548114850500639, -21.602432586368515, 0.0 ], [ -64.548109763831192, -21.602425104140238, 0.0 ], [ -64.548105212012842, -21.602417326989048, 0.0 ], [ -64.548104326952483, -21.602415662390399, 0.0 ], [ -64.548092616786676, -21.602393241384309, 0.0 ], [ -64.548078152075604, -21.602368379209803, 0.0 ], [ -64.548077250410117, -21.602367332594085, 0.0 ], [ -64.54806659005412, -21.602359518341977, 0.0 ], [ -64.548039089805698, -21.602340901547304, 0.0 ], [ -64.548036993947235, -21.602339455963673, 0.0 ], [ -64.54802960583514, -21.602333900118225, 0.0 ], [ -64.548028200883067, -21.602332756116926, 0.0 ], [ -64.548008581920655, -21.602316571622733, 0.0 ], [ -64.547975389341772, -21.602295003543649, 0.0 ], [ -64.547971010474427, -21.602292042758496, 0.0 ], [ -64.547963747062113, -21.602286586914538, 0.0 ], [ -64.547943028229597, -21.602269970951941, 0.0 ], [ -64.547942903534704, -21.602269870947186, 0.0 ], [ -64.547935920275876, -21.602263875056639, 0.0 ], [ -64.547929371115629, -21.602257465047671, 0.0 ], [ -64.547923284349608, -21.602250667754792, 0.0 ], [ -64.547917686380273, -21.602243513643224, 0.0 ], [ -64.547915624271013, -21.602240609885058, 0.0 ], [ -64.547899975615081, -21.602217941882866, 0.0 ], [ -64.5478969510729, -21.602213363405227, 0.0 ], [ -64.547892399272925, -21.602205586246942, 0.0 ], [ -64.547888401038449, -21.602197548316187, 0.0 ], [ -64.547884973133435, -21.602189281974358, 0.0 ], [ -64.547882131404052, -21.602180824107627, 0.0 ], [ -64.547880583721053, -21.602175160625045, 0.0 ], [ -64.547872536869818, -21.602142817549215, 0.0 ], [ -64.547871840007133, -21.60213986766809, 0.0 ], [ -64.547870202687335, -21.602131134844267, 0.0 ], [ -64.547869820247499, -21.602128415078511, 0.0 ], [ -64.547864225471116, -21.602085242606286, 0.0 ], [ -64.547863584980703, -21.602079147958406, 0.0 ], [ -64.547863280806752, -21.602074161189343, 0.0 ], [ -64.547861549338421, -21.602032154107825, 0.0 ], [ -64.547861449247435, -21.602028283673835, 0.0 ], [ -64.547861665007034, -21.60201942070233, 0.0 ], [ -64.547862500218983, -21.602010589001353, 0.0 ], [ -64.547863951433229, -21.602001827443097, 0.0 ], [ -64.547865852415882, -21.601993761725598, 0.0 ], [ -64.547884380914809, -21.60192515036459, 0.0 ], [ -64.547884540791586, -21.601924562662518, 0.0 ], [ -64.547887202020874, -21.601916053598021, 0.0 ], [ -64.547890453382479, -21.601907725114355, 0.0 ], [ -64.547891053084427, -21.601906353808371, 0.0 ], [ -64.547942462357838, -21.601790610713952, 0.0 ], [ -64.547945689086703, -21.601783871289946, 0.0 ], [ -64.547945872679307, -21.601783515504543, 0.0 ], [ -64.54804274218894, -21.601596509580229, 0.0 ], [ -64.5480469440175, -21.60158900505462, 0.0 ], [ -64.548051870454287, -21.601581429655489, 0.0 ], [ -64.548054905272252, -21.601577260881978, 0.0 ], [ -64.548089737619605, -21.601531276170562, 0.0 ], [ -64.548094776501273, -21.601520743359615, 0.0 ], [ -64.548083334374283, -21.601515246913635, 0.0 ], [ -64.548056739800288, -21.601506481653043, 0.0 ], [ -64.548018528324789, -21.60149767092102, 0.0 ], [ -64.548017106880621, -21.601497336392011, 0.0 ], [ -64.548008008063462, -21.601494847666345, 0.0 ], [ -64.548002258441429, -21.601492955543311, 0.0 ], [ -64.547962307885328, -21.601478919370461, 0.0 ], [ -64.547959151787396, -21.601477770885577, 0.0 ], [ -64.547955737772583, -21.60147643782576, 0.0 ], [ -64.547909318614757, -21.601457658294496, 0.0 ], [ -64.547904688630581, -21.601455694329754, 0.0 ], [ -64.547854378739828, -21.601433349688804, 0.0 ], [ -64.547853749868338, -21.601433068303173, 0.0 ], [ -64.547845344779205, -21.601428967120881, 0.0 ], [ -64.547837244350077, -21.601424359988936, 0.0 ], [ -64.547829484544934, -21.601419268250993, 0.0 ], [ -64.547822096489284, -21.601413712392461, 0.0 ], [ -64.547815113278588, -21.601407716493497, 0.0 ], [ -64.547812200954453, -21.601404968776983, 0.0 ], [ -64.547790146711833, -21.601383561681551, 0.0 ], [ -64.547786509922943, -21.601379899380532, 0.0 ], [ -64.547780423202752, -21.601373102079144, 0.0 ], [ -64.547774825276846, -21.601365947959607, 0.0 ], [ -64.547774243979688, -21.601365144950979, 0.0 ], [ -64.54774166537085, -21.601319822627936, 0.0 ], [ -64.54773716005937, -21.601313143392591, 0.0 ], [ -64.547732608299086, -21.601305366226939, 0.0 ], [ -64.547728610101331, -21.601297328289512, 0.0 ], [ -64.547726245816321, -21.601291802469742, 0.0 ], [ -64.547716311085324, -21.601267022761888, 0.0 ], [ -64.54771248550017, -21.601258141381354, 0.0 ], [ -64.547708894129144, -21.601253754242563, 0.0 ], [ -64.547695370463458, -21.601239980702083, 0.0 ], [ -64.547678145746332, -21.601225946222463, 0.0 ], [ -64.547671894218453, -21.601220543274032, 0.0 ], [ -64.547665345119256, -21.601214133250391, 0.0 ], [ -64.54766050158544, -21.601208799400787, 0.0 ], [ -64.547641002596606, -21.601186168083, 0.0 ], [ -64.547639759423447, -21.601184704625727, 0.0 ], [ -64.547634161512022, -21.601177550500459, 0.0 ], [ -64.547629074914596, -21.601170068252284, 0.0 ], [ -64.547624523164899, -21.601162291082922, 0.0 ], [ -64.547620524977404, -21.601154253142191, 0.0 ], [ -64.547618296620584, -21.601149065681309, 0.0 ], [ -64.547603792148848, -21.601113179551614, 0.0 ], [ -64.547602592644793, -21.601110100661607, 0.0 ], [ -64.547599750956849, -21.601101642786784, 0.0 ], [ -64.547597506448298, -21.601093029416244, 0.0 ], [ -64.547596649997089, -21.601088876973908, 0.0 ], [ -64.547588488372483, -21.601045729260257, 0.0 ], [ -64.54758770753682, -21.601041148873218, 0.0 ], [ -64.547586684635178, -21.60103233445534, 0.0 ], [ -64.547586335157291, -21.60102608354406, 0.0 ], [ -64.547584386735295, -21.600963666632083, 0.0 ], [ -64.547584331972288, -21.600961060337365, 0.0 ], [ -64.547584547751654, -21.600952197364212, 0.0 ], [ -64.547585382978824, -21.6009433656629, 0.0 ], [ -64.547585510920214, -21.600942408825354, 0.0 ], [ -64.547591470679833, -21.600899128857513, 0.0 ], [ -64.547592793962707, -21.600891324137763, 0.0 ], [ -64.547594854827395, -21.600882670720424, 0.0 ], [ -64.547595836816043, -21.600879283399578, 0.0 ], [ -64.547629207022027, -21.600769835889636, 0.0 ], [ -64.547634238379956, -21.600737979937374, 0.0 ], [ -64.547638358370904, -21.600684185086475, 0.0 ], [ -64.547639046616595, -21.60067751715297, 0.0 ], [ -64.547640497836596, -21.600668755595294, 0.0 ], [ -64.547640596999699, -21.600668271429594, 0.0 ], [ -64.547658908417205, -21.600579251172871, 0.0 ], [ -64.54766087011177, -21.60057108192062, 0.0 ], [ -64.547662560321029, -21.60056544793057, 0.0 ], [ -64.547722215010339, -21.600381882008353, 0.0 ], [ -64.54773071803919, -21.600314558927323, 0.0 ], [ -64.547727138540097, -21.600280047101233, 0.0 ], [ -64.547718735895884, -21.600238755118244, 0.0 ], [ -64.547693458157312, -21.600178873876541, 0.0 ], [ -64.547691495306267, -21.600173947697265, 0.0 ], [ -64.547688653635262, -21.600165489822242, 0.0 ], [ -64.54768787517861, -21.600162767415895, 0.0 ], [ -64.547663055619012, -21.600072222599785, 0.0 ], [ -64.54766158958229, -21.600066331634913, 0.0 ], [ -64.547659952306802, -21.600057598804788, 0.0 ], [ -64.547659700055661, -21.600055676307072, 0.0 ], [ -64.547596994409901, -21.599967800731967, 0.0 ], [ -64.547468361264691, -21.599868706507184, 0.0 ], [ -64.54741724780736, -21.599853298973045, 0.0 ], [ -64.54738377503844, -21.599799232288518, 0.0 ], [ -64.54734859860983, -21.599731093312833, 0.0 ], [ -64.547269419174583, -21.59957476016125, 0.0 ], [ -64.547193140734933, -21.599429090956715, 0.0 ], [ -64.547189809499869, -21.599422729569902, 0.0 ], [ -64.547097136324155, -21.599268281332961, 0.0 ], [ -64.547095166936074, -21.599264826613965, 0.0 ], [ -64.547050744922345, -21.599182623068788, 0.0 ], [ -64.547048086088893, -21.599177276109145, 0.0 ], [ -64.547046745346535, -21.599174173234996, 0.0 ], [ -64.547030140003272, -21.599133604197661, 0.0 ], [ -64.547029195890772, -21.599131196758027, 0.0 ], [ -64.547027893866755, -21.599127465758766, 0.0 ], [ -64.54701888887044, -21.599099625233894, 0.0 ], [ -64.547018295844993, -21.599097717645176, 0.0 ], [ -64.547016799551315, -21.599091975087955, 0.0 ], [ -64.547015709041943, -21.599086153787464, 0.0 ], [ -64.547015368635485, -21.599083660344796, 0.0 ], [ -64.547012779381859, -21.599062325958364, 0.0 ], [ -64.546925901423236, -21.599063133671276, 0.0 ], [ -64.546890597057995, -21.599077782153483, 0.0 ], [ -64.546818476019538, -21.599109463306615, 0.0 ], [ -64.546815259569527, -21.599110809255656, 0.0 ], [ -64.546809367438073, -21.599112946041782, 0.0 ], [ -64.546804554547691, -21.59911439264096, 0.0 ], [ -64.546756173162777, -21.5991276406696, 0.0 ], [ -64.546754956759727, -21.599127966311194, 0.0 ], [ -64.546748816292549, -21.599129365634646, 0.0 ], [ -64.54674259162654, -21.599130385468555, 0.0 ], [ -64.546736307852058, -21.59913102377314, 0.0 ], [ -64.546729993893706, -21.599131275763231, 0.0 ], [ -64.546723675826783, -21.59913114119643, 0.0 ], [ -64.54672356856122, -21.599131135870728, 0.0 ], [ -64.546704895953226, -21.599130146046015, 0.0 ], [ -64.546698707118736, -21.599129630004967, 0.0 ], [ -64.546692462006092, -21.599128726085425, 0.0 ], [ -64.546686293009643, -21.599127441186102, 0.0 ], [ -64.546680227237644, -21.599125781377804, 0.0 ], [ -64.546674290851826, -21.599123754546696, 0.0 ], [ -64.546670390576267, -21.599122192032649, 0.0 ], [ -64.546651643779725, -21.599114221602715, 0.0 ], [ -64.546649761286062, -21.59911339816674, 0.0 ], [ -64.546644158333763, -21.599110664596417, 0.0 ], [ -64.546638758481649, -21.599107593125698, 0.0 ], [ -64.54663626238009, -21.599106014849056, 0.0 ], [ -64.54660995238423, -21.599088806630657, 0.0 ], [ -64.546607275066137, -21.599086989771024, 0.0 ], [ -64.546602349488595, -21.599083286125676, 0.0 ], [ -64.546597694128081, -21.599079289119132, 0.0 ], [ -64.546577592179474, -21.599060859794395, 0.0 ], [ -64.546573226534534, -21.599056586406778, 0.0 ], [ -64.546569169145258, -21.599052054531569, 0.0 ], [ -64.546565436650155, -21.599047284789112, 0.0 ], [ -64.546562045678144, -21.599042296896588, 0.0 ], [ -64.546559011911583, -21.599037112386451, 0.0 ], [ -64.546556346204056, -21.599031752836076, 0.0 ], [ -64.546554061369449, -21.599026242514348, 0.0 ], [ -64.546552283459462, -21.599020991232575, 0.0 ], [ -64.546544547171649, -21.598995465679952, 0.0 ], [ -64.546544430051654, -21.598995078367125, 0.0 ], [ -64.546542933777729, -21.598989335804387, 0.0 ], [ -64.546541843288168, -21.598983514499551, 0.0 ], [ -64.546541160763937, -21.598977637917123, 0.0 ], [ -64.546540947791456, -21.59897404763537, 0.0 ], [ -64.546539221716216, -21.598928685750263, 0.0 ], [ -64.5465391652466, -21.598926371222166, 0.0 ], [ -64.546539253978139, -21.598922723940667, 0.0 ], [ -64.546539238042129, -21.598921860573125, 0.0 ], [ -64.546542227883208, -21.598852021698356, 0.0 ], [ -64.546542298986694, -21.598850623695718, 0.0 ], [ -64.54654285648563, -21.598844735587839, 0.0 ], [ -64.546542929812645, -21.598844183015025, 0.0 ], [ -64.546556782723272, -21.598742827822914, 0.0 ], [ -64.546557373966564, -21.598739115352405, 0.0 ], [ -64.546572656200823, -21.598655199645705, 0.0 ], [ -64.546572958187298, -21.59865362426482, 0.0 ], [ -64.546573678084727, -21.598650384809488, 0.0 ], [ -64.546590211284538, -21.598582212118831, 0.0 ], [ -64.54661114868621, -21.598489771276064, 0.0 ], [ -64.546627866524233, -21.598402713331875, 0.0 ], [ -64.546634928894974, -21.59833392864093, 0.0 ], [ -64.546634652935992, -21.598200175696981, 0.0 ], [ -64.546623040210989, -21.598133972673981, 0.0 ], [ -64.546608763041718, -21.598071432741822, 0.0 ], [ -64.546562275152425, -21.597976173548386, 0.0 ], [ -64.546561904811696, -21.597975406510383, 0.0 ], [ -64.546528818343717, -21.597905902025055, 0.0 ], [ -64.546528193664969, -21.597904559264929, 0.0 ], [ -64.546525908852018, -21.597899048940974, 0.0 ], [ -64.546525605547458, -21.597898227987546, 0.0 ], [ -64.546495632123694, -21.597815736404463, 0.0 ], [ -64.546466541464483, -21.597747238030159, 0.0 ], [ -64.546451181687658, -21.59772741694259, 0.0 ], [ -64.546425270201453, -21.597704510829086, 0.0 ], [ -64.546399307300959, -21.597684855115528, 0.0 ], [ -64.54639711795528, -21.597683147526634, 0.0 ], [ -64.546392462647447, -21.597679150510704, 0.0 ], [ -64.546389530470137, -21.597676342429136, 0.0 ], [ -64.546361865635589, -21.597648674357384, 0.0 ], [ -64.546360432217853, -21.597647209042691, 0.0 ], [ -64.546356374877163, -21.597642677158831, 0.0 ], [ -64.546352642428005, -21.597637907408245, 0.0 ], [ -64.546349251499151, -21.597632919508182, 0.0 ], [ -64.546346458134963, -21.597628177161013, 0.0 ], [ -64.546338678133552, -21.597613978866473, 0.0 ], [ -64.54631633625047, -21.597577785135798, 0.0 ], [ -64.546291673186971, -21.597550473041178, 0.0 ], [ -64.546289428190661, -21.597547890709585, 0.0 ], [ -64.546285695746263, -21.597543120957184, 0.0 ], [ -64.546282304822014, -21.597538133055419, 0.0 ], [ -64.546279271100104, -21.597532948536816, 0.0 ], [ -64.546277940002099, -21.597530386617009, 0.0 ], [ -64.54626522836314, -21.597504907273631, 0.0 ], [ -64.546263893795441, -21.597502109635244, 0.0 ], [ -64.546261608999615, -21.597496599306421, 0.0 ], [ -64.546259714004663, -21.597490960705656, 0.0 ], [ -64.546258217761306, -21.59748521813777, 0.0 ], [ -64.546258060433416, -21.597484500605322, 0.0 ], [ -64.546252824402487, -21.59746011519292, 0.0 ], [ -64.546251891267843, -21.597455011416251, 0.0 ], [ -64.546251480827351, -21.597451924276864, 0.0 ], [ -64.546247366028368, -21.597415892659139, 0.0 ], [ -64.546247093967864, -21.597413103212695, 0.0 ], [ -64.5462469793097, -21.59741149286355, 0.0 ], [ -64.546243972437622, -21.597362653572642, 0.0 ], [ -64.546243817672931, -21.597358359109499, 0.0 ], [ -64.546243961586782, -21.597352450456391, 0.0 ], [ -64.546244519096248, -21.597346562348118, 0.0 ], [ -64.54624465255155, -21.597345578361892, 0.0 ], [ -64.546248124601433, -21.597321112031665, 0.0 ], [ -64.546248957710105, -21.597316255594357, 0.0 ], [ -64.546250331646675, -21.597310486355958, 0.0 ], [ -64.546251344389262, -21.597307083400175, 0.0 ], [ -64.546260978668343, -21.597277000248095, 0.0 ], [ -64.546263960023538, -21.597263529336441, 0.0 ], [ -64.546263790402932, -21.597247563997858, 0.0 ], [ -64.546260225922339, -21.5972272394615, 0.0 ], [ -64.546250942752678, -21.597190370674021, 0.0 ], [ -64.54622947498774, -21.597140080667465, 0.0 ], [ -64.546210455223886, -21.597096298475698, 0.0 ], [ -64.546208791802869, -21.597092183327007, 0.0 ], [ -64.546206896816258, -21.597086544724917, 0.0 ], [ -64.546205400580206, -21.597080802155922, 0.0 ], [ -64.5462043101235, -21.597074980845932, 0.0 ], [ -64.546203627627037, -21.597069104259457, 0.0 ], [ -64.546203581641464, -21.597068503116027, 0.0 ], [ -64.546200672700465, -21.597028970095753, 0.0 ], [ -64.546200449266564, -21.597023666426452, 0.0 ], [ -64.546200593182775, -21.597017757773077, 0.0 ], [ -64.546201150693648, -21.597011869664662, 0.0 ], [ -64.546202117258289, -21.597006029241211, 0.0 ], [ -64.546203491194646, -21.597000260003057, 0.0 ], [ -64.546205266011157, -21.596994587301793, 0.0 ], [ -64.546206475616728, -21.596991350523254, 0.0 ], [ -64.546222227622508, -21.596951645011714, 0.0 ], [ -64.546223185280553, -21.596949330092148, 0.0 ], [ -64.546225736539185, -21.596943922057168, 0.0 ], [ -64.546228659497956, -21.596938682187613, 0.0 ], [ -64.546231943763999, -21.596933632258281, 0.0 ], [ -64.546235574115769, -21.596928794088811, 0.0 ], [ -64.546239534346824, -21.596924187701461, 0.0 ], [ -64.546242053254758, -21.596921552973054, 0.0 ], [ -64.546287599172473, -21.596875751812341, 0.0 ], [ -64.546289354176949, -21.596874032860541, 0.0 ], [ -64.546293923613078, -21.596869950121121, 0.0 ], [ -64.546296187336338, -21.596868114437953, 0.0 ], [ -64.546322745199234, -21.596847242628893, 0.0 ], [ -64.546288735520193, -21.596829983941578, 0.0 ], [ -64.546183304931006, -21.596779031599553, 0.0 ], [ -64.546180186912963, -21.596777456382185, 0.0 ], [ -64.546174787159572, -21.596774384889855, 0.0 ], [ -64.546171253247493, -21.596772118026873, 0.0 ], [ -64.546091056168876, -21.596718178028265, 0.0 ], [ -64.546089416758363, -21.596717049733627, 0.0 ], [ -64.546086769205715, -21.596715120581884, 0.0 ], [ -64.545951317225956, -21.596612824827634, 0.0 ], [ -64.545949039300751, -21.59661105031001, 0.0 ], [ -64.545944384040695, -21.596607053278273, 0.0 ], [ -64.545940018491763, -21.596602779867307, 0.0 ], [ -64.54593953206853, -21.596602267721789, 0.0 ], [ -64.54591562385238, -21.59657689235836, 0.0 ], [ -64.545912052979929, -21.596572872606096, 0.0 ], [ -64.545908737074484, -21.596568669833214, 0.0 ], [ -64.545863298161422, -21.596507425518734, 0.0 ], [ -64.545862881661819, -21.596506858527835, 0.0 ], [ -64.54586265524857, -21.596506547200054, 0.0 ], [ -64.545804506590343, -21.59642616434439, 0.0 ], [ -64.545766593170242, -21.596386714392985, 0.0 ], [ -64.545741727614924, -21.596366770160415, 0.0 ], [ -64.545708347048972, -21.596340706849148, 0.0 ], [ -64.545707287315182, -21.596339867628579, 0.0 ], [ -64.545702632070473, -21.596335870589016, 0.0 ], [ -64.545698266536888, -21.596331597170675, 0.0 ], [ -64.545694209255188, -21.596327065266546, 0.0 ], [ -64.545690476863442, -21.596322295497085, 0.0 ], [ -64.545687085990096, -21.596317307579572, 0.0 ], [ -64.545684052317071, -21.596312123046609, 0.0 ], [ -64.545681386697595, -21.596306763475607, 0.0 ], [ -64.545681168119984, -21.596306280455437, 0.0 ], [ -64.545667150106027, -21.59627499619458, 0.0 ], [ -64.54566508393215, -21.596269968874488, 0.0 ], [ -64.545663188979091, -21.596264330263796, 0.0 ], [ -64.545661692774829, -21.596258587687586, 0.0 ], [ -64.54566060234805, -21.596252766371801, 0.0 ], [ -64.545659964110129, -21.596247416873794, 0.0 ], [ -64.545657130444525, -21.596214864426408, 0.0 ], [ -64.545657086213936, -21.596214337333624, 0.0 ], [ -64.545656816820255, -21.596208432518036, 0.0 ], [ -64.545656960760027, -21.596202523863301, 0.0 ], [ -64.54565751829216, -21.596196635755035, 0.0 ], [ -64.545658484875631, -21.596190795333204, 0.0 ], [ -64.54565890816508, -21.596188818682627, 0.0 ], [ -64.545666038722786, -21.596157337083323, 0.0 ], [ -64.545666989385737, -21.596153544498836, 0.0 ], [ -64.545668764215492, -21.596147871802124, 0.0 ], [ -64.545670931490108, -21.596142320110065, 0.0 ], [ -64.545673482757763, -21.596136912082645, 0.0 ], [ -64.545676405722844, -21.596131672222107, 0.0 ], [ -64.545679689992497, -21.596126622303125, 0.0 ], [ -64.54568158713974, -21.596124009616968, 0.0 ], [ -64.545703669719074, -21.596094716836198, 0.0 ], [ -64.545705402923801, -21.596092491364399, 0.0 ], [ -64.545709363151559, -21.59608788498959, 0.0 ], [ -64.545713637058967, -21.596083531323536, 0.0 ], [ -64.545718206489013, -21.596079448600054, 0.0 ], [ -64.545723052309242, -21.596075654158788, 0.0 ], [ -64.54572528294382, -21.596074068090502, 0.0 ], [ -64.545747514732653, -21.596058735602057, 0.0 ], [ -64.545750384259193, -21.596056831071127, 0.0 ], [ -64.545755717678261, -21.59605365986522, 0.0 ], [ -64.545760785654409, -21.596051049339206, 0.0 ], [ -64.545772665691686, -21.596045355036853, 0.0 ], [ -64.545774018510897, -21.596039688065733, 0.0 ], [ -64.545775793335324, -21.596034015368119, 0.0 ], [ -64.545776082224492, -21.596033206977111, 0.0 ], [ -64.545784543112873, -21.59600985861146, 0.0 ], [ -64.54578642149221, -21.5960051153092, 0.0 ], [ -64.545788972753385, -21.595999707280349, 0.0 ], [ -64.545791125302884, -21.595995770751873, 0.0 ], [ -64.545803343435509, -21.595974713377931, 0.0 ], [ -64.54580411384417, -21.595973410044085, 0.0 ], [ -64.545806420394527, -21.595969787322527, 0.0 ], [ -64.54579919954756, -21.595947293682553, 0.0 ], [ -64.545744969961774, -21.595807656683906, 0.0 ], [ -64.545691562734561, -21.595694607598784, 0.0 ], [ -64.545691047744654, -21.595693496856484, 0.0 ], [ -64.545688763003042, -21.595687986515674, 0.0 ], [ -64.545686868058198, -21.595682347904471, 0.0 ], [ -64.545686776887095, -21.595682038933219, 0.0 ], [ -64.545668706132389, -21.595620539434425, 0.0 ], [ -64.545667301107287, -21.595615105828713, 0.0 ], [ -64.545666782037813, -21.595612610427128, 0.0 ], [ -64.545654931565082, -21.595551054054319, 0.0 ], [ -64.545654360214726, -21.595547728139355, 0.0 ], [ -64.545653677751673, -21.595541851547839, 0.0 ], [ -64.545653475366962, -21.595538527625511, 0.0 ], [ -64.545651798137712, -21.595497819741283, 0.0 ], [ -64.545651731132111, -21.595495238847494, 0.0 ], [ -64.545651875073361, -21.595489330192283, 0.0 ], [ -64.545652432604911, -21.595483442083722, 0.0 ], [ -64.54565281067498, -21.595480845313695, 0.0 ], [ -64.545657232381913, -21.595453485156192, 0.0 ], [ -64.545656269754929, -21.59543377684156, 0.0 ], [ -64.54564878600776, -21.595381973049737, 0.0 ], [ -64.545648190891654, -21.595376681862323, 0.0 ], [ -64.545648114259933, -21.595375650148245, 0.0 ], [ -64.545645169441357, -21.595332627239284, 0.0 ], [ -64.545644976683889, -21.595327754137035, 0.0 ], [ -64.545644994052495, -21.595324933095704, 0.0 ], [ -64.545645842576704, -21.595287692850142, 0.0 ], [ -64.545645969149902, -21.595284605236163, 0.0 ], [ -64.54564652668148, -21.595278717127503, 0.0 ], [ -64.545647493261825, -21.595272876705433, 0.0 ], [ -64.545648133616723, -21.595269967681272, 0.0 ], [ -64.545656470931746, -21.595234983774386, 0.0 ], [ -64.545657204523522, -21.595232123563498, 0.0 ], [ -64.545658979344879, -21.59522645086691, 0.0 ], [ -64.545661146608552, -21.595220899175185, 0.0 ], [ -64.545663697862764, -21.595215491148295, 0.0 ], [ -64.545666620811957, -21.595210251288442, 0.0 ], [ -64.54566874576912, -21.595206900330187, 0.0 ], [ -64.545685889866647, -21.595181143619374, 0.0 ], [ -64.545687049160463, -21.595179444659433, 0.0 ], [ -64.545690679491358, -21.595174606502393, 0.0 ], [ -64.545694639696592, -21.595170000128896, 0.0 ], [ -64.545698913579386, -21.595165646464324, 0.0 ], [ -64.545702845468455, -21.595162102587079, 0.0 ], [ -64.545737368381253, -21.595132694258361, 0.0 ], [ -64.545738005895331, -21.595132155413708, 0.0 ], [ -64.545742592924782, -21.595128550351578, 0.0 ], [ -64.545769750564219, -21.595108517615657, 0.0 ], [ -64.545770009324514, -21.595108328237401, 0.0 ], [ -64.545775109452677, -21.595104837638786, 0.0 ], [ -64.545780442837668, -21.595101666433834, 0.0 ], [ -64.545785986455599, -21.595098829288549, 0.0 ], [ -64.545789463224693, -21.595097265969002, 0.0 ], [ -64.545822902874406, -21.5950829936723, 0.0 ], [ -64.545825156883865, -21.595082064055962, 0.0 ], [ -64.545831048872927, -21.595079927312547, 0.0 ], [ -64.545837078016504, -21.595078155115107, 0.0 ], [ -64.545842493569012, -21.595076900765282, 0.0 ], [ -64.54587849504243, -21.595069585051746, 0.0 ], [ -64.545879219799758, -21.595069440120636, 0.0 ], [ -64.545885444302215, -21.595068420328555, 0.0 ], [ -64.545891727908369, -21.595067782066049, 0.0 ], [ -64.54589492869718, -21.595067606005056, 0.0 ], [ -64.545924827604793, -21.595066425907241, 0.0 ], [ -64.545948399909349, -21.595061472045117, 0.0 ], [ -64.545974355838908, -21.595054516091423, 0.0 ], [ -64.545987625548719, -21.595048725768002, 0.0 ], [ -64.545981787022185, -21.595038072767224, 0.0 ], [ -64.545981545671339, -21.595037627895803, 0.0 ], [ -64.545978880067764, -21.595032268328051, 0.0 ], [ -64.545976595327616, -21.595026757990798, 0.0 ], [ -64.545974700382189, -21.595021119382608, 0.0 ], [ -64.545973204181962, -21.59501537680833, 0.0 ], [ -64.545972430866655, -21.595011495459527, 0.0 ], [ -64.545969782522988, -21.59499639407619, 0.0 ], [ -64.545969465411972, -21.594994454110594, 0.0 ], [ -64.545968827219426, -21.594989109129187, 0.0 ], [ -64.545967409408149, -21.594972832916088, 0.0 ], [ -64.545967365129158, -21.594972301307493, 0.0 ], [ -64.545967123270259, -21.594963169792937, 0.0 ], [ -64.545968022102784, -21.594930582674763, 0.0 ], [ -64.545968138490551, -21.594927900718972, 0.0 ], [ -64.545968696008629, -21.594922012609853, 0.0 ], [ -64.545969662574521, -21.594916172186586, 0.0 ], [ -64.545971036506145, -21.594910402949608, 0.0 ], [ -64.54597281131197, -21.594904730250427, 0.0 ], [ -64.545973566848218, -21.594902663799779, 0.0 ], [ -64.545986879484516, -21.594867634564011, 0.0 ], [ -64.545988291195101, -21.594864149319552, 0.0 ], [ -64.545990842431451, -21.594858741288526, 0.0 ], [ -64.545993765362184, -21.594853501423824, 0.0 ], [ -64.545997049594547, -21.594848451500241, 0.0 ], [ -64.546000679907181, -21.594843613337357, 0.0 ], [ -64.546002815176678, -21.594841052631732, 0.0 ], [ -64.546020824977447, -21.59482024674357, 0.0 ], [ -64.546045745510824, -21.594778101275484, 0.0 ], [ -64.546048937414284, -21.59476181294924, 0.0 ], [ -64.546050512047813, -21.594737840262521, 0.0 ], [ -64.546049767757353, -21.594667765972229, 0.0 ], [ -64.546049863275968, -21.594662755606929, 0.0 ], [ -64.546051906121008, -21.594620849769775, 0.0 ], [ -64.546051954528906, -21.594619951479974, 0.0 ], [ -64.546052512043246, -21.594614063370624, 0.0 ], [ -64.546053478604549, -21.594608222947013, 0.0 ], [ -64.546054614668762, -21.594603337500629, 0.0 ], [ -64.546065378741957, -21.594562514040714, 0.0 ], [ -64.546065616603798, -21.594561630249547, 0.0 ], [ -64.546067391402531, -21.594555957549606, 0.0 ], [ -64.546068707319989, -21.594552456032581, 0.0 ], [ -64.546095243506187, -21.59448620471149, 0.0 ], [ -64.546119343349929, -21.594424631421635, 0.0 ], [ -64.546120446758749, -21.594421945715489, 0.0 ], [ -64.546122997983403, -21.594416537682907, 0.0 ], [ -64.546125014880147, -21.59441283545231, 0.0 ], [ -64.546144560000585, -21.594378911702091, 0.0 ], [ -64.546145466021457, -21.594377374066127, 0.0 ], [ -64.546148750238729, -21.594372324140199, 0.0 ], [ -64.546151451353182, -21.594368661618834, 0.0 ], [ -64.546179679632942, -21.594332329493305, 0.0 ], [ -64.546180608814609, -21.594331153849101, 0.0 ], [ -64.546184568982383, -21.594326547465776, 0.0 ], [ -64.546188842826609, -21.594322193790557, 0.0 ], [ -64.546193412190462, -21.594318111057291, 0.0 ], [ -64.546195247760252, -21.594316614464123, 0.0 ], [ -64.546232258070432, -21.594287182935059, 0.0 ], [ -64.546235268250825, -21.594284885075979, 0.0 ], [ -64.546240368339326, -21.594281394465153, 0.0 ], [ -64.546245701684214, -21.59427822324739, 0.0 ], [ -64.546246464119164, -21.594277806986931, 0.0 ], [ -64.546274914817644, -21.594262416660868, 0.0 ], [ -64.546279695959171, -21.594259995761917, 0.0 ], [ -64.5462854266965, -21.594257502811665, 0.0 ], [ -64.546290013649028, -21.594255803614622, 0.0 ], [ -64.546338875787342, -21.594239043066651, 0.0 ], [ -64.546359243338728, -21.594228540399474, 0.0 ], [ -64.546361003819854, -21.594227339868191, 0.0 ], [ -64.546362398363158, -21.594225694720343, 0.0 ], [ -64.546364605118853, -21.594218954867639, 0.0 ], [ -64.546354588184542, -21.594214546096843, 0.0 ], [ -64.54635385650181, -21.594214220495907, 0.0 ], [ -64.546348253749343, -21.594211486902495, 0.0 ], [ -64.546346847204475, -21.594210729491238, 0.0 ], [ -64.546321819092427, -21.594197000359095, 0.0 ], [ -64.546317825980395, -21.594194686276417, 0.0 ], [ -64.546312652749407, -21.594191291117841, 0.0 ], [ -64.546307727353025, -21.594187587451341, 0.0 ], [ -64.546307238302418, -21.594187190948059, 0.0 ], [ -64.546285455116518, -21.594169441058998, 0.0 ], [ -64.546270774947459, -21.594158003990771, 0.0 ], [ -64.546252693942492, -21.594150093230102, 0.0 ], [ -64.546228036019286, -21.59414048041047, 0.0 ], [ -64.546198066380995, -21.594140075086443, 0.0 ], [ -64.546153253313236, -21.594141594308084, 0.0 ], [ -64.54615071380978, -21.594141649515379, 0.0 ], [ -64.546144494529329, -21.594141520320619, 0.0 ], [ -64.546105906752658, -21.594139552016728, 0.0 ], [ -64.546105808182219, -21.594139546609657, 0.0 ], [ -64.546099512299961, -21.594139025206889, 0.0 ], [ -64.546093267405823, -21.594138121251362, 0.0 ], [ -64.546087098627751, -21.594136836316135, 0.0 ], [ -64.546087067638439, -21.594136828474703, 0.0 ], [ -64.546035928262512, -21.59412450436669, 0.0 ], [ -64.546029893698105, -21.59412285236229, 0.0 ], [ -64.546023957528647, -21.594120825494109, 0.0 ], [ -64.546018174972801, -21.594118439507824, 0.0 ], [ -64.54601569115286, -21.594117281117992, 0.0 ], [ -64.545973173185885, -21.594096733110291, 0.0 ], [ -64.545970054263563, -21.594095157893921, 0.0 ], [ -64.545964654617563, -21.594092086387608, 0.0 ], [ -64.545959481397887, -21.594088691217294, 0.0 ], [ -64.545954556013413, -21.594084987539553, 0.0 ], [ -64.545951450261171, -21.594082378871345, 0.0 ], [ -64.545922567108562, -21.594057049694435, 0.0 ], [ -64.54592243841563, -21.5940569361759, 0.0 ], [ -64.545891042866515, -21.594029302630368, 0.0 ], [ -64.54588962213812, -21.594028027778936, 0.0 ], [ -64.54588525667323, -21.594023754360542, 0.0 ], [ -64.545881199455266, -21.594019222456303, 0.0 ], [ -64.54587746712204, -21.594014452686597, 0.0 ], [ -64.54587644753471, -21.594013026877587, 0.0 ], [ -64.545844865723566, -21.593967943170508, 0.0 ], [ -64.545842494492121, -21.593964381061102, 0.0 ], [ -64.545840748570882, -21.593961496007815, 0.0 ], [ -64.545817937385493, -21.593922147820706, 0.0 ], [ -64.545816649683871, -21.593919848339603, 0.0 ], [ -64.545813984109486, -21.593914488766938, 0.0 ], [ -64.54581169939587, -21.593908978425294, 0.0 ], [ -64.545811174151538, -21.593907538088303, 0.0 ], [ -64.545789371131818, -21.593846074151788, 0.0 ], [ -64.54578800145579, -21.593841875876432, 0.0 ], [ -64.545787077318366, -21.593838524333567, 0.0 ], [ -64.545767602364251, -21.59376191278043, 0.0 ], [ -64.545767030324711, -21.59375952174527, 0.0 ], [ -64.545765939919306, -21.593753700427641, 0.0 ], [ -64.545765257465135, -21.593747823835137, 0.0 ], [ -64.545764988078488, -21.593741919018022, 0.0 ], [ -64.545765040015453, -21.593739806714197, 0.0 ], [ -64.545765012006029, -21.593738806162474, 0.0 ], [ -64.545765897576445, -21.593705055763589, 0.0 ], [ -64.545766017588633, -21.593702259963031, 0.0 ], [ -64.545766575113632, -21.59369637185354, 0.0 ], [ -64.54576754168292, -21.593690531430642, 0.0 ], [ -64.545768915614403, -21.593684762194709, 0.0 ], [ -64.54577069041656, -21.593679089497293, 0.0 ], [ -64.545772424255716, -21.593674561610541, 0.0 ], [ -64.545789407563845, -21.59363368039919, 0.0 ], [ -64.54578984096473, -21.593632656593371, 0.0 ], [ -64.545792114034057, -21.59362779400815, 0.0 ], [ -64.545801369055567, -21.593609481166105, 0.0 ], [ -64.545800514726508, -21.593607246307144, 0.0 ], [ -64.545793813471917, -21.593594469614459, 0.0 ], [ -64.545668671527508, -21.593450847476742, 0.0 ], [ -64.545629426987958, -21.593413022121567, 0.0 ], [ -64.545602261795835, -21.593395750259759, 0.0 ], [ -64.545524696500152, -21.593368985288528, 0.0 ], [ -64.545522089455446, -21.593368044817087, 0.0 ], [ -64.545485866047528, -21.593354419510529, 0.0 ], [ -64.545485833079027, -21.593354407171034, 0.0 ], [ -64.545480050562034, -21.593352021163522, 0.0 ], [ -64.545478588919778, -21.593351349162269, 0.0 ], [ -64.545444419319409, -21.593335313845163, 0.0 ], [ -64.545443550840446, -21.593335111450244, 0.0 ], [ -64.545435094150349, -21.593336924237555, 0.0 ], [ -64.545417508547033, -21.593344095928821, 0.0 ], [ -64.545388857963019, -21.593368944189947, 0.0 ], [ -64.54538758304254, -21.593370030907742, 0.0 ], [ -64.545382737298169, -21.593373825335579, 0.0 ], [ -64.545379663858071, -21.593375986471074, 0.0 ], [ -64.545358664873348, -21.593390144050243, 0.0 ], [ -64.545356638232519, -21.593391473498741, 0.0 ], [ -64.545351304897508, -21.59339464468755, 0.0 ], [ -64.545345761332783, -21.593397481815526, 0.0 ], [ -64.545340030610035, -21.593399974732602, 0.0 ], [ -64.545334138678911, -21.593402111455397, 0.0 ], [ -64.545330856045638, -21.59340312648904, 0.0 ], [ -64.545293648150448, -21.593413943464341, 0.0 ], [ -64.545290901700383, -21.593414700605887, 0.0 ], [ -64.545284761452834, -21.593416099862694, 0.0 ], [ -64.545278537014525, -21.59341711962854, 0.0 ], [ -64.545272253474906, -21.593417757863929, 0.0 ], [ -64.545265939757499, -21.593418009783996, 0.0 ], [ -64.545260429762422, -21.593417913712333, 0.0 ], [ -64.545216865852325, -21.593415991394405, 0.0 ], [ -64.545216058026512, -21.59341595282849, 0.0 ], [ -64.545209762176626, -21.59341543138996, 0.0 ], [ -64.545203517317105, -21.593414527398782, 0.0 ], [ -64.545197348575769, -21.593413242428149, 0.0 ], [ -64.545191283059737, -21.593411582549241, 0.0 ], [ -64.545185534079366, -21.59340962617177, 0.0 ], [ -64.54514411596324, -21.593394124172381, 0.0 ], [ -64.545097801858248, -21.593377955847146, 0.0 ], [ -64.545055323124828, -21.593364439101077, 0.0 ], [ -64.545015313998874, -21.593353836819251, 0.0 ], [ -64.545011508750918, -21.593352748489234, 0.0 ], [ -64.545005572625328, -21.593350721581803, 0.0 ], [ -64.545000987538131, -21.593348864590602, 0.0 ], [ -64.544974740537043, -21.593337472450557, 0.0 ], [ -64.544973543114324, -21.593336943416841, 0.0 ], [ -64.544967940419525, -21.593334209773104, 0.0 ], [ -64.5449625408218, -21.593331138231051, 0.0 ], [ -64.544957367651634, -21.593327743026268, 0.0 ], [ -64.544952442317737, -21.593324039315487, 0.0 ], [ -64.544947787194459, -21.593320042246425, 0.0 ], [ -64.544943421778214, -21.593315768800082, 0.0 ], [ -64.544939364609263, -21.593311236869532, 0.0 ], [ -64.544936544517142, -21.593307694267462, 0.0 ], [ -64.544925740989527, -21.5932934074279, 0.0 ], [ -64.544909916654376, -21.593273336650231, 0.0 ], [ -64.544907882218027, -21.593270655690791, 0.0 ], [ -64.544904491448662, -21.593265667749748, 0.0 ], [ -64.544901457873593, -21.593260483195209, 0.0 ], [ -64.544900294580188, -21.593258255715057, 0.0 ], [ -64.544881285292703, -21.593220555763214, 0.0 ], [ -64.544849576566747, -21.593173932958461, 0.0 ], [ -64.544813511626145, -21.593122717759805, 0.0 ], [ -64.544804064403294, -21.593109458877123, 0.0 ], [ -64.544799709217486, -21.593108514748437, 0.0 ], [ -64.544771684951044, -21.593109568833064, 0.0 ], [ -64.544768760249909, -21.59310963752959, 0.0 ], [ -64.544762442441609, -21.593109502872512, 0.0 ], [ -64.544756146605494, -21.593108981415902, 0.0 ], [ -64.544751468200772, -21.593108341071613, 0.0 ], [ -64.544724051498591, -21.593103941043452, 0.0 ], [ -64.544722485058841, -21.593103677378291, 0.0 ], [ -64.54471631633389, -21.593102392388751, 0.0 ], [ -64.544710250835351, -21.593100732491148, 0.0 ], [ -64.544704314723745, -21.593098705572057, 0.0 ], [ -64.544698532228168, -21.593096319535917, 0.0 ], [ -64.544693608404117, -21.593093939982101, 0.0 ], [ -64.544656079566877, -21.593074508704042, 0.0 ], [ -64.544655400710397, -21.593074154603752, 0.0 ], [ -64.544650001128602, -21.593071083050493, 0.0 ], [ -64.544644827974722, -21.593067687834914, 0.0 ], [ -64.544641384030712, -21.593065150926208, 0.0 ], [ -64.544593718372639, -21.593028360015264, 0.0 ], [ -64.544592237000074, -21.593027193202335, 0.0 ], [ -64.544587581896053, -21.593023196121909, 0.0 ], [ -64.544583216499248, -21.593018922664811, 0.0 ], [ -64.544579159349823, -21.593014390724161, 0.0 ], [ -64.544575427085277, -21.593009620920629, 0.0 ], [ -64.544572036333548, -21.593004632971589, 0.0 ], [ -64.544569002775987, -21.592999448409824, 0.0 ], [ -64.544568220217926, -21.592997968002763, 0.0 ], [ -64.54454789624954, -21.592958597432748, 0.0 ], [ -64.544546013298074, -21.592954718242527, 0.0 ], [ -64.544543728648819, -21.592949207879105, 0.0 ], [ -64.544541833790348, -21.592943569248309, 0.0 ], [ -64.544541216706889, -21.592941390891724, 0.0 ], [ -64.544534251236556, -21.592915531963829, 0.0 ], [ -64.544529006663765, -21.592904676477019, 0.0 ], [ -64.54452188615133, -21.592896519275744, 0.0 ], [ -64.544520664703839, -21.592895090814199, 0.0 ], [ -64.544516932444452, -21.59289032100898, 0.0 ], [ -64.544513541697697, -21.592885333058391, 0.0 ], [ -64.54451050814491, -21.592880148495226, 0.0 ], [ -64.544507842638865, -21.59287478889696, 0.0 ], [ -64.544505557992494, -21.59286927853281, 0.0 ], [ -64.544503663136709, -21.592863639901378, 0.0 ], [ -64.544502632147868, -21.592859863001916, 0.0 ], [ -64.544497434618833, -21.592838967339016, 0.0 ], [ -64.544496969492727, -21.592837001644728, 0.0 ], [ -64.544496312256499, -21.592833769555757, 0.0 ], [ -64.544490826825211, -21.592803852993793, 0.0 ], [ -64.544481718618144, -21.592776936357591, 0.0 ], [ -64.544452457617325, -21.592728415580275, 0.0 ], [ -64.544450628451898, -21.592725235916223, 0.0 ], [ -64.544431598723193, -21.592690506914295, 0.0 ], [ -64.544431358375761, -21.592690064740545, 0.0 ], [ -64.544430440711238, -21.592688320931106, 0.0 ], [ -64.544413767305457, -21.592655753240958, 0.0 ], [ -64.544401039549598, -21.592633959155172, 0.0 ], [ -64.54439088666625, -21.592624185248575, 0.0 ], [ -64.544368745583014, -21.592609161732852, 0.0 ], [ -64.544331989092271, -21.59259032387347, 0.0 ], [ -64.544284631078554, -21.592577321884391, 0.0 ], [ -64.544281697580416, -21.592576469327845, 0.0 ], [ -64.544276856188091, -21.592574847734195, 0.0 ], [ -64.544233144428688, -21.592558963917412, 0.0 ], [ -64.544232049736436, -21.59255855857463, 0.0 ], [ -64.544226267269565, -21.59255617252019, 0.0 ], [ -64.544220664618152, -21.592553438848395, 0.0 ], [ -64.544215348671258, -21.592550418892532, 0.0 ], [ -64.544193784661559, -21.592537259746713, 0.0 ], [ -64.544175160793756, -21.592533955891554, 0.0 ], [ -64.544169091765923, -21.592532688923651, 0.0 ], [ -64.544168675390353, -21.592532587105318, 0.0 ], [ -64.544127513989281, -21.592522497497736, 0.0 ], [ -64.544121864896141, -21.592520939395179, 0.0 ], [ -64.544115928815486, -21.592518912453059, 0.0 ], [ -64.544110146351855, -21.59251652639437, 0.0 ], [ -64.544108684723753, -21.59251585438016, 0.0 ], [ -64.544064923634252, -21.592495316473702, 0.0 ], [ -64.544060782615588, -21.592493254810837, 0.0 ], [ -64.544060406731049, -21.59249305506442, 0.0 ], [ -64.544015364808075, -21.592469038828366, 0.0 ], [ -64.544010341146091, -21.592466166998499, 0.0 ], [ -64.544005296478815, -21.592462862701552, 0.0 ], [ -64.543962680549257, -21.592433006946607, 0.0 ], [ -64.543962552098748, -21.592432916005642, 0.0 ], [ -64.543957626819989, -21.592429212261699, 0.0 ], [ -64.543952971752432, -21.592425215161075, 0.0 ], [ -64.543948606392277, -21.592420941684832, 0.0 ], [ -64.543944549279487, -21.59241640972623, 0.0 ], [ -64.543941164925783, -21.592412112697183, 0.0 ], [ -64.543914659059467, -21.592376288676768, 0.0 ], [ -64.543914311185333, -21.592375815885511, 0.0 ], [ -64.543910920471589, -21.592370827920401, 0.0 ], [ -64.543907886951501, -21.592365643344021, 0.0 ], [ -64.543905221477701, -21.592360283733903, 0.0 ], [ -64.543904619930984, -21.592358931713513, 0.0 ], [ -64.543882942320749, -21.592309101199987, 0.0 ], [ -64.543881259254022, -21.592304942845473, 0.0 ], [ -64.543879638593722, -21.592300203115535, 0.0 ], [ -64.543865058187251, -21.592253149324403, 0.0 ], [ -64.543840548870449, -21.592189839518333, 0.0 ], [ -64.543840218047393, -21.59218897094058, 0.0 ], [ -64.543838323227519, -21.592183332299069, 0.0 ], [ -64.543836827147103, -21.592177589696931, 0.0 ], [ -64.543836116571015, -21.592174061829517, 0.0 ], [ -64.543820251991448, -21.592085781582252, 0.0 ], [ -64.543820154359011, -21.592085226982608, 0.0 ], [ -64.543801227484522, -21.591975748512489, 0.0 ], [ -64.543795840776951, -21.591958493810679, 0.0 ], [ -64.543792641606942, -21.591954262804489, 0.0 ], [ -64.543770947420498, -21.591940564654209, 0.0 ], [ -64.543766957500992, -21.591937904526127, 0.0 ], [ -64.543765898711641, -21.591937150188325, 0.0 ], [ -64.543742780731563, -21.591920426671564, 0.0 ], [ -64.543712160929374, -21.591899105583508, 0.0 ], [ -64.543711803834199, -21.591898855982592, 0.0 ], [ -64.543707713295319, -21.591895814706962, 0.0 ], [ -64.54368136797099, -21.591875116056816, 0.0 ], [ -64.543680533256222, -21.591874453579265, 0.0 ], [ -64.543675878214543, -21.591870456469103, 0.0 ], [ -64.54367451351834, -21.591869179270198, 0.0 ], [ -64.543618650463898, -21.591815870269961, 0.0 ], [ -64.543596451563204, -21.591800839949975, 0.0 ], [ -64.543595054450705, -21.591799875579174, 0.0 ], [ -64.543591437213692, -21.59179720386075, 0.0 ], [ -64.54357512984997, -21.591784556798359, 0.0 ], [ -64.543573821839573, -21.591783524759709, 0.0 ], [ -64.543569166803721, -21.591779527646178, 0.0 ], [ -64.543564801474787, -21.591775254157724, 0.0 ], [ -64.543560744392707, -21.591770722187654, 0.0 ], [ -64.543557012194668, -21.591765952356688, 0.0 ], [ -64.543553621508309, -21.591760964382399, 0.0 ], [ -64.543550588014682, -21.591755779797605, 0.0 ], [ -64.543547922566361, -21.591750420179963, 0.0 ], [ -64.543545637975996, -21.591744909798674, 0.0 ], [ -64.543543743174268, -21.59173927115248, 0.0 ], [ -64.543543713111504, -21.591739168459561, 0.0 ], [ -64.543538551814407, -21.591721763521797, 0.0 ], [ -64.543537085814378, -21.591716123608595, 0.0 ], [ -64.543535995518042, -21.591710302268751, 0.0 ], [ -64.543535313168505, -21.591704425659771, 0.0 ], [ -64.543535043881533, -21.59169852083204, 0.0 ], [ -64.54353518791558, -21.591692612171201, 0.0 ], [ -64.543535274616872, -21.591691316091268, 0.0 ], [ -64.543537453885719, -21.59166220727279, 0.0 ], [ -64.543537924797931, -21.591657615244394, 0.0 ], [ -64.543538891449586, -21.591651774828541, 0.0 ], [ -64.543538910733446, -21.591651680710598, 0.0 ], [ -64.543543400763525, -21.591629548926214, 0.0 ], [ -64.543549056514038, -21.591596942055418, 0.0 ], [ -64.543549483384936, -21.591594663686138, 0.0 ], [ -64.543549689245381, -21.591593675416313, 0.0 ], [ -64.543559172075277, -21.591549373763566, 0.0 ], [ -64.543560233311439, -21.591544984913675, 0.0 ], [ -64.543572203784251, -21.591500660189872, 0.0 ], [ -64.543572310693548, -21.591500268086488, 0.0 ], [ -64.543574085562071, -21.591494595407575, 0.0 ], [ -64.543574964216617, -21.591492206263595, 0.0 ], [ -64.543601954965425, -21.591422032728204, 0.0 ], [ -64.543608146002441, -21.591402839732659, 0.0 ], [ -64.543606670568082, -21.59138328427262, 0.0 ], [ -64.54360482560638, -21.591369047025683, 0.0 ], [ -64.543595669149823, -21.591351308803695, 0.0 ], [ -64.543573579405574, -21.591324067185198, 0.0 ], [ -64.543546777212583, -21.591300437145815, 0.0 ], [ -64.543545413068927, -21.591299211426161, 0.0 ], [ -64.543541047756023, -21.59129493793596, 0.0 ], [ -64.543539007816761, -21.591292734832503, 0.0 ], [ -64.543510050667251, -21.591260424563451, 0.0 ], [ -64.543508033540448, -21.591258095694741, 0.0 ], [ -64.543504301358354, -21.59125332586143, 0.0 ], [ -64.543501748294574, -21.591249638038949, 0.0 ], [ -64.5434946292972, -21.591238786344256, 0.0 ], [ -64.543490389475792, -21.591235417659348, 0.0 ], [ -64.543490031469091, -21.591235446270616, 0.0 ], [ -64.543469938590519, -21.591242324859511, 0.0 ], [ -64.543437365996823, -21.591258432171212, 0.0 ], [ -64.54343579497602, -21.591259191929705, 0.0 ], [ -64.54343006429778, -21.591261684778544, 0.0 ], [ -64.543424172418455, -21.591263821430736, 0.0 ], [ -64.543418143394405, -21.591265593533883, 0.0 ], [ -64.543416575265042, -21.591265988348027, 0.0 ], [ -64.543386794636987, -21.591273245805453, 0.0 ], [ -64.543382222584896, -21.591274250174227, 0.0 ], [ -64.543375998219005, -21.591275269864479, 0.0 ], [ -64.543369714757986, -21.591275908023146, 0.0 ], [ -64.543363401125035, -21.591276159865732, 0.0 ], [ -64.543357083394113, -21.591276025150464, 0.0 ], [ -64.543350787639199, -21.59127550363554, 0.0 ], [ -64.543344542879225, -21.591274599568187, 0.0 ], [ -64.543339950433037, -21.591273680179359, 0.0 ], [ -64.543305033212334, -21.59126585924604, 0.0 ], [ -64.543303457021068, -21.591265493588278, 0.0 ], [ -64.543297391613123, -21.591263833633317, 0.0 ], [ -64.543291455594442, -21.59126180665773, 0.0 ], [ -64.543285673193722, -21.591259420566253, 0.0 ], [ -64.543280070609413, -21.59125668685838, 0.0 ], [ -64.54327467112364, -21.591253615254093, 0.0 ], [ -64.543269498066451, -21.59125021998927, 0.0 ], [ -64.54326644075131, -21.59124797934593, 0.0 ], [ -64.543246330397565, -21.591232619788293, 0.0 ], [ -64.543207576581864, -21.591206805319747, 0.0 ], [ -64.543205574446588, -21.591205434667881, 0.0 ], [ -64.543200649229249, -21.591201730897392, 0.0 ], [ -64.543199614608611, -21.591200886908585, 0.0 ], [ -64.543148712182898, -21.591158772813081, 0.0 ], [ -64.543111650527081, -21.591129045060605, 0.0 ], [ -64.543089722587794, -21.591113777303971, 0.0 ], [ -64.543071201800259, -21.591105053696293, 0.0 ], [ -64.543070111456103, -21.591104875023237, 0.0 ], [ -64.54306119543989, -21.591111181150382, 0.0 ], [ -64.543024474154251, -21.59113944408956, 0.0 ], [ -64.543022654581904, -21.591140809526742, 0.0 ], [ -64.543017554514449, -21.591144300038241, 0.0 ], [ -64.543012221202389, -21.591147471151011, 0.0 ], [ -64.543006677669368, -21.591150308199413, 0.0 ], [ -64.543003610517701, -21.591151695138009, 0.0 ], [ -64.542978842169987, -21.591162397159295, 0.0 ], [ -64.542976178638824, -21.591163503054577, 0.0 ], [ -64.542970286755605, -21.591165639690892, 0.0 ], [ -64.542964257728897, -21.591167411777672, 0.0 ], [ -64.54295811754649, -21.591168810944673, 0.0 ], [ -64.542952942436472, -21.591169686306245, 0.0 ], [ -64.54291816087958, -21.591174662336226, 0.0 ], [ -64.542917111624035, -21.59117480664872, 0.0 ], [ -64.542910828164139, -21.591175444789936, 0.0 ], [ -64.542904514533561, -21.591175696614901, 0.0 ], [ -64.54287341609151, -21.591175984892789, 0.0 ], [ -64.542867098364127, -21.591175850158621, 0.0 ], [ -64.542860802614072, -21.591175328624793, 0.0 ], [ -64.542854557860224, -21.591174424538615, 0.0 ], [ -64.542848389230002, -21.591173139473682, 0.0 ], [ -64.542842323830044, -21.591171479501565, 0.0 ], [ -64.542836387820444, -21.591169452509121, 0.0 ], [ -64.542830605429899, -21.591167066401145, 0.0 ], [ -64.542825002856759, -21.591164332677192, 0.0 ], [ -64.542819603383151, -21.591161261057334, 0.0 ], [ -64.542815285573383, -21.591158460325076, 0.0 ], [ -64.542795233589274, -21.591144684488466, 0.0 ], [ -64.542794378355097, -21.591144089940766, 0.0 ], [ -64.542789453149581, -21.591140386157342, 0.0 ], [ -64.542784798155523, -21.591136389019042, 0.0 ], [ -64.54278043286881, -21.591132115507186, 0.0 ], [ -64.542776375829135, -21.591127583515135, 0.0 ], [ -64.542772643673544, -21.591122813663713, 0.0 ], [ -64.542770090639635, -21.591119126731858, 0.0 ], [ -64.542758710354263, -21.591101779407307, 0.0 ], [ -64.542757872744318, -21.591100478345925, 0.0 ], [ -64.542754839293437, -21.591095293743731, 0.0 ], [ -64.542752173887294, -21.59108993411045, 0.0 ], [ -64.542749889338381, -21.591084423715408, 0.0 ], [ -64.542747994577212, -21.591078785057384, 0.0 ], [ -64.54274649855347, -21.591073042441476, 0.0 ], [ -64.542745493310903, -21.591067770391799, 0.0 ], [ -64.542740160495697, -21.591034076699096, 0.0 ], [ -64.542740075479827, -21.591033527401127, 0.0 ], [ -64.542739393167253, -21.591027650786334, 0.0 ], [ -64.542739307523675, -21.591026495406034, 0.0 ], [ -64.542737930502852, -21.59100591652772, 0.0 ], [ -64.542728661315493, -21.590916006931938, 0.0 ], [ -64.542727011746209, -21.590906255259757, 0.0 ], [ -64.542722473556722, -21.590899699904504, 0.0 ], [ -64.542707014334013, -21.5909020001789, 0.0 ], [ -64.542679473007283, -21.590915964241024, 0.0 ], [ -64.542677014302598, -21.590917168494983, 0.0 ], [ -64.542671283622653, -21.590919661317741, 0.0 ], [ -64.542665391743867, -21.590921797943011, 0.0 ], [ -64.542659362722588, -21.590923570018418, 0.0 ], [ -64.542659250998227, -21.590923599055017, 0.0 ], [ -64.54262203115924, -21.590933252123968, 0.0 ], [ -64.542616002706779, -21.590934622241399, 0.0 ], [ -64.542609778347938, -21.59093564190248, 0.0 ], [ -64.542603494896156, -21.590936280031574, 0.0 ], [ -64.542597181274601, -21.590936531844292, 0.0 ], [ -64.54259086355718, -21.590936397099004, 0.0 ], [ -64.542585197291515, -21.590935945594019, 0.0 ], [ -64.542555304773828, -21.590932732432567, 0.0 ], [ -64.542554675300138, -21.590932662392451, 0.0 ], [ -64.542548430557943, -21.590931758294026, 0.0 ], [ -64.542542261940071, -21.590930473216932, 0.0 ], [ -64.542536196553144, -21.590928813232789, 0.0 ], [ -64.5425302605572, -21.59092678622855, 0.0 ], [ -64.54252696396577, -21.590925478147053, 0.0 ], [ -64.542496973797455, -21.59091295687087, 0.0 ], [ -64.542494488012963, -21.590911878832319, 0.0 ], [ -64.542488885455512, -21.590909145095985, 0.0 ], [ -64.54248348599809, -21.59090607346414, 0.0 ], [ -64.542480477524748, -21.590904156623399, 0.0 ], [ -64.54244414404549, -21.590880059215735, 0.0 ], [ -64.54244197949204, -21.590878580764553, 0.0 ], [ -64.542438464548496, -21.590875988460855, 0.0 ], [ -64.542398325680011, -21.590844945904816, 0.0 ], [ -64.542396915436328, -21.590843834413079, 0.0 ], [ -64.542392260462364, -21.590839837262479, 0.0 ], [ -64.542387895195958, -21.590835563738949, 0.0 ], [ -64.542383838176761, -21.590831031735959, 0.0 ], [ -64.542380498004505, -21.590826794779286, 0.0 ], [ -64.542356517439345, -21.59079443817366, 0.0 ], [ -64.542356125476715, -21.590793905268665, 0.0 ], [ -64.542352734854759, -21.590788917265531, 0.0 ], [ -64.542349701425053, -21.590783732654511, 0.0 ], [ -64.542347036039899, -21.59077837301334, 0.0 ], [ -64.542346581016545, -21.590777357447905, 0.0 ], [ -64.542331907939925, -21.590744010425798, 0.0 ], [ -64.542281639107301, -21.590639957162868, 0.0 ], [ -64.542249264187802, -21.590594860140317, 0.0 ], [ -64.542222864186257, -21.590563031755497, 0.0 ], [ -64.54218054244285, -21.590522841263091, 0.0 ], [ -64.542119171101703, -21.590466568550852, 0.0 ], [ -64.542114805864344, -21.590462295921995, 0.0 ], [ -64.542110748864388, -21.590457763911036, 0.0 ], [ -64.542107016748275, -21.590452994041978, 0.0 ], [ -64.542106151172078, -21.590451787175027, 0.0 ], [ -64.542072470189851, -21.590404006881066, 0.0 ], [ -64.542069945162766, -21.590400225738001, 0.0 ], [ -64.542066911751832, -21.590395041120505, 0.0 ], [ -64.542064246384854, -21.590389681473507, 0.0 ], [ -64.542061961874154, -21.59038417106639, 0.0 ], [ -64.542060067150061, -21.590378532397928, 0.0 ], [ -64.542059491355502, -21.590376509007527, 0.0 ], [ -64.542043955738023, -21.590319252487834, 0.0 ], [ -64.542043035545504, -21.590315533253456, 0.0 ], [ -64.542041945322566, -21.590309711898698, 0.0 ], [ -64.542041263043373, -21.590303835278675, 0.0 ], [ -64.542041117671403, -21.590301690476572, 0.0 ], [ -64.542039064290094, -21.590264476164968, 0.0 ], [ -64.542038940442126, -21.590260716132192, 0.0 ], [ -64.542038403564646, -21.590210026467236, 0.0 ], [ -64.542037150875942, -21.590188865626981, 0.0 ], [ -64.542023648987268, -21.59014745153069, 0.0 ], [ -64.542008987371275, -21.590105050976121, 0.0 ], [ -64.541990506024248, -21.590070214489359, 0.0 ], [ -64.541972365552951, -21.590047136208419, 0.0 ], [ -64.541931006989728, -21.590015341563532, 0.0 ], [ -64.541895834678442, -21.589989965082257, 0.0 ], [ -64.541893733994058, -21.589988405640945, 0.0 ], [ -64.541863633187461, -21.589965413752143, 0.0 ], [ -64.541861767253479, -21.5899639514946, 0.0 ], [ -64.541857112322987, -21.589959954326044, 0.0 ], [ -64.541852747099483, -21.58995568078555, 0.0 ], [ -64.541849910543121, -21.589952576357049, 0.0 ], [ -64.541829761210622, -21.589929492278749, 0.0 ], [ -64.541829310469481, -21.589928971659095, 0.0 ], [ -64.541796560942956, -21.589890879179269, 0.0 ], [ -64.541795791264221, -21.589889972208109, 0.0 ], [ -64.541792059173773, -21.589885202330205, 0.0 ], [ -64.541788668593668, -21.58988021431264, 0.0 ], [ -64.541785635204491, -21.589875029688464, 0.0 ], [ -64.541782969858403, -21.589869670035473, 0.0 ], [ -64.541782514842154, -21.589868654467999, 0.0 ], [ -64.541759568945722, -21.589816507651744, 0.0 ], [ -64.541758973836522, -21.589815122141335, 0.0 ], [ -64.541750522350597, -21.589794976399638, 0.0 ], [ -64.541739962105524, -21.589775700158693, 0.0 ], [ -64.541730999856043, -21.589764505048219, 0.0 ], [ -64.541728543654372, -21.589761293219198, 0.0 ], [ -64.541725153079526, -21.589756305199987, 0.0 ], [ -64.541724608771474, -21.589755430464898, 0.0 ], [ -64.541705639857597, -21.589724610743001, 0.0 ], [ -64.541682448626375, -21.589697812605905, 0.0 ], [ -64.541675330242455, -21.589690099648845, 0.0 ], [ -64.541647038991997, -21.589668800829084, 0.0 ], [ -64.541644642449612, -21.589666936112234, 0.0 ], [ -64.541639987534708, -21.589662938936559, 0.0 ], [ -64.541635622326694, -21.589658665389297, 0.0 ], [ -64.541634022202444, -21.589656949560265, 0.0 ], [ -64.541615141399745, -21.589636181407521, 0.0 ], [ -64.541612684563006, -21.589633365210918, 0.0 ], [ -64.541608952485419, -21.589628595328033, 0.0 ], [ -64.541605561917905, -21.589623607305857, 0.0 ], [ -64.541602528541006, -21.589618422677489, 0.0 ], [ -64.541599863206798, -21.589613063020728, 0.0 ], [ -64.541598094178966, -21.589608894594015, 0.0 ], [ -64.541591701711226, -21.589592664379587, 0.0 ], [ -64.541591186259808, -21.589591322390515, 0.0 ], [ -64.541589291566012, -21.589585683714482, 0.0 ], [ -64.541587795606645, -21.58957994108351, 0.0 ], [ -64.541586705409216, -21.589574119723892, 0.0 ], [ -64.541586023153741, -21.589568243100189, 0.0 ], [ -64.541585753955474, -21.589562338262891, 0.0 ], [ -64.541585898072583, -21.589556429597703, 0.0 ], [ -64.541586238399887, -21.589552359962333, 0.0 ], [ -64.541588504284931, -21.589531395051612, 0.0 ], [ -64.541588721648182, -21.589529576579558, 0.0 ], [ -64.541589688370507, -21.58952373616976, 0.0 ], [ -64.541591062441853, -21.589517966958041, 0.0 ], [ -64.541592837370132, -21.589512294295812, 0.0 ], [ -64.541595004722268, -21.589506742649228, 0.0 ], [ -64.541595732887743, -21.589505097388891, 0.0 ], [ -64.541601069306921, -21.589493374213411, 0.0 ], [ -64.541601191747887, -21.589492897963854, 0.0 ], [ -64.541601025067649, -21.589477155658901, 0.0 ], [ -64.541592673813, -21.589471033016807, 0.0 ], [ -64.541571855334141, -21.589456982293846, 0.0 ], [ -64.54154577387834, -21.589440702283877, 0.0 ], [ -64.541541356276397, -21.589437773271996, 0.0 ], [ -64.541536431160935, -21.589434069445407, 0.0 ], [ -64.541534035197444, -21.589432076458138, 0.0 ], [ -64.54151394758064, -21.589414809670359, 0.0 ], [ -64.541511688640412, -21.589412805477881, 0.0 ], [ -64.541507323443966, -21.58940853192647, 0.0 ], [ -64.541503266493521, -21.589403999897243, 0.0 ], [ -64.541501273088969, -21.589401534388635, 0.0 ], [ -64.541488660640141, -21.589385361771352, 0.0 ], [ -64.541486921977324, -21.589383057393768, 0.0 ], [ -64.541483531420113, -21.589378069368379, 0.0 ], [ -64.541480498053119, -21.58937288473707, 0.0 ], [ -64.541477832728376, -21.589367525077659, 0.0 ], [ -64.541475548257992, -21.58936201465956, 0.0 ], [ -64.541473653572183, -21.589356375981637, 0.0 ], [ -64.541472522795232, -21.589352194416367, 0.0 ], [ -64.541468711248442, -21.589336541866551, 0.0 ], [ -64.541468082938081, -21.589335395123332, 0.0 ], [ -64.54145492809424, -21.589328926748927, 0.0 ], [ -64.541452413153579, -21.589327645728993, 0.0 ], [ -64.541449110172522, -21.589325821017162, 0.0 ], [ -64.541425327141056, -21.589312078641615, 0.0 ], [ -64.541423230745607, -21.589310831682312, 0.0 ], [ -64.541418057799845, -21.589307436352495, 0.0 ], [ -64.541413132691915, -21.58930373252176, 0.0 ], [ -64.541408477795216, -21.589299735338361, 0.0 ], [ -64.541405972416385, -21.589297350443445, 0.0 ], [ -64.541389628567984, -21.589281212371247, 0.0 ], [ -64.541387768757232, -21.589279323711406, 0.0 ], [ -64.541383711814191, -21.589274791678779, 0.0 ], [ -64.541379979753771, -21.589270021789538, 0.0 ], [ -64.541376589202969, -21.589265033761546, 0.0 ], [ -64.541376371119952, -21.589264686218758, 0.0 ], [ -64.541366247275405, -21.589248490545923, 0.0 ], [ -64.541363431998406, -21.589243653454801, 0.0 ], [ -64.541360766680526, -21.589238293793027, 0.0 ], [ -64.541358482216836, -21.589232783372839, 0.0 ], [ -64.541356587537493, -21.58922714469314, 0.0 ], [ -64.541355091591797, -21.589221402059085, 0.0 ], [ -64.541354001407242, -21.589215580696955, 0.0 ], [ -64.541353319163761, -21.589209704071394, 0.0 ], [ -64.541353049976564, -21.589203799232891, 0.0 ], [ -64.541353106034734, -21.589199697905919, 0.0 ], [ -64.54135407888684, -21.589174091365535, 0.0 ], [ -64.541354166955855, -21.589172284026727, 0.0 ], [ -64.541354724655477, -21.589166395919342, 0.0 ], [ -64.541355463349618, -21.589161730958757, 0.0 ], [ -64.541359822503381, -21.589138430702455, 0.0 ], [ -64.541359359762396, -21.589094718929939, 0.0 ], [ -64.541353229178185, -21.589047388785492, 0.0 ], [ -64.541352801771737, -21.589043324452689, 0.0 ], [ -64.541352532585336, -21.589037419614062, 0.0 ], [ -64.541352676712833, -21.589031510948164, 0.0 ], [ -64.541353234412369, -21.589025622840737, 0.0 ], [ -64.541353532857741, -21.58902352631662, 0.0 ], [ -64.541359353315073, -21.588986092742324, 0.0 ], [ -64.541344349143074, -21.58891239635976, 0.0 ], [ -64.541326187186513, -21.588883614997609, 0.0 ], [ -64.541282847575772, -21.588847191226073, 0.0 ], [ -64.541279787559745, -21.588844505258496, 0.0 ], [ -64.541275422387855, -21.588840231699312, 0.0 ], [ -64.541271365461313, -21.588835699662777, 0.0 ], [ -64.541267633416609, -21.588830929769891, 0.0 ], [ -64.541267144331059, -21.588830253239163, 0.0 ], [ -64.541223819026001, -21.588769722165733, 0.0 ], [ -64.541220917578272, -21.588765410664141, 0.0 ], [ -64.54121788423457, -21.588760226026388, 0.0 ], [ -64.541215218931967, -21.588754866361132, 0.0 ], [ -64.541212934482473, -21.588749355937864, 0.0 ], [ -64.541211039816218, -21.588743717255458, 0.0 ], [ -64.541209543882445, -21.588737974619153, 0.0 ], [ -64.541208910320876, -21.588734871458342, 0.0 ], [ -64.541192229845663, -21.588644677144227, 0.0 ], [ -64.54119177323409, -21.588641958940968, 0.0 ], [ -64.541191091001366, -21.588636082313808, 0.0 ], [ -64.541190917500529, -21.588625165292122, 0.0 ], [ -64.54119461027426, -21.588549491058707, 0.0 ], [ -64.541194658731897, -21.588548594574384, 0.0 ], [ -64.54119521643733, -21.588542706466871, 0.0 ], [ -64.541196183171721, -21.588536866058167, 0.0 ], [ -64.541197450347624, -21.588531489854059, 0.0 ], [ -64.541204421443155, -21.588505678736876, 0.0 ], [ -64.541202427612163, -21.588480634393171, 0.0 ], [ -64.541191034315631, -21.588465851417126, 0.0 ], [ -64.541189612919396, -21.588463956888567, 0.0 ], [ -64.54118622239551, -21.588458968854695, 0.0 ], [ -64.541183189060121, -21.588453784215666, 0.0 ], [ -64.541180523765135, -21.588448424549249, 0.0 ], [ -64.54117823932252, -21.588442914124954, 0.0 ], [ -64.541176344662389, -21.588437275441642, 0.0 ], [ -64.5411754952205, -21.588434214926043, 0.0 ], [ -64.54116143998813, -21.588379715784498, 0.0 ], [ -64.541160793502115, -21.588377033662923, 0.0 ], [ -64.541159703333875, -21.588371212298139, 0.0 ], [ -64.541159021104463, -21.588365335670495, 0.0 ], [ -64.541158815585916, -21.588355134328093, 0.0 ], [ -64.541161638079018, -21.588285104503715, 0.0 ], [ -64.541143165682143, -21.58823939073239, 0.0 ], [ -64.541142365528358, -21.588237336897031, 0.0 ], [ -64.541140470872804, -21.588231698212955, 0.0 ], [ -64.54113897494841, -21.588225955575183, 0.0 ], [ -64.541137884782557, -21.588220134210022, 0.0 ], [ -64.541137202555134, -21.588214257582106, 0.0 ], [ -64.541136933381267, -21.588208352741947, 0.0 ], [ -64.541137077519011, -21.588202444075204, 0.0 ], [ -64.541137635226406, -21.588196555967588, 0.0 ], [ -64.541138601961777, -21.588190715558994, 0.0 ], [ -64.541138742522378, -21.58819003500474, 0.0 ], [ -64.54115157567584, -21.588128983955574, 0.0 ], [ -64.541152809194926, -21.588123895300534, 0.0 ], [ -64.541154584127284, -21.588118222642056, 0.0 ], [ -64.541156751479377, -21.588112671000523, 0.0 ], [ -64.541159302799016, -21.588107263035699, 0.0 ], [ -64.541162225790416, -21.58810202324953, 0.0 ], [ -64.541164847095089, -21.588097935205461, 0.0 ], [ -64.541212175132515, -21.588028337872128, 0.0 ], [ -64.541223485087386, -21.587969646692276, 0.0 ], [ -64.541218239035018, -21.587918371024426, 0.0 ], [ -64.541186719079974, -21.587827217530265, 0.0 ], [ -64.541186329263482, -21.587826064964219, 0.0 ], [ -64.541153835868627, -21.587727613085004, 0.0 ], [ -64.541153082262525, -21.587725211965935, 0.0 ], [ -64.541151586344199, -21.587719469327673, 0.0 ], [ -64.541150496183036, -21.587713647962058, 0.0 ], [ -64.541149813958853, -21.58770777133374, 0.0 ], [ -64.541149544786819, -21.587701866493219, 0.0 ], [ -64.5411486998253, -21.58762203229001, 0.0 ], [ -64.541148843963597, -21.587616123622936, 0.0 ], [ -64.541149401669884, -21.587610235515044, 0.0 ], [ -64.541150368402484, -21.587604395106219, 0.0 ], [ -64.541151742478547, -21.587598625896899, 0.0 ], [ -64.541152856295128, -21.587594911308052, 0.0 ], [ -64.541176787775328, -21.587521150679422, 0.0 ], [ -64.541177448885534, -21.587519192609751, 0.0 ], [ -64.541179616229371, -21.587513640968108, 0.0 ], [ -64.541181208589606, -21.587510154990166, 0.0 ], [ -64.541209788025412, -21.587451059138257, 0.0 ], [ -64.541210746974244, -21.587449137151232, 0.0 ], [ -64.541213669952128, -21.587443897364633, 0.0 ], [ -64.541216954207073, -21.587438847531146, 0.0 ], [ -64.541220584517632, -21.587434009469959, 0.0 ], [ -64.541223221689165, -21.587430874219731, 0.0 ], [ -64.541269838070136, -21.587377915226554, 0.0 ], [ -64.541271161057665, -21.587376444209355, 0.0 ], [ -64.541275434867487, -21.587372090660246, 0.0 ], [ -64.54128000417343, -21.587368008063425, 0.0 ], [ -64.541284849843564, -21.587364213757997, 0.0 ], [ -64.541287079447358, -21.58736262866476, 0.0 ], [ -64.541318262514864, -21.587341122319895, 0.0 ], [ -64.541349081535571, -21.587307304268531, 0.0 ], [ -64.541449860971795, -21.587136005980316, 0.0 ], [ -64.541526768795293, -21.586961375265648, 0.0 ], [ -64.541529031576857, -21.58695663025247, 0.0 ], [ -64.541530460695967, -21.586953964138555, 0.0 ], [ -64.541581169744788, -21.586863146694345, 0.0 ], [ -64.541582663581281, -21.586860573016676, 0.0 ], [ -64.541584376013347, -21.586857848276505, 0.0 ], [ -64.541617536436917, -21.586807113890405, 0.0 ], [ -64.541619108233661, -21.586804788790754, 0.0 ], [ -64.541622738515883, -21.586799950722177, 0.0 ], [ -64.54162669864661, -21.586795344446937, 0.0 ], [ -64.541628956614929, -21.586792973249221, 0.0 ], [ -64.541662996740214, -21.586758468645829, 0.0 ], [ -64.541692251702187, -21.586725900685661, 0.0 ], [ -64.541699538887968, -21.586709891530656, 0.0 ], [ -64.541713047081771, -21.586664923093796, 0.0 ], [ -64.541714269587885, -21.586661168655031, 0.0 ], [ -64.541716436900217, -21.586655617007821, 0.0 ], [ -64.541718421558741, -21.586651330715458, 0.0 ], [ -64.541762412258933, -21.586562676431029, 0.0 ], [ -64.541762978876164, -21.586561554751732, 0.0 ], [ -64.541765901817854, -21.586556314957143, 0.0 ], [ -64.541767891772281, -21.586553167628317, 0.0 ], [ -64.541836437218706, -21.586449578099533, 0.0 ], [ -64.541837731479617, -21.586447675585319, 0.0 ], [ -64.541841361746151, -21.586442837512735, 0.0 ], [ -64.541845321860649, -21.58643823123311, 0.0 ], [ -64.541849595626672, -21.586433877671428, 0.0 ], [ -64.541851049214245, -21.58643252015483, 0.0 ], [ -64.541904447984734, -21.586383700160699, 0.0 ], [ -64.54190756365621, -21.586380975066103, 0.0 ], [ -64.541912409277643, -21.586377180744876, 0.0 ], [ -64.541917509214642, -21.586373690273685, 0.0 ], [ -64.541922842385091, -21.586370519203239, 0.0 ], [ -64.541928385765971, -21.586367682198951, 0.0 ], [ -64.541934116286455, -21.586365189410351, 0.0 ], [ -64.541940007997823, -21.586363052820193, 0.0 ], [ -64.541946036844507, -21.586361280780629, 0.0 ], [ -64.541952176839516, -21.586359881661707, 0.0 ], [ -64.541958401011144, -21.586358862036047, 0.0 ], [ -64.541964684271164, -21.586358223942561, 0.0 ], [ -64.541970997697376, -21.586357972165441, 0.0 ], [ -64.541977315216812, -21.586358106946189, 0.0 ], [ -64.541983610756432, -21.586358628526355, 0.0 ], [ -64.541989855298439, -21.586359532658332, 0.0 ], [ -64.541996023716337, -21.586360817768387, 0.0 ], [ -64.542002088904539, -21.586362477784778, 0.0 ], [ -64.542008024703946, -21.586364504820452, 0.0 ], [ -64.5420138068868, -21.586366890970492, 0.0 ], [ -64.542025453942628, -21.58637035187121, 0.0 ], [ -64.542032012891752, -21.586374224820286, 0.0 ], [ -64.542042827291183, -21.586382776989606, 0.0 ], [ -64.542047633217408, -21.586386543332839, 0.0 ], [ -64.542043008107925, -21.586382068060757, 0.0 ], [ -64.539215708760466, -21.583645750920763, 0.0 ], [ -64.527052459933216, -21.5870518498655, 0.0 ] ] ] ] } },
{ "type": "Feature", "properties": { "fid": 563622, "Nombre": "CI Napichan", "actividades": "Desarrollo de un centro de innovación para el desarrollo de capacidades.|Trabajo con comunidades y mujeres artesanas.|Apicultura.|Protección de la fuente de agua para comunidades de la provincia O’Connor.", "descripcion": "s/descripcion", "categoria": "Área Protegida", "hectareas": 9016.4017760553234 }, "geometry": { "type": "MultiPolygon", "coordinates": [ [ [ [ -63.970906437917023, -20.903133588567606, 0.0 ], [ -63.97062972258361, -20.903239794269172, 0.0 ], [ -63.970502993072415, -20.903312227771046, 0.0 ], [ -63.970376647765804, -20.90344442041431, 0.0 ], [ -63.969181968096784, -20.904290975819983, 0.0 ], [ -63.952500745168635, -20.915609233169157, 0.0 ], [ -63.936102383345371, -20.926722566732359, 0.0 ], [ -63.946165587229032, -20.971676891010933, 0.0 ], [ -63.960881265352228, -20.993013590120455, 0.0 ], [ -63.96701996147403, -20.993767641830726, 0.0 ], [ -63.970539505602659, -20.997825693088583, 0.0 ], [ -63.982425035163168, -21.005008116321665, 0.0 ], [ -63.982345710087607, -21.005034922489472, 0.0 ], [ -63.982246903834934, -21.005107205405483, 0.0 ], [ -63.982156109500728, -21.005236812176467, 0.0 ], [ -63.982111087685503, -21.005358983521173, 0.0 ], [ -63.982035519377632, -21.005481331106047, 0.0 ], [ -63.981967118362441, -21.005531924630574, 0.0 ], [ -63.981746266527082, -21.005626425168057, 0.0 ], [ -63.981708599443046, -21.005705526383746, 0.0 ], [ -63.98170874016683, -21.005727039376318, 0.0 ], [ -63.982037443236088, -21.005775341978396, 0.0 ], [ -63.982355302466885, -21.005864358762029, 0.0 ], [ -63.982564191618927, -21.005745051051818, 0.0 ], [ -63.982770051588659, -21.005693663630474, 0.0 ], [ -63.983029696486192, -21.005692164188012, 0.0 ], [ -63.983251675090891, -21.005769765874923, 0.0 ], [ -63.983463760818111, -21.005942872094849, 0.0 ], [ -63.98355849328815, -21.005974525523328, 0.0 ], [ -63.98351442174166, -21.006241551255908, 0.0 ], [ -63.983309172140594, -21.006386162510069, 0.0 ], [ -63.983325338190653, -21.006522323142207, 0.0 ], [ -63.983470716613134, -21.006564510720594, 0.0 ], [ -63.983631227425469, -21.006585096922354, 0.0 ], [ -63.983829498467742, -21.006540923321214, 0.0 ], [ -63.983897241066316, -21.006389935170002, 0.0 ], [ -63.983880792441497, -21.00621074865564, 0.0 ], [ -63.983834220439626, -21.006096277646257, 0.0 ], [ -63.983833844356944, -21.006038909705154, 0.0 ], [ -63.983867039431438, -21.005877851816077, 0.0 ], [ -63.984285458230232, -21.005325353371951, 0.0 ], [ -63.984286116234237, -21.005132715458423, 0.0 ], [ -63.984307850220738, -21.004953308158079, 0.0 ], [ -63.984406184982298, -21.004809314163023, 0.0 ], [ -63.984527805555537, -21.004722555539434, 0.0 ], [ -63.984656874358862, -21.004607068687555, 0.0 ], [ -63.98492348806294, -21.004482861401325, 0.0 ], [ -63.985121339225252, -21.004396414454437, 0.0 ], [ -63.985274070092444, -21.004395530419643, 0.0 ], [ -63.985457535457947, -21.004423153359127, 0.0 ], [ -63.985641330531735, -21.004500973028556, 0.0 ], [ -63.985832903646887, -21.004600261229541, 0.0 ], [ -63.986039373224337, -21.004642092811768, 0.0 ], [ -63.986184420626536, -21.004634081201331, 0.0 ], [ -63.98637500455321, -21.004582778013699, 0.0 ], [ -63.986481397789426, -21.004503277540966, 0.0 ], [ -63.986595238900598, -21.004395048788915, 0.0 ], [ -63.986651772300895, -21.004264137398682, 0.0 ], [ -63.986761583244757, -21.004141656117369, 0.0 ], [ -63.986806365161513, -21.003983628749264, 0.0 ], [ -63.98687448087383, -21.003890007435594, 0.0 ], [ -63.986873915072252, -21.00380395558048, 0.0 ], [ -63.986812304379761, -21.003725428906058, 0.0 ], [ -63.986728161389301, -21.003704402921382, 0.0 ], [ -63.986659055731117, -21.003647433420291, 0.0 ], [ -63.986650429314594, -21.003496886924413, 0.0 ], [ -63.98663407216069, -21.00333204271131, 0.0 ], [ -63.986686726185418, -21.003209826044682, 0.0 ], [ -63.986823145603694, -21.003051267448257, 0.0 ], [ -63.986898567331011, -21.002907404939428, 0.0 ], [ -63.986989733361476, -21.002835163729134, 0.0 ], [ -63.987164381543991, -21.002683554469101, 0.0 ], [ -63.987285857266507, -21.002575281019872, 0.0 ], [ -63.987407568674641, -21.002502862429154, 0.0 ], [ -63.987598243810467, -21.00246589995773, 0.0 ], [ -63.987872542098266, -21.002371081905302, 0.0 ], [ -63.988086456656319, -21.002384182849447, 0.0 ], [ -63.988231784962515, -21.002419195500142, 0.0 ], [ -63.988415248296967, -21.002446815331503, 0.0 ], [ -63.988652072290755, -21.002459782530359, 0.0 ], [ -63.98893499840382, -21.002515509118638, 0.0 ], [ -63.989049828492632, -21.002557869501722, 0.0 ], [ -63.989195724253101, -21.002678933120468, 0.0 ], [ -63.989364671405085, -21.002821376398419, 0.0 ], [ -63.989633365659465, -21.003034952177398, 0.0 ], [ -63.990016749679206, -21.00326937424574, 0.0 ], [ -63.990323533443608, -21.003468384808986, 0.0 ], [ -63.990707203606831, -21.003745831102339, 0.0 ], [ -63.990968312229036, -21.00396662003622, 0.0 ], [ -63.991331694129769, -21.004178207405371, 0.0 ], [ -63.991561689789492, -21.004313121527652, 0.0 ], [ -63.991776175863848, -21.004412269431278, 0.0 ], [ -63.991998203952818, -21.004497030592809, 0.0 ], [ -63.992212927594458, -21.004632032800636, 0.0 ], [ -63.992397152849726, -21.004774383799869, 0.0 ], [ -63.992672827364501, -21.004887516252555, 0.0 ], [ -63.992956376052767, -21.005036458558443, 0.0 ], [ -63.993239735459213, -21.005156716475039, 0.0 ], [ -63.993500233066264, -21.00528427860181, 0.0 ], [ -63.993774275272379, -21.005468415815628, 0.0 ], [ -63.993807343959766, -21.005468780518132, 0.0 ], [ -63.994006288873081, -21.005589687596455, 0.0 ], [ -63.994351075403372, -21.005759783563359, 0.0 ], [ -63.994808596045864, -21.006000932374146, 0.0 ], [ -63.995023181633705, -21.006114417921165, 0.0 ], [ -63.995436842694232, -21.006305622654875, 0.0 ], [ -63.995766216403275, -21.006454292040679, 0.0 ], [ -63.996232716858913, -21.006551959436184, 0.0 ], [ -63.996699170240397, -21.006642454563259, 0.0 ], [ -63.997096656189505, -21.006697496248577, 0.0 ], [ -63.997562490757929, -21.006694766458374, 0.0 ], [ -63.997875258860063, -21.006642734234063, 0.0 ], [ -63.998157384828332, -21.006576538674242, 0.0 ], [ -63.998386197305919, -21.006532169130054, 0.0 ], [ -63.99869910788221, -21.006501648295512, 0.0 ], [ -63.999012304724793, -21.00651415264598, 0.0 ], [ -63.999493220648723, -21.006482644108953, 0.0 ], [ -64.000019430361036, -21.006371984473681, 0.0 ], [ -64.000332005541694, -21.006291263966567, 0.0 ], [ -64.000713261942295, -21.006202967842825, 0.0 ], [ -64.001063780147533, -21.006086166732501, 0.0 ], [ -64.001353252938884, -21.005976895323634, 0.0 ], [ -64.001779896523928, -21.005823788695448, 0.0 ], [ -64.002023022150581, -21.005635905381681, 0.0 ], [ -64.002296214484076, -21.005376132330419, 0.0 ], [ -64.002676125792448, -21.005087045272457, 0.0 ], [ -64.002968086228407, -21.00477911336521, 0.0 ], [ -64.003340214394015, -21.004468557061852, 0.0 ], [ -64.003651392962595, -21.004179873092351, 0.0 ], [ -64.004076829609545, -21.003847487214138, 0.0 ], [ -64.004334118421866, -21.003494578853736, 0.0 ], [ -64.004477291429907, -21.003206884688307, 0.0 ], [ -64.004643469171143, -21.002933397102964, 0.0 ], [ -64.004802345938444, -21.002710151096878, 0.0 ], [ -64.004999212192189, -21.002457995731351, 0.0 ], [ -64.005202705728166, -21.002055205127885, 0.0 ], [ -64.00542278216885, -21.00184809101134, 0.0 ], [ -64.005513409824061, -21.001696959813504, 0.0 ], [ -64.005542370060638, -21.001460138063365, 0.0 ], [ -64.005487234475993, -21.001209470587561, 0.0 ], [ -64.005409622385585, -21.001023476933085, 0.0 ], [ -64.005331914447737, -21.000823141331313, 0.0 ], [ -64.005254638909804, -21.000687344234766, 0.0 ], [ -64.005162427022384, -21.00060183392986, 0.0 ], [ -64.005054702588964, -21.000480558984954, 0.0 ], [ -64.005005125143512, -21.000326497405776, 0.0 ], [ -64.004968495045119, -21.000151191133192, 0.0 ], [ -64.005035877345037, -20.999949998759956, 0.0 ], [ -64.005159131860097, -20.999861432866808, 0.0 ], [ -64.005371008821513, -20.999818937678846, 0.0 ], [ -64.00559985654705, -20.999781729851502, 0.0 ], [ -64.005813479672668, -20.999751782905612, 0.0 ], [ -64.006083196432272, -20.999735607624377, 0.0 ], [ -64.006418678966966, -20.999657131491261, 0.0 ], [ -64.00674391534011, -20.999569153657884, 0.0 ], [ -64.007099503853965, -20.999452310734043, 0.0 ], [ -64.00739419438753, -20.999364512383231, 0.0 ], [ -64.007607174739832, -20.999238950604177, 0.0 ], [ -64.007748369878726, -20.999037320383774, 0.0 ], [ -64.008062973012443, -20.9988824715516, 0.0 ], [ -64.008458064922635, -20.998583720788456, 0.0 ], [ -64.008690699789241, -20.99835286324376, 0.0 ], [ -64.008861473613877, -20.998007632304919, 0.0 ], [ -64.008972442598406, -20.997853988449243, 0.0 ], [ -64.009113377583745, -20.997614112154004, 0.0 ], [ -64.009223896147859, -20.997393539335398, 0.0 ], [ -64.009242652422643, -20.997154387145741, 0.0 ], [ -64.009220361417533, -20.996867670064415, 0.0 ], [ -64.009198970228411, -20.996714810608399, 0.0 ], [ -64.009147098994916, -20.996571693448558, 0.0 ], [ -64.009156059479523, -20.996389969153984, 0.0 ], [ -64.009144849875952, -20.996237049330659, 0.0 ], [ -64.008980469260706, -20.996018105774194, 0.0 ], [ -64.008866931898041, -20.995789299140117, 0.0 ], [ -64.008671558445002, -20.995503607377231, 0.0 ], [ -64.00846549068207, -20.995141485542028, 0.0 ], [ -64.008137312122074, -20.994789648089114, 0.0 ], [ -64.007787380057138, -20.994230450957208, 0.0 ], [ -64.007510817121798, -20.993983484764541, 0.0 ], [ -64.007243730927001, -20.99363128389292, 0.0 ], [ -64.006977351237694, -20.993384256511309, 0.0 ], [ -64.006803116275307, -20.993213177088641, 0.0 ], [ -64.006648987792332, -20.993003732007246, 0.0 ], [ -64.006515606642679, -20.992851534040636, 0.0 ], [ -64.006381713189327, -20.99262284577302, 0.0 ], [ -64.006248588908932, -20.992508892659551, 0.0 ], [ -64.006074676061544, -20.992385618769806, 0.0 ], [ -64.005951413176646, -20.992223798878648, 0.0 ], [ -64.005868298855745, -20.991975686859607, 0.0 ], [ -64.005857285233986, -20.991851450419258, 0.0 ], [ -64.005754257248242, -20.991670387521925, 0.0 ], [ -64.005620056822494, -20.991661618412571, 0.0 ], [ -64.005506518006371, -20.99165942035749, 0.0 ], [ -64.005422283644847, -20.991624061503142, 0.0 ], [ -64.005345445157488, -20.991552802736784, 0.0 ], [ -64.005199260254628, -20.991388727142262, 0.0 ], [ -64.005068059402319, -20.991181535521751, 0.0 ], [ -64.005029064521253, -20.991059854546304, 0.0 ], [ -64.004997321651985, -20.990880760821888, 0.0 ], [ -64.004897048571678, -20.990730756454244, 0.0 ], [ -64.00474246166155, -20.990451990096346, 0.0 ], [ -64.004649230146399, -20.990213020593796, 0.0 ], [ -64.004609804221346, -20.990026800838223, 0.0 ], [ -64.004570186562447, -20.989811897221443, 0.0 ], [ -64.004500265829989, -20.989633028544848, 0.0 ], [ -64.004422709533728, -20.989454204862966, 0.0 ], [ -64.004352933006317, -20.989296848990495, 0.0 ], [ -64.004321335246757, -20.989139267942583, 0.0 ], [ -64.004259242643769, -20.98898903794991, 0.0 ], [ -64.004166559399721, -20.988831817050716, 0.0 ], [ -64.004081272383999, -20.988638696258288, 0.0 ], [ -64.004018653009439, -20.988409585553907, 0.0 ], [ -64.003963621588611, -20.988173258838632, 0.0 ], [ -64.003931880748226, -20.987994164780137, 0.0 ], [ -64.003915555078976, -20.987836493586979, 0.0 ], [ -64.003907152642128, -20.987721803166927, 0.0 ], [ -64.003906481714679, -20.987621409666616, 0.0 ], [ -64.003852073776244, -20.987478305415081, 0.0 ], [ -64.00379761802958, -20.987328030174769, 0.0 ], [ -64.003750702193273, -20.987163367981211, 0.0 ], [ -64.003735790235652, -20.986853653596018, 0.0 ], [ -64.003650536854025, -20.98641934367809, 0.0 ], [ -64.003619180099605, -20.986297617223983, 0.0 ], [ -64.003572552251924, -20.986175980738739, 0.0 ], [ -64.003556897880401, -20.986118702984893, 0.0 ], [ -64.003510174344015, -20.985982724542666, 0.0 ], [ -64.003486501266664, -20.985868124030841, 0.0 ], [ -64.003485447497482, -20.985710362760791, 0.0 ], [ -64.003469122652618, -20.985552691454384, 0.0 ], [ -64.0034376704659, -20.985416623006998, 0.0 ], [ -64.003398487026175, -20.985266257593914, 0.0 ], [ -64.003398008096013, -20.985194547919082, 0.0 ], [ -64.003397337597178, -20.985094154373268, 0.0 ], [ -64.003404206831433, -20.984979373912168, 0.0 ], [ -64.003403440551253, -20.984864638428498, 0.0 ], [ -64.003348986313796, -20.984714362943166, 0.0 ], [ -64.003309324306912, -20.984492287803775, 0.0 ], [ -64.003307935594464, -20.984284329720481, 0.0 ], [ -64.003268848398577, -20.984148306178145, 0.0 ], [ -64.003268034371146, -20.98402639970973, 0.0 ], [ -64.003267555534208, -20.983954690021562, 0.0 ], [ -64.003266789399305, -20.983839954519269, 0.0 ], [ -64.003275818890316, -20.983476916512064, 0.0 ], [ -64.003249609308639, -20.983363526062579, 0.0 ], [ -64.003229603025545, -20.983226194901402, 0.0 ], [ -64.003177742644525, -20.983083075282657, 0.0 ], [ -64.003118801417827, -20.98283242855911, 0.0 ], [ -64.00307974674331, -20.982701185575323, 0.0 ], [ -64.003059461487908, -20.982522023712672, 0.0 ], [ -64.003070990376443, -20.982342674517611, 0.0 ], [ -64.003076156437629, -20.982163362784622, 0.0 ], [ -64.003113016827569, -20.981965936291964, 0.0 ], [ -64.003111500914756, -20.981738855545093, 0.0 ], [ -64.003065246099439, -20.981482157997473, 0.0 ], [ -64.003121729243276, -20.981364694949306, 0.0 ], [ -64.003120532495458, -20.981185420663785, 0.0 ], [ -64.003125778303172, -20.981018060528722, 0.0 ], [ -64.003181886244974, -20.980844424852069, 0.0 ], [ -64.003270246654992, -20.980736335717456, 0.0 ], [ -64.003326434133896, -20.980574651617786, 0.0 ], [ -64.003356851366505, -20.980365310917154, 0.0 ], [ -64.003339648352451, -20.980160124303598, 0.0 ], [ -64.003372975046204, -20.979921195826268, 0.0 ], [ -64.003435006144272, -20.979681788689255, 0.0 ], [ -64.00351044080503, -20.979543895348531, 0.0 ], [ -64.003636697049217, -20.979393750512848, 0.0 ], [ -64.003712251121016, -20.979273784520995, 0.0 ], [ -64.003806374230564, -20.979076020510366, 0.0 ], [ -64.003862919831221, -20.978968118539193, 0.0 ], [ -64.003900257596555, -20.978842401594459, 0.0 ], [ -64.003969248933501, -20.978692593941943, 0.0 ], [ -64.004013308499623, -20.97862062176997, 0.0 ], [ -64.004108269260868, -20.978548349613355, 0.0 ], [ -64.004216354526065, -20.978535760498527, 0.0 ], [ -64.004331042027076, -20.978558988665178, 0.0 ], [ -64.00447099645875, -20.978554577988547, 0.0 ], [ -64.004595532348247, -20.978501094190122, 0.0 ], [ -64.004840480695904, -20.978177510796801, 0.0 ], [ -64.004973425623874, -20.978076859951351, 0.0 ], [ -64.005135638017393, -20.97803671851322, 0.0 ], [ -64.005364173055966, -20.977957681590819, 0.0 ], [ -64.00559899049918, -20.977866655203982, 0.0 ], [ -64.005738368368171, -20.977776191890179, 0.0 ], [ -64.005884188669114, -20.977697642519601, 0.0 ], [ -64.00610596012335, -20.977558884131422, 0.0 ], [ -64.006200919177175, -20.977486610867089, 0.0 ], [ -64.006314205747771, -20.977300684497941, 0.0 ], [ -64.006434094722408, -20.977150575316781, 0.0 ], [ -64.00664902199253, -20.976940144174716, 0.0 ], [ -64.006864509096175, -20.976813374061713, 0.0 ], [ -64.007022892848198, -20.976710845351377, 0.0 ], [ -64.007162068553924, -20.976590501911744, 0.0 ], [ -64.007269351141531, -20.976458394819314, 0.0 ], [ -64.007357243622764, -20.97627206320848, 0.0 ], [ -64.007540370117326, -20.975872779839182, 0.0 ], [ -64.007616890596182, -20.97567119628766, 0.0 ], [ -64.00787414433276, -20.975388464294902, 0.0 ], [ -64.008049661093125, -20.975236694300651, 0.0 ], [ -64.00808034182775, -20.975025488332843, 0.0 ], [ -64.008174910811817, -20.974768684850261, 0.0 ], [ -64.008253836011264, -20.974572266586822, 0.0 ], [ -64.00838130899939, -20.974435853717811, 0.0 ], [ -64.00850807391393, -20.974193932717547, 0.0 ], [ -64.008731833244852, -20.974056949729331, 0.0 ], [ -64.00897062831099, -20.973769145683487, 0.0 ], [ -64.009113641854597, -20.973557274411078, 0.0 ], [ -64.009320643551291, -20.973314877699679, 0.0 ], [ -64.009431661974389, -20.973118268852563, 0.0 ], [ -64.009477983305743, -20.972846677318469, 0.0 ], [ -64.009604947638522, -20.972634900734448, 0.0 ], [ -64.009780763198009, -20.97252834683427, 0.0 ], [ -64.009924381983026, -20.972406910391612, 0.0 ], [ -64.010003101241622, -20.972180346258614, 0.0 ], [ -64.010050231426206, -20.972029335188818, 0.0 ], [ -64.010112801485676, -20.97178779354557, 0.0 ], [ -64.010143478822798, -20.971576587268231, 0.0 ], [ -64.010237130827846, -20.971184129595724, 0.0 ], [ -64.010170510343514, -20.970822768268974, 0.0 ], [ -64.010249127230466, -20.970581131453617, 0.0 ], [ -64.010214804387061, -20.970249725016263, 0.0 ], [ -64.010228826364397, -20.969948178358909, 0.0 ], [ -64.010258996921038, -20.969661609150332, 0.0 ], [ -64.010337916978003, -20.969465190024803, 0.0 ], [ -64.010256161346632, -20.9692395769687, 0.0 ], [ -64.010286736854653, -20.969013298054126, 0.0 ], [ -64.010363995626335, -20.968569688624807, 0.0 ], [ -64.010329166838432, -20.968162919226373, 0.0 ], [ -64.010326635094415, -20.967786104721522, 0.0 ], [ -64.010084713099388, -20.967606660347421, 0.0 ], [ -64.009987154843913, -20.967417316349223, 0.0 ], [ -64.00996958928863, -20.967191322687771, 0.0 ], [ -64.00988813925666, -20.967010927075101, 0.0 ], [ -64.009805879739332, -20.966709950733801, 0.0 ], [ -64.009724328985911, -20.966514482428721, 0.0 ], [ -64.009674467640664, -20.966258533628178, 0.0 ], [ -64.009657408731726, -20.9661079028131, 0.0 ], [ -64.009607446479833, -20.965836881383545, 0.0 ], [ -64.009573328971172, -20.965535619710316, 0.0 ], [ -64.009409218070843, -20.964993956800427, 0.0 ], [ -64.00931050937713, -20.964632784721449, 0.0 ], [ -64.009181123559898, -20.964482818831303, 0.0 ], [ -64.008924273791592, -20.964469265987756, 0.0 ], [ -64.008682763239435, -20.964350109647349, 0.0 ], [ -64.00848929229403, -20.964215595568348, 0.0 ], [ -64.00843933291722, -20.963944573626367, 0.0 ], [ -64.008309847516657, -20.963779534406797, 0.0 ], [ -64.008197318408648, -20.963750053554325, 0.0 ], [ -64.007973472455006, -20.963871962803623, 0.0 ], [ -64.007846108599935, -20.964023447784907, 0.0 ], [ -64.007573414843961, -20.964040132935938, 0.0 ], [ -64.007267920903544, -20.963951499075115, 0.0 ], [ -64.007010163844043, -20.963802289877862, 0.0 ], [ -64.006735654363936, -20.96354766679859, 0.0 ], [ -64.006573169943152, -20.963247162230207, 0.0 ], [ -64.006523315257823, -20.962991212150239, 0.0 ], [ -64.006585585346826, -20.962704453652194, 0.0 ], [ -64.006647956094113, -20.962432767738669, 0.0 ], [ -64.00675876894654, -20.962206015355658, 0.0 ], [ -64.006869783260512, -20.962009408121858, 0.0 ], [ -64.006948502462535, -20.961782845162052, 0.0 ], [ -64.00696353997985, -20.961632024317375, 0.0 ], [ -64.006898042392137, -20.961436459508995, 0.0 ], [ -64.006704677689569, -20.961317015751519, 0.0 ], [ -64.006494460038425, -20.961077085609894, 0.0 ], [ -64.006380723230379, -20.960866732122028, 0.0 ], [ -64.006266986750475, -20.960656378540303, 0.0 ], [ -64.006200684008959, -20.960340232486249, 0.0 ], [ -64.006140981212582, -20.960113523612112, 0.0 ], [ -64.006127378200745, -20.959982130681144, 0.0 ], [ -64.006024389485347, -20.959803456739543, 0.0 ], [ -64.005908117920526, -20.959541196313758, 0.0 ], [ -64.005842661557764, -20.959266683914926, 0.0 ], [ -64.005764002406409, -20.958920536682058, 0.0 ], [ -64.005659376850247, -20.958530740496318, 0.0 ], [ -64.005721776695907, -20.958314203865275, 0.0 ], [ -64.005670212714563, -20.957802018732664, 0.0 ], [ -64.005699282365626, -20.957349650852592, 0.0 ], [ -64.005680919130228, -20.957003075209592, 0.0 ], [ -64.005372771216329, -20.956577552706275, 0.0 ], [ -64.005297283383513, -20.955828261829112, 0.0 ], [ -64.005416928982484, -20.955194498286332, 0.0 ], [ -64.005298605378826, -20.953157721759826, 0.0 ], [ -64.005233770651472, -20.952075808387178, 0.0 ], [ -64.005340125389026, -20.95074936932399, 0.0 ], [ -64.005334884466066, -20.949964735769662, 0.0 ], [ -64.005300841679343, -20.94918027189523, 0.0 ], [ -64.005412616387744, -20.948665522519011, 0.0 ], [ -64.005668399940504, -20.948149924105916, 0.0 ], [ -64.005924905011256, -20.947742550681582, 0.0 ], [ -64.006239012216156, -20.947334837128238, 0.0 ], [ -64.006625638650036, -20.946858135509633, 0.0 ], [ -64.006802316532472, -20.946641954593105, 0.0 ], [ -64.006931887184066, -20.946427658441461, 0.0 ], [ -64.006965124501932, -20.94623530884019, 0.0 ], [ -64.007034614503695, -20.946130051608773, 0.0 ], [ -64.007148829657012, -20.946086349688034, 0.0 ], [ -64.007255603128371, -20.94607137673265, 0.0 ], [ -64.007354982965055, -20.9460923037459, 0.0 ], [ -64.007462044347164, -20.946120356610525, 0.0 ], [ -64.007538671902594, -20.946044755073803, 0.0 ], [ -64.007887741756946, -20.945923171839066, 0.0 ], [ -64.008173998772307, -20.945921480358834, 0.0 ], [ -64.008396843235218, -20.945950043553871, 0.0 ], [ -64.008715106791414, -20.945978042270113, 0.0 ], [ -64.008874739186481, -20.946066739198777, 0.0 ], [ -64.009001964612708, -20.946065986748156, 0.0 ], [ -64.009223807886073, -20.945945153271698, 0.0 ], [ -64.009573076363154, -20.945853445763692, 0.0 ], [ -64.00982632427872, -20.94567266507962, 0.0 ], [ -64.010017161860333, -20.945671535323935, 0.0 ], [ -64.010113382549363, -20.94579048679666, 0.0 ], [ -64.010241810709914, -20.945969008067454, 0.0 ], [ -64.010434453531957, -20.946236789762224, 0.0 ], [ -64.010722917557601, -20.946563764081265, 0.0 ], [ -64.010978372383377, -20.946711651777054, 0.0 ], [ -64.011138207503123, -20.94683022558856, 0.0 ], [ -64.011393663172612, -20.946978112622791, 0.0 ], [ -64.011649320128527, -20.947155878339974, 0.0 ], [ -64.011968791730823, -20.947363145365507, 0.0 ], [ -64.012226258239423, -20.947809821890129, 0.0 ], [ -64.012354288778269, -20.94792858319806, 0.0 ], [ -64.012673899792773, -20.948378340194822, 0.0 ], [ -64.012997862859791, -20.949030332343671, 0.0 ], [ -64.013318949499933, -20.949476629082881, 0.0 ], [ -64.013641647846995, -20.95016195759619, 0.0 ], [ -64.013994827992931, -20.950649894473852, 0.0 ], [ -64.01399603578615, -20.950829168798879, 0.0 ], [ -64.013869410356875, -20.950919562302015, 0.0 ], [ -64.013616159036403, -20.951100349042061, 0.0 ], [ -64.013427930278965, -20.951489910850764, 0.0 ], [ -64.013367131937173, -20.95190859562447, 0.0 ], [ -64.013241309881948, -20.952118504927967, 0.0 ], [ -64.013243925039475, -20.952506932651339, 0.0 ], [ -64.013151921602542, -20.953015443470456, 0.0 ], [ -64.01309071977316, -20.953374370022061, 0.0 ], [ -64.013126953090477, -20.954031520210695, 0.0 ], [ -64.013225596009221, -20.954509018081637, 0.0 ], [ -64.013390270717366, -20.955344686349548, 0.0 ], [ -64.013712178011829, -20.955910497584032, 0.0 ], [ -64.014223931809127, -20.956325777894367, 0.0 ], [ -64.014543225319088, -20.956503159910557, 0.0 ], [ -64.014798297919995, -20.95659128282124, 0.0 ], [ -64.015178992195914, -20.95643961573133, 0.0 ], [ -64.015495665459071, -20.956228568636433, 0.0 ], [ -64.016259471513806, -20.956283778813134, 0.0 ], [ -64.016514746481761, -20.956401778143526, 0.0 ], [ -64.017087702755177, -20.956458122138418, 0.0 ], [ -64.017247149121104, -20.956516931464297, 0.0 ], [ -64.017725084728283, -20.956633600516657, 0.0 ], [ -64.018139606157561, -20.956780527044209, 0.0 ], [ -64.018490106729914, -20.956868074532974, 0.0 ], [ -64.018647531162358, -20.956628092606618, 0.0 ], [ -64.018962783238095, -20.956207886337499, 0.0 ], [ -64.019311258747265, -20.955996642316922, 0.0 ], [ -64.019502918648797, -20.956115017353831, 0.0 ], [ -64.019600975886476, -20.95650287359306, 0.0 ], [ -64.019826672864696, -20.956949726797614, 0.0 ], [ -64.020209388418778, -20.957096838402599, 0.0 ], [ -64.020687733193142, -20.957273256911805, 0.0 ], [ -64.021197684878246, -20.957419604571808, 0.0 ], [ -64.021388739516468, -20.957448340448359, 0.0 ], [ -64.021897677690419, -20.957445291172075, 0.0 ], [ -64.022312814065714, -20.957681844139536, 0.0 ], [ -64.022568298859724, -20.957829713044827, 0.0 ], [ -64.022634353360615, -20.958187878900699, 0.0 ], [ -64.022667990048447, -20.958456598648166, 0.0 ], [ -64.022607418753225, -20.9589051643879, 0.0 ], [ -64.022639530913452, -20.959320041612195, 0.0 ], [ -64.022328189225192, -20.959535600567936, 0.0 ], [ -64.022217683105779, -20.959962361706211, 0.0 ], [ -64.02222274988786, -20.960708003801628, 0.0 ], [ -64.022453898392641, -20.961345765519056, 0.0 ], [ -64.02291040652085, -20.961769125607024, 0.0 ], [ -64.023764553686362, -20.962296621582091, 0.0 ], [ -64.024900764384, -20.962609368467753, 0.0 ], [ -64.025581185583334, -20.962605276581339, 0.0 ], [ -64.026658518813733, -20.962598792209398, 0.0 ], [ -64.027621356597678, -20.962433204496982, 0.0 ], [ -64.028470424693097, -20.962215035553445, 0.0 ], [ -64.029432893067082, -20.961996177764405, 0.0 ], [ -64.030396452908633, -20.961937094661224, 0.0 ], [ -64.031358185862928, -20.961611706202923, 0.0 ], [ -64.033395040623731, -20.960960226173881, 0.0 ], [ -64.034771280005529, -20.96061417560561, 0.0 ], [ -64.035780156297236, -20.96046294658759, 0.0 ], [ -64.036854678937061, -20.960253930478203, 0.0 ], [ -64.021817549952999, -20.883925772021232, 0.0 ], [ -64.014867264979799, -20.875306231726444, 0.0 ], [ -63.970906437917023, -20.903133588567606, 0.0 ] ] ] ] } },
{ "type": "Feature", "properties": { "fid": 563623, "Nombre": "REM Paquió", "actividades": null, "descripcion": "s/descripcion", "categoria": "Área Protegida", "hectareas": 24655.546274490946 }, "geometry": { "type": "MultiPolygon", "coordinates": [ [ [ [ -59.394497766694109, -18.032304958859445, 0.0 ], [ -59.230832986045193, -18.080112762218594, 0.0 ], [ -59.230832948074827, -18.080112773205585, 0.0 ], [ -59.228882684505621, -18.092015282524581, 0.0 ], [ -59.254581236359414, -18.09447352917417, 0.0 ], [ -59.279571060769484, -18.09685043492032, 0.0 ], [ -59.280965920291244, -18.106833165015289, 0.0 ], [ -59.372756824783252, -18.084282120580522, 0.0 ], [ -59.361685727370748, -18.136227276766391, 0.0 ], [ -59.402228951727011, -18.106152921119829, 0.0 ], [ -59.422037978700423, -18.068072699059769, 0.0 ], [ -59.435100375489931, -18.085604630324596, 0.0 ], [ -59.412782711254977, -18.122865338449952, 0.0 ], [ -59.409277586984771, -18.124403186435579, 0.0 ], [ -59.473648525590299, -18.099075340744282, 0.0 ], [ -59.495764009065539, -18.090433668874635, 0.0 ], [ -59.493506952104298, -18.111127157068772, 0.0 ], [ -59.523792349269605, -18.120425228042983, 0.0 ], [ -59.533918150548729, -18.135630075565789, 0.0 ], [ -59.533169770759351, -18.143574071872031, 0.0 ], [ -59.542587417631538, -18.169486909403592, 0.0 ], [ -59.542766137926861, -18.16950105292581, 0.0 ], [ -59.544087595245927, -18.169605657218462, 0.0 ], [ -59.545784090812909, -18.170964121986906, 0.0 ], [ -59.546664024953486, -18.17173405639166, 0.0 ], [ -59.548096148338821, -18.172635525077794, 0.0 ], [ -59.549265304480201, -18.17262001029664, 0.0 ], [ -59.549749919369809, -18.172725843700594, 0.0 ], [ -59.549906412460139, -18.172702986216258, 0.0 ], [ -59.550102455914178, -18.172808305923564, 0.0 ], [ -59.550947915429667, -18.173397066689052, 0.0 ], [ -59.55142224469077, -18.174368339903037, 0.0 ], [ -59.553251833528925, -18.175451745565937, 0.0 ], [ -59.553757237946897, -18.175299460329661, 0.0 ], [ -59.554397182322809, -18.175544399495408, 0.0 ], [ -59.555691030347738, -18.17650589468834, 0.0 ], [ -59.556910532850111, -18.176924601230834, 0.0 ], [ -59.55827319997357, -18.176858179593342, 0.0 ], [ -59.559197112123577, -18.17659640029532, 0.0 ], [ -59.559444621712906, -18.176538742951724, 0.0 ], [ -59.559716441755093, -18.176175497619887, 0.0 ], [ -59.561368617453482, -18.174676350439164, 0.0 ], [ -59.562725612209981, -18.173045038427688, 0.0 ], [ -59.564041736871886, -18.171451663759804, 0.0 ], [ -59.565337961440378, -18.170935854418929, 0.0 ], [ -59.566389697765231, -18.171072317879371, 0.0 ], [ -59.567748247506628, -18.172091555811726, 0.0 ], [ -59.568901033193924, -18.173163098007226, 0.0 ], [ -59.569208125200149, -18.173328440396478, 0.0 ], [ -59.567720653283487, -18.168822134924664, 0.0 ], [ -59.574689686609823, -18.14960530176706, 0.0 ], [ -59.574677373445532, -18.148764843652348, 0.0 ], [ -59.575227907926731, -18.147724845042095, 0.0 ], [ -59.575465609439497, -18.14660404665452, 0.0 ], [ -59.575554725554902, -18.145611942406955, 0.0 ], [ -59.576211192902001, -18.144866934288316, 0.0 ], [ -59.576300697044111, -18.144405565400287, 0.0 ], [ -59.5759080727507, -18.143830946981346, 0.0 ], [ -59.576104860095505, -18.142859925102179, 0.0 ], [ -59.576719147355277, -18.142094195900196, 0.0 ], [ -59.577451216414666, -18.141573623736129, 0.0 ], [ -59.577967200827992, -18.141066286895573, 0.0 ], [ -59.537168849619484, -18.080861924188699, 0.0 ], [ -59.563250953568215, -18.065308529469135, 0.0 ], [ -59.549952823307024, -18.030318255218837, 0.0 ], [ -59.549952234417766, -18.030316718530653, 0.0 ], [ -59.394497766694109, -18.032304958859445, 0.0 ] ] ] ] } },
{ "type": "Feature", "properties": { "fid": 563624, "Nombre": "Serrania del Aguarague", "actividades": null, "descripcion": "s/descripcion", "categoria": "Área Protegida", "hectareas": 95854.922366118175 }, "geometry": { "type": "MultiPolygon", "coordinates": [ [ [ [ -63.371337890625, -20.404357910156243, 0.0 ], [ -63.36761474609375, -20.404602050781246, 0.0 ], [ -63.364440917968729, -20.403930664062493, 0.0 ], [ -63.358581542968736, -20.402954101562479, 0.0 ], [ -63.355834960937507, -20.402954101562493, 0.0 ], [ -63.352783203125007, -20.404602050781243, 0.0 ], [ -63.350036621093736, -20.407775878906239, 0.0 ], [ -63.349670410156214, -20.411499023437461, 0.0 ], [ -63.350341796874986, -20.417663574218729, 0.0 ], [ -63.348693847656243, -20.423278808593722, 0.0 ], [ -63.345947265624986, -20.427124023437482, 0.0 ], [ -63.345947265625, -20.430236816406264, 0.0 ], [ -63.346923828125014, -20.432617187500007, 0.0 ], [ -63.349670410156222, -20.436035156249968, 0.0 ], [ -63.35076904296875, -20.440246582031239, 0.0 ], [ -63.354187011718736, -20.444274902343725, 0.0 ], [ -63.356506347656243, -20.446716308593722, 0.0 ], [ -63.35791015625, -20.451232910156232, 0.0 ], [ -63.35791015625, -20.454956054687493, 0.0 ], [ -63.357299804687493, -20.459472656249993, 0.0 ], [ -63.355163574218714, -20.462219238281239, 0.0 ], [ -63.351013183593757, -20.464965820312493, 0.0 ], [ -63.34552001953125, -20.465332031249989, 0.0 ], [ -63.3414306640625, -20.465332031249993, 0.0 ], [ -63.33551025390625, -20.464965820312514, 0.0 ], [ -63.33172607421875, -20.464965820312464, 0.0 ], [ -63.326599121093736, -20.46630859375, 0.0 ], [ -63.322509765624993, -20.467712402343743, 0.0 ], [ -63.319091796875, -20.468078613281207, 0.0 ], [ -63.312805175781243, -20.467041015624993, 0.0 ], [ -63.308776855468743, -20.466308593749982, 0.0 ], [ -63.304565429687493, -20.465332031249993, 0.0 ], [ -63.300415039062486, -20.46533203125, 0.0 ], [ -63.29766845703125, -20.466735839843736, 0.0 ], [ -63.294677734374986, -20.471557617187496, 0.0 ], [ -63.2935791015625, -20.475341796874986, 0.0 ], [ -63.2935791015625, -20.479370117187496, 0.0 ], [ -63.2935791015625, -20.483215332031229, 0.0 ], [ -63.29327392578125, -20.488403320312504, 0.0 ], [ -63.296691894531236, -20.492797851562504, 0.0 ], [ -63.29840087890625, -20.497436523437482, 0.0 ], [ -63.296691894531207, -20.502258300781239, 0.0 ], [ -63.294921875, -20.506774902343743, 0.0 ], [ -63.291809082031207, -20.509094238281254, 0.0 ], [ -63.29052734375, -20.511169433593743, 0.0 ], [ -63.290832519531257, -20.514343261718739, 0.0 ], [ -63.293579101562479, -20.51776123046875, 0.0 ], [ -63.296020507812493, -20.520202636718725, 0.0 ], [ -63.297424316406236, -20.522949218749989, 0.0 ], [ -63.299072265624993, -20.526672363281257, 0.0 ], [ -63.301513671875, -20.530883789062486, 0.0 ], [ -63.3011474609375, -20.533935546874968, 0.0 ], [ -63.300170898437493, -20.535278320312475, 0.0 ], [ -63.298400878906243, -20.537353515625004, 0.0 ], [ -63.29742431640625, -20.539428710937489, 0.0 ], [ -63.296325683593757, -20.541870117187479, 0.0 ], [ -63.296020507812507, -20.545593261718714, 0.0 ], [ -63.297424316406236, -20.549438476562493, 0.0 ], [ -63.297668457031264, -20.555297851562496, 0.0 ], [ -63.29766845703125, -20.5624389648437, 0.0 ], [ -63.29766845703125, -20.569335937499989, 0.0 ], [ -63.29669189453125, -20.576599121093746, 0.0 ], [ -63.296325683593736, -20.582580566406236, 0.0 ], [ -63.29632568359375, -20.587280273437479, 0.0 ], [ -63.296325683593736, -20.591796874999989, 0.0 ], [ -63.295349121093714, -20.597290039062482, 0.0 ], [ -63.294921875, -20.602783203124972, 0.0 ], [ -63.29180908203125, -20.611816406249986, 0.0 ], [ -63.292236328124993, -20.624572753906243, 0.0 ], [ -63.291809082031236, -20.63043212890625, 0.0 ], [ -63.290832519531214, -20.63592529296875, 0.0 ], [ -63.28839111328125, -20.641418457031264, 0.0 ], [ -63.288391113281236, -20.645568847656243, 0.0 ], [ -63.2901611328125, -20.652526855468714, 0.0 ], [ -63.292236328124993, -20.658020019531232, 0.0 ], [ -63.292907714843707, -20.662841796874968, 0.0 ], [ -63.291503906249993, -20.667907714843743, 0.0 ], [ -63.28948974609375, -20.674499511718725, 0.0 ], [ -63.287414550781243, -20.679260253906229, 0.0 ], [ -63.283996582031236, -20.68560791015625, 0.0 ], [ -63.281494140624993, -20.690795898437504, 0.0 ], [ -63.279174804687486, -20.694213867187472, 0.0 ], [ -63.277099609374993, -20.700378417968757, 0.0 ], [ -63.276000976562486, -20.704895019531232, 0.0 ], [ -63.274353027343743, -20.709716796874996, 0.0 ], [ -63.273986816406243, -20.715881347656222, 0.0 ], [ -63.274658203125007, -20.719970703125, 0.0 ], [ -63.277099609375, -20.727539062499989, 0.0 ], [ -63.278503417968757, -20.732360839843736, 0.0 ], [ -63.282226562499979, -20.737976074218746, 0.0 ], [ -63.283569335937486, -20.741394042968718, 0.0 ], [ -63.283264160156243, -20.745483398437486, 0.0 ], [ -63.28125, -20.748901367187493, 0.0 ], [ -63.278747558593757, -20.753417968749989, 0.0 ], [ -63.2767333984375, -20.758666992187468, 0.0 ], [ -63.276428222656236, -20.763488769531254, 0.0 ], [ -63.274353027343757, -20.767700195312475, 0.0 ], [ -63.2716064453125, -20.770751953124968, 0.0 ], [ -63.269470214843736, -20.773498535156239, 0.0 ], [ -63.268859863281243, -20.775268554687504, 0.0 ], [ -63.266052246093736, -20.778381347656246, 0.0 ], [ -63.263977050781257, -20.780761718749986, 0.0 ], [ -63.260559082031243, -20.78387451171875, 0.0 ], [ -63.259460449218757, -20.787902832031222, 0.0 ], [ -63.259460449218757, -20.794189453124996, 0.0 ], [ -63.261596679687486, -20.799682617187482, 0.0 ], [ -63.26605224609375, -20.803466796874996, 0.0 ], [ -63.269470214843736, -20.805847167968743, 0.0 ], [ -63.2701416015625, -20.809265136718743, 0.0 ], [ -63.271911621093736, -20.812438964843746, 0.0 ], [ -63.274963378906264, -20.817504882812496, 0.0 ], [ -63.27984619140625, -20.820617675781229, 0.0 ], [ -63.28424072265625, -20.822998046874993, 0.0 ], [ -63.2890625, -20.827514648437504, 0.0 ], [ -63.291503906249993, -20.831359863281239, 0.0 ], [ -63.2935791015625, -20.835754394531236, 0.0 ], [ -63.297424316406207, -20.842712402343732, 0.0 ], [ -63.3011474609375, -20.846130371093739, 0.0 ], [ -63.305236816406264, -20.850524902343743, 0.0 ], [ -63.309082031249993, -20.855041503906225, 0.0 ], [ -63.313171386718736, -20.856811523437468, 0.0 ], [ -63.316345214843736, -20.86163330078125, 0.0 ], [ -63.315551757812507, -20.865356445312489, 0.0 ], [ -63.313598632812507, -20.868774414062479, 0.0 ], [ -63.307312011718764, -20.874511718749996, 0.0 ], [ -63.303588867187507, -20.880004882812504, 0.0 ], [ -63.299072265625007, -20.885498046874986, 0.0 ], [ -63.296325683593736, -20.890686035156239, 0.0 ], [ -63.296020507812507, -20.895202636718704, 0.0 ], [ -63.29669189453125, -20.899230957031236, 0.0 ], [ -63.300415039062486, -20.906188964843729, 0.0 ], [ -63.306701660156236, -20.913085937500004, 0.0 ], [ -63.309753417968736, -20.916503906250004, 0.0 ], [ -63.314575195312472, -20.922363281249982, 0.0 ], [ -63.316345214843736, -20.926757812499968, 0.0 ], [ -63.316345214843729, -20.931274414062482, 0.0 ], [ -63.317016601562493, -20.938537597656229, 0.0 ], [ -63.317016601562507, -20.943359375, 0.0 ], [ -63.315917968749979, -20.948181152343718, 0.0 ], [ -63.314270019531243, -20.952270507812504, 0.0 ], [ -63.312194824218743, -20.959838867187479, 0.0 ], [ -63.3115234375, -20.964599609375, 0.0 ], [ -63.310852050781236, -20.972595214843707, 0.0 ], [ -63.3111572265625, -20.977355957031246, 0.0 ], [ -63.312805175781243, -20.9832763671875, 0.0 ], [ -63.314575195312472, -20.987365722656239, 0.0 ], [ -63.315551757812493, -20.990112304687504, 0.0 ], [ -63.319335937499986, -20.993530273437489, 0.0 ], [ -63.321838378906257, -20.998046874999982, 0.0 ], [ -63.3280029296875, -21.001525878906218, 0.0 ], [ -63.328435764933097, -21.003407402875908, 0.0 ], [ -63.528991699218736, -21.002441406249989, 0.0 ], [ -63.527893066406236, -20.998046875, 0.0 ], [ -63.5247802734375, -20.991088867187486, 0.0 ], [ -63.521057128906214, -20.987365722656246, 0.0 ], [ -63.518005371093757, -20.983154296875014, 0.0 ], [ -63.515136718749972, -20.977355957031246, 0.0 ], [ -63.513488769531257, -20.971862792968757, 0.0 ], [ -63.512145996093736, -20.965270996093725, 0.0 ], [ -63.51104736328125, -20.959838867187496, 0.0 ], [ -63.51104736328125, -20.954589843750011, 0.0 ], [ -63.511047363281236, -20.950195312499986, 0.0 ], [ -63.50762939453125, -20.945983886718725, 0.0 ], [ -63.504211425781264, -20.942932128906232, 0.0 ], [ -63.501464843749993, -20.9366455078125, 0.0 ], [ -63.49761962890625, -20.933227539062504, 0.0 ], [ -63.496215820312493, -20.928710937499982, 0.0 ], [ -63.4927978515625, -20.924560546874993, 0.0 ], [ -63.48968505859375, -20.920471191406232, 0.0 ], [ -63.489379882812486, -20.91729736328125, 0.0 ], [ -63.490478515625, -20.912231445312489, 0.0 ], [ -63.488037109374993, -20.905944824218725, 0.0 ], [ -63.485656738281222, -20.902893066406246, 0.0 ], [ -63.482543945312493, -20.898376464843729, 0.0 ], [ -63.479370117187457, -20.894287109374989, 0.0 ], [ -63.477294921875007, -20.890136718749986, 0.0 ], [ -63.474304199218757, -20.886718749999972, 0.0 ], [ -63.473876953124979, -20.882629394531232, 0.0 ], [ -63.473876953124993, -20.880554199218743, 0.0 ], [ -63.47772216796875, -20.876708984374993, 0.0 ], [ -63.478698730468743, -20.871520996093743, 0.0 ], [ -63.47772216796875, -20.868774414062482, 0.0 ], [ -63.476318359374986, -20.864685058593725, 0.0 ], [ -63.47564697265625, -20.861206054687486, 0.0 ], [ -63.47320556640625, -20.858215332031218, 0.0 ], [ -63.471130371093757, -20.856140136718732, 0.0 ], [ -63.467041015624986, -20.852294921874996, 0.0 ], [ -63.46319580078125, -20.849853515624968, 0.0 ], [ -63.460876464843714, -20.846435546874989, 0.0 ], [ -63.458801269531222, -20.840270996093754, 0.0 ], [ -63.458801269531222, -20.837219238281211, 0.0 ], [ -63.458801269531222, -20.831604003906264, 0.0 ], [ -63.4583740234375, -20.827209472656243, 0.0 ], [ -63.457702636718722, -20.821716308593761, 0.0 ], [ -63.45428466796875, -20.8175048828125, 0.0 ], [ -63.450561523437472, -20.815185546874993, 0.0 ], [ -63.44635009765625, -20.813781738281222, 0.0 ], [ -63.443298339843743, -20.812438964843757, 0.0 ], [ -63.43670654296875, -20.812438964843757, 0.0 ], [ -63.431274414062507, -20.810363769531239, 0.0 ], [ -63.42578125, -20.80731201171875, 0.0 ], [ -63.421630859375007, -20.806640624999975, 0.0 ], [ -63.417114257812493, -20.803894042968739, 0.0 ], [ -63.4150390625, -20.799377441406229, 0.0 ], [ -63.415771484375, -20.793884277343736, 0.0 ], [ -63.415771484375, -20.786743164062479, 0.0 ], [ -63.418212890624993, -20.780456542968761, 0.0 ], [ -63.420166015625, -20.773620605468722, 0.0 ], [ -63.423278808593736, -20.768127441406236, 0.0 ], [ -63.425781249999979, -20.76123046875, 0.0 ], [ -63.4281005859375, -20.75634765625, 0.0 ], [ -63.431518554687472, -20.748535156249996, 0.0 ], [ -63.4315185546875, -20.739868164062507, 0.0 ], [ -63.430541992187507, -20.732360839843746, 0.0 ], [ -63.42852783203125, -20.724548339843743, 0.0 ], [ -63.424377441406264, -20.720825195312493, 0.0 ], [ -63.420959472656236, -20.717773437500004, 0.0 ], [ -63.41680908203125, -20.713256835937486, 0.0 ], [ -63.411926269531243, -20.707092285156236, 0.0 ], [ -63.409179687499993, -20.701904296874989, 0.0 ], [ -63.406860351562472, -20.696411132812486, 0.0 ], [ -63.403991699218729, -20.69256591796875, 0.0 ], [ -63.403686523437493, -20.687805175781214, 0.0 ], [ -63.403381347656264, -20.682983398437507, 0.0 ], [ -63.40338134765625, -20.675720214843739, 0.0 ], [ -63.405029296874957, -20.668884277343746, 0.0 ], [ -63.4071044921875, -20.6619873046875, 0.0 ], [ -63.408874511718757, -20.656127929687486, 0.0 ], [ -63.410644531249986, -20.646484375000014, 0.0 ], [ -63.410644531249972, -20.638244628906229, 0.0 ], [ -63.407531738281264, -20.629943847656254, 0.0 ], [ -63.40576171875, -20.622375488281229, 0.0 ], [ -63.404357910156257, -20.616882324218754, 0.0 ], [ -63.403686523437507, -20.612365722656222, 0.0 ], [ -63.403686523437493, -20.608276367187486, 0.0 ], [ -63.405029296875, -20.602478027343732, 0.0 ], [ -63.406433105468736, -20.5982666015625, 0.0 ], [ -63.409179687499993, -20.593872070312482, 0.0 ], [ -63.410949707031207, -20.591796874999989, 0.0 ], [ -63.413391113281214, -20.589050292968725, 0.0 ], [ -63.41644287109375, -20.586303710937482, 0.0 ], [ -63.417785644531243, -20.582092285156225, 0.0 ], [ -63.418884277343743, -20.578063964843746, 0.0 ], [ -63.419860839843764, -20.573181152343722, 0.0 ], [ -63.420959472656229, -20.569030761718722, 0.0 ], [ -63.423034667968757, -20.564636230468743, 0.0 ], [ -63.426452636718743, -20.560119628906218, 0.0 ], [ -63.42852783203125, -20.553527832031243, 0.0 ], [ -63.428527832031236, -20.549133300781232, 0.0 ], [ -63.428100585937514, -20.543945312499975, 0.0 ], [ -63.425354003906257, -20.539428710937464, 0.0 ], [ -63.422607421874986, -20.536376953124989, 0.0 ], [ -63.418884277343743, -20.532287597656229, 0.0 ], [ -63.415771484375, -20.527099609374982, 0.0 ], [ -63.4146728515625, -20.522277832031229, 0.0 ], [ -63.413391113281229, -20.515808105468746, 0.0 ], [ -63.41400146484375, -20.510314941406204, 0.0 ], [ -63.414367675781207, -20.502380371093722, 0.0 ], [ -63.41436767578125, -20.496520996093736, 0.0 ], [ -63.4150390625, -20.49102783203125, 0.0 ], [ -63.415039062500014, -20.487609863281257, 0.0 ], [ -63.4161376953125, -20.483093261718736, 0.0 ], [ -63.417419433593729, -20.479370117187504, 0.0 ], [ -63.419555664062486, -20.475524902343736, 0.0 ], [ -63.421264648437493, -20.471801757812486, 0.0 ], [ -63.421264648437493, -20.46759033203125, 0.0 ], [ -63.421264648437507, -20.4627685546875, 0.0 ], [ -63.421264648437507, -20.457946777343743, 0.0 ], [ -63.420166015625, -20.454162597656261, 0.0 ], [ -63.419189453125, -20.451416015624993, 0.0 ], [ -63.417114257812464, -20.449768066406232, 0.0 ], [ -63.413024902343743, -20.447692871093736, 0.0 ], [ -63.410278320312493, -20.446594238281236, 0.0 ], [ -63.407531738281264, -20.444274902343718, 0.0 ], [ -63.407104492187493, -20.440124511718746, 0.0 ], [ -63.406433105468736, -20.437683105468732, 0.0 ], [ -63.405029296874986, -20.434631347656239, 0.0 ], [ -63.402282714843714, -20.432495117187472, 0.0 ], [ -63.400939941406243, -20.427368164062496, 0.0 ], [ -63.400939941406236, -20.422851562499972, 0.0 ], [ -63.400939941406243, -20.419433593749993, 0.0 ], [ -63.400634765625007, -20.416381835937504, 0.0 ], [ -63.398193359374986, -20.413940429687493, 0.0 ], [ -63.396850585937507, -20.407104492187493, 0.0 ], [ -63.393371582031214, -20.404357910156243, 0.0 ], [ -63.388610839843743, -20.401916503906243, 0.0 ], [ -63.384460449218736, -20.401489257812504, 0.0 ], [ -63.380249023437486, -20.401916503906243, 0.0 ], [ -63.377502441406214, -20.402954101562486, 0.0 ], [ -63.371337890625, -20.404357910156243, 0.0 ] ] ] ] } }
]
}
