{
"type": "FeatureCollection",
"name": "corredores_ecologicos",
"crs": { "type": "name", "properties": { "name": "urn:ogc:def:crs:OGC:1.3:CRS84" } },
"features": [
{ "type": "Feature", "properties": { "fid": 1, "Nombre": "Pilcomayo", "descripcion": "s/descripcion", "categoria": "Corredor", "ubicacion": "ubicacion", "hectareas": 351739, "estado": "estado", "actividades": "actividades" }, "geometry": { "type": "MultiPolygon", "coordinates": [ [ [ [ -63.423564344712872, -21.260514605047913 ], [ -63.422834542320025, -21.260563090547667 ], [ -63.421691289501233, -21.260553379373068 ], [ -63.421635484878479, -21.260573695453996 ], [ -63.421558237961939, -21.260611539200497 ], [ -63.421451750873899, -21.260673616121153 ], [ -63.421380027940508, -21.260717964864217 ], [ -63.421331791042505, -21.260756433499836 ], [ -63.421283602734029, -21.260812332687852 ], [ -63.421194511981902, -21.260958750118842 ], [ -63.421089502455956, -21.261315902462112 ], [ -63.421070661959845, -21.261469547741832 ], [ -63.42105497374569, -21.261589793795512 ], [ -63.421004065012461, -21.261776910516442 ], [ -63.420946644195318, -21.261921616948825 ], [ -63.42084233946936, -21.26252723502806 ], [ -63.420813834238444, -21.262671869206738 ], [ -63.420670640000182, -21.263160126799946 ], [ -63.42054618351095, -21.263458598572896 ], [ -63.420354255312766, -21.26375723854601 ], [ -63.420056364003088, -21.264078730401419 ], [ -63.419883135190311, -21.264174031528093 ], [ -63.419748371635393, -21.264237613528149 ], [ -63.419709918956158, -21.264273850040961 ], [ -63.419642857154713, -21.264418580027108 ], [ -63.419527562835206, -21.264549877276892 ], [ -63.419383275127537, -21.264654141038587 ], [ -63.41926789086066, -21.264753815182448 ], [ -63.419219799116163, -21.2647900755642 ], [ -63.419147691167431, -21.264868925192228 ], [ -63.419028423144049, -21.265005415474178 ], [ -63.418926068063428, -21.265077772533797 ], [ -63.418835259609757, -21.265118536410945 ], [ -63.416436683623729, -21.264876173477663 ], [ -63.416068550045992, -21.264822905016413 ], [ -63.415183035803771, -21.264728952599995 ], [ -63.413244648685009, -21.264531324789193 ], [ -63.411205244124879, -21.264347135078527 ], [ -63.407581664922859, -21.263980663916342 ], [ -63.407367272176408, -21.263958979160801 ], [ -63.407128148242684, -21.266639613128863 ], [ -63.407072084984584, -21.269883613424632 ], [ -63.407003855498267, -21.273831501099117 ], [ -63.406984778021808, -21.274935430197608 ], [ -63.406976777498869, -21.275398276938816 ], [ -63.407019602457446, -21.275706080861752 ], [ -63.407061898916922, -21.275839541294118 ], [ -63.407133418739299, -21.276010776768842 ], [ -63.407184955088916, -21.276118349807572 ], [ -63.407220573251927, -21.276514123165335 ], [ -63.407197263803653, -21.276438522488871 ], [ -63.407133327073943, -21.276231150575192 ], [ -63.40703518255517, -21.276026290847689 ], [ -63.406968769573645, -21.275861945874784 ], [ -63.405906533336562, -21.275746346507287 ], [ -63.40566144125436, -21.276274129158523 ], [ -63.405579180212648, -21.276256470990834 ], [ -63.405164680260853, -21.276195478913614 ], [ -63.404838920659614, -21.276161433251126 ], [ -63.404795857506045, -21.276156142727626 ], [ -63.404397669560595, -21.276284316316719 ], [ -63.404047001666292, -21.27554395612189 ], [ -63.404046209206534, -21.275440821348226 ], [ -63.403976346317187, -21.266336360176762 ], [ -63.397665953540297, -21.266558717980566 ], [ -63.397665905563919, -21.266558799410618 ], [ -63.397664926879614, -21.266560473232627 ], [ -63.397644719195355, -21.266598351311291 ], [ -63.397623700590806, -21.266635770505538 ], [ -63.397602072925764, -21.266672522529127 ], [ -63.397579913408812, -21.266708643340476 ], [ -63.397557251053719, -21.266744169011758 ], [ -63.397534163093496, -21.266779144536638 ], [ -63.3975107363758, -21.266813605850803 ], [ -63.39748698068518, -21.266847607142374 ], [ -63.397462982869399, -21.266881184347138 ], [ -63.397438800859369, -21.266914373469138 ], [ -63.3974144829956, -21.266947228605577 ], [ -63.397390087233234, -21.266979794795731 ], [ -63.397365642586358, -21.267012108111967 ], [ -63.39734125520512, -21.267044213479995 ], [ -63.397316934874141, -21.267076165087964 ], [ -63.397292778007689, -21.267107971743844 ], [ -63.397268784799842, -21.267139705728816 ], [ -63.397245042050223, -21.267171384908803 ], [ -63.39722157886991, -21.267203081496827 ], [ -63.397198453093068, -21.267234795356764 ], [ -63.397175751640617, -21.267266589530269 ], [ -63.397153445789613, -21.267298536366827 ], [ -63.397131641545094, -21.267330626581582 ], [ -63.397110358330757, -21.267362914340165 ], [ -63.397089663716855, -21.267395435624348 ], [ -63.397069586790344, -21.267428253612263 ], [ -63.397050156565442, -21.267461404376469 ], [ -63.397031450203094, -21.267494905805918 ], [ -63.39701348715127, -21.267528821101358 ], [ -63.396996315775013, -21.267563213395508 ], [ -63.396979974655068, -21.267598091632937 ], [ -63.396964492902754, -21.267633528026884 ], [ -63.396949966763408, -21.26766946813969 ], [ -63.396936799211787, -21.267705215311732 ], [ -63.396925817873559, -21.267740270657818 ], [ -63.396916745446774, -21.267775466070091 ], [ -63.396909341562328, -21.267811027995045 ], [ -63.396903461756892, -21.2678470019492 ], [ -63.396898913396043, -21.267883442597583 ], [ -63.396895551725514, -21.267920287034823 ], [ -63.396893203388629, -21.267957589880467 ], [ -63.396891675556695, -21.267995333518339 ], [ -63.396890813957114, -21.268033500241376 ], [ -63.39689041609752, -21.268072063420895 ], [ -63.396890279630796, -21.268111050639092 ], [ -63.396890219428968, -21.268149721445404 ], [ -63.396890644594841, -21.268186069061471 ], [ -63.396893119805789, -21.26822126437828 ], [ -63.396897545112857, -21.268257575466777 ], [ -63.396903612164266, -21.268295039193916 ], [ -63.396910992579002, -21.268333412382468 ], [ -63.396919309998353, -21.268372533285163 ], [ -63.396928168785053, -21.268412240200096 ], [ -63.396937154120117, -21.268452407611491 ], [ -63.396945831905903, -21.268492910049094 ], [ -63.396953768334988, -21.268533730464444 ], [ -63.396960481210179, -21.268574779641586 ], [ -63.396965450116596, -21.268616094947458 ], [ -63.396968962637452, -21.268671463421995 ], [ -63.396945578407141, -21.268739905947712 ], [ -63.396909251156131, -21.268780478255557 ], [ -63.396917834273296, -21.268796450344468 ], [ -63.396936821845593, -21.268831814571747 ], [ -63.396974796920809, -21.268902506878398 ], [ -63.396993794135518, -21.268937862040506 ], [ -63.397031769314275, -21.26900857240291 ], [ -63.397050766532303, -21.26904391852257 ], [ -63.397069763832228, -21.26907929174525 ], [ -63.397107729421094, -21.269149993075768 ], [ -63.39712672670008, -21.269185348220855 ], [ -63.397164702007395, -21.269256058549217 ], [ -63.397183699313956, -21.269291413687032 ], [ -63.397202686990568, -21.269326768845126 ], [ -63.397220986830945, -21.269360833588649 ], [ -63.397236839482879, -21.269388145769167 ], [ -63.397252352738768, -21.269407516807107 ], [ -63.397270674009341, -21.269424414613532 ], [ -63.397292750816014, -21.269439912142328 ], [ -63.397318901784494, -21.269454207415123 ], [ -63.397349175304988, -21.269467372597511 ], [ -63.397383214777996, -21.269479426598632 ], [ -63.397420663919014, -21.269490505784567 ], [ -63.397460935322236, -21.269500828383368 ], [ -63.397503528673809, -21.269510738910945 ], [ -63.397547982313647, -21.269520617933033 ], [ -63.397593786629031, -21.269530936481083 ], [ -63.397640547725921, -21.26954218338431 ], [ -63.397687852699562, -21.2695549469044 ], [ -63.397732674275595, -21.269569017341727 ], [ -63.397782578240538, -21.26958761143927 ], [ -63.397829087050447, -21.269608987344075 ], [ -63.397874239084693, -21.269634820792884 ], [ -63.397917159126202, -21.269665836669528 ], [ -63.397954111650336, -21.269700119300499 ], [ -63.397985362419369, -21.26973254510391 ], [ -63.398014719820942, -21.269763448424843 ], [ -63.398043797966245, -21.269794451787259 ], [ -63.398072587313131, -21.26982559135466 ], [ -63.398101107115586, -21.269856858046488 ], [ -63.398129309153333, -21.269888242941594 ], [ -63.398157260924748, -21.269919754915872 ], [ -63.398184923873067, -21.269951394060552 ], [ -63.398212288286089, -21.269983133293124 ], [ -63.398239402481103, -21.270015017675526 ], [ -63.398266208574313, -21.270047029274334 ], [ -63.398292745122355, -21.27007916799851 ], [ -63.398318983158944, -21.27011141584628 ], [ -63.398344970952806, -21.270143799809265 ], [ -63.398370679610558, -21.270176328991084 ], [ -63.398396109059256, -21.270208976286472 ], [ -63.398421249659478, -21.270241741718291 ], [ -63.398446130353051, -21.270274634253504 ], [ -63.398470741597968, -21.270307690055532 ], [ -63.398495083272486, -21.270340863948789 ], [ -63.398519136122431, -21.270374165014147 ], [ -63.398542929089601, -21.270407602218484 ], [ -63.398566442895472, -21.27044117560748 ], [ -63.398589706408913, -21.270474867042573 ], [ -63.398612681170242, -21.270508712755664 ], [ -63.398635405614613, -21.270542667479937 ], [ -63.398657870248613, -21.270576785449144 ], [ -63.39868007499917, -21.270611039557952 ], [ -63.398701990972818, -21.270645438910055 ], [ -63.398723646989794, -21.270679947296561 ], [ -63.398745052810831, -21.270714609870467 ], [ -63.398766198747957, -21.270749408584383 ], [ -63.398787075186135, -21.270784352496381 ], [ -63.398807701428034, -21.270819450596079 ], [ -63.398828058097749, -21.270854666788608 ], [ -63.398848174185851, -21.270890028111062 ], [ -63.398868020774522, -21.270925534631992 ], [ -63.398887626781338, -21.270961186282992 ], [ -63.398906963288468, -21.270996983132644 ], [ -63.398926059213508, -21.271032925112554 ], [ -63.398944885638613, -21.271069012291289 ], [ -63.398963471481387, -21.271105244600466 ], [ -63.398981816717352, -21.271141613005017 ], [ -63.398999902140936, -21.271178144656098 ], [ -63.399017746981833, -21.271214821437841 ], [ -63.39903534162498, -21.271251652408317 ], [ -63.399052676333611, -21.271288601449875 ], [ -63.399069780171473, -21.271325722704933 ], [ -63.399086653138468, -21.271363016173549 ], [ -63.399103256555627, -21.271400436771444 ], [ -63.399119629028569, -21.271438002477602 ], [ -63.399135770605895, -21.27147573136244 ], [ -63.399151642632944, -21.271513587376738 ], [ -63.399167303091417, -21.271551624594437 ], [ -63.39918272299024, -21.271589815978675 ], [ -63.399197902378035, -21.271628179599784 ], [ -63.399212841108486, -21.271666661247025 ], [ -63.399227548966905, -21.271705315108413 ], [ -63.399242152214342, -21.271744493257518 ], [ -63.399256323650967, -21.27178439524403 ], [ -63.399269782640459, -21.271824615149189 ], [ -63.399282557953995, -21.27186509869389 ], [ -63.399294601199614, -21.271905773711357 ], [ -63.399305941197184, -21.271946603992696 ], [ -63.399316587634196, -21.271987607585448 ], [ -63.39932654038828, -21.272028739314081 ], [ -63.399335828376806, -21.272069999110201 ], [ -63.399344451574862, -21.272111377938788 ], [ -63.399352419474994, -21.272152821566223 ], [ -63.399359732027925, -21.272194311922391 ], [ -63.399366408584868, -21.272235876067072 ], [ -63.399372468277697, -21.272277459743847 ], [ -63.39937790136905, -21.272319026835063 ], [ -63.399382727210202, -21.272360604400504 ], [ -63.399386945703128, -21.272402156299684 ], [ -63.399390585667803, -21.272443646323566 ], [ -63.399393637415656, -21.272485056424781 ], [ -63.399396120298007, -21.272526413663041 ], [ -63.399398034143701, -21.272567654792461 ], [ -63.399399398206597, -21.27260877073223 ], [ -63.399400202749362, -21.272649725364623 ], [ -63.3994004767627, -21.272690545726554 ], [ -63.39940022017305, -21.272731204712624 ], [ -63.399399442399933, -21.272771620983733 ], [ -63.399398153155396, -21.27281182162249 ], [ -63.399396352463398, -21.27285181566398 ], [ -63.399394069119744, -21.272891557863971 ], [ -63.399391274132846, -21.272931021185617 ], [ -63.399388025289696, -21.272970187421485 ], [ -63.399384293671893, -21.273009056640163 ], [ -63.39938007915714, -21.273047583665875 ], [ -63.399375383207818, -21.273086310606875 ], [ -63.399369456852725, -21.273126314426634 ], [ -63.399361315362285, -21.273167037277197 ], [ -63.399351683015432, -21.273205396440101 ], [ -63.399339292983392, -21.27324703287924 ], [ -63.399325681994959, -21.273286304990325 ], [ -63.399310498559586, -21.27332512906737 ], [ -63.399293867963934, -21.273363495777861 ], [ -63.399275905977284, -21.273401440987787 ], [ -63.399256728320331, -21.273438982492909 ], [ -63.399236431508129, -21.273476165240087 ], [ -63.399215150442963, -21.273512970838855 ], [ -63.399192943204383, -21.273549489503242 ], [ -63.399169954309805, -21.273585693784842 ], [ -63.399146251332247, -21.273621619664063 ], [ -63.399121950041682, -21.273657303007113 ], [ -63.399097137216955, -21.273692752643377 ], [ -63.399071899710023, -21.273728004507703 ], [ -63.399046353144982, -21.273763040255602 ], [ -63.399020565216979, -21.273797941043401 ], [ -63.398994651428502, -21.273832643351067 ], [ -63.39896869870492, -21.273867210219041 ], [ -63.398942803440583, -21.273901641419069 ], [ -63.398917023569624, -21.273935972954792 ], [ -63.398891513274435, -21.273970186390784 ], [ -63.398866301497939, -21.274004290693838 ], [ -63.398841523265617, -21.274038312650042 ], [ -63.398817255620322, -21.27407222497159 ], [ -63.398793595078601, -21.274106072606251 ], [ -63.39877060916573, -21.274139873464733 ], [ -63.398748403745778, -21.274173564050482 ], [ -63.398727084926314, -21.274207171218212 ], [ -63.398706691411839, -21.274240749087831 ], [ -63.398687357887638, -21.274274197953797 ], [ -63.398669152074092, -21.274307608008165 ], [ -63.398652122071951, -21.274340942996666 ], [ -63.398636393122032, -21.27437417551775 ], [ -63.398621994313977, -21.274407368749273 ], [ -63.398609012233592, -21.274440459240349 ], [ -63.398597524070617, -21.274473473914249 ], [ -63.398587587687182, -21.274506421669578 ], [ -63.398579241690953, -21.274539320485609 ], [ -63.398572753506564, -21.274571248140145 ], [ -63.398568977034259, -21.274600711806247 ], [ -63.398568533411755, -21.274629273103105 ], [ -63.398571091293149, -21.27465917354268 ], [ -63.398576612438774, -21.274690530672778 ], [ -63.398584923291246, -21.274723326833286 ], [ -63.398595830624927, -21.274757399847477 ], [ -63.398609083425832, -21.274792605745532 ], [ -63.398624363227682, -21.274828809752616 ], [ -63.398641342070455, -21.274865931327376 ], [ -63.398659614756085, -21.274903844935455 ], [ -63.398678843635743, -21.27494245198827 ], [ -63.398698594884095, -21.274981735441848 ], [ -63.398718473087463, -21.275021623950266 ], [ -63.398738083026352, -21.275062118448872 ], [ -63.398757019987464, -21.27510327410689 ], [ -63.398774801897474, -21.27514505592487 ], [ -63.39879102413942, -21.275187555212909 ], [ -63.398805176085581, -21.275230872567381 ], [ -63.398816717969879, -21.275275027337059 ], [ -63.398825081301744, -21.275320111220243 ], [ -63.398829581647689, -21.27536611680258 ], [ -63.398829515099344, -21.275412964434139 ], [ -63.398824167523514, -21.275460357644288 ], [ -63.398829709497619, -21.275495834760495 ], [ -63.39882375213287, -21.275563766406393 ], [ -63.398698261922675, -21.275745562394775 ], [ -63.398068670549605, -21.276659714124939 ], [ -63.398036151694285, -21.276704732009787 ], [ -63.39795979731317, -21.276815340521942 ], [ -63.39787757005508, -21.276934455951285 ], [ -63.397229997191957, -21.277470433906259 ], [ -63.397756235094512, -21.27674430775016 ], [ -63.396560945104262, -21.276496607014472 ], [ -63.395457227645529, -21.276328879181229 ], [ -63.392028562578645, -21.27614928626215 ], [ -63.389074710255677, -21.276169660073418 ], [ -63.387106096730406, -21.276134901194659 ], [ -63.386478979344048, -21.276311940233231 ], [ -63.386158570902353, -21.276631283327927 ], [ -63.385152266327871, -21.276750249636827 ], [ -63.384257698549327, -21.276738877103202 ], [ -63.381119802926776, -21.27676863065151 ], [ -63.375525257697731, -21.276577791671503 ], [ -63.372519016325825, -21.276561925321975 ], [ -63.369232045406036, -21.276523856637805 ], [ -63.368236586659748, -21.276480526105633 ], [ -63.367788719346024, -21.276346419002774 ], [ -63.367292011045691, -21.276248634857019 ], [ -63.366510692850511, -21.27627215840916 ], [ -63.365844740867551, -21.27632953668693 ], [ -63.365243745664209, -21.276461650881412 ], [ -63.364725184389229, -21.276553947888114 ], [ -63.364504789546579, -21.276590893769111 ], [ -63.364182789474242, -21.27662400765934 ], [ -63.363186431831572, -21.276727625124991 ], [ -63.36290255272084, -21.276763258332789 ], [ -63.362840453069303, -21.276771252742371 ], [ -63.362783740942376, -21.276783530869938 ], [ -63.362733494734719, -21.276804695650167 ], [ -63.362757249230228, -21.276015137971939 ], [ -63.362767963196333, -21.27565901880077 ], [ -63.35867346120213, -21.276200900431025 ], [ -63.358671519689139, -21.276310646380896 ], [ -63.35865542249654, -21.277217988638363 ], [ -63.357937859130146, -21.277269718189544 ], [ -63.354780218204596, -21.277523080525214 ], [ -63.354387050034752, -21.277586391224091 ], [ -63.3541102398435, -21.277630964051507 ], [ -63.354107942608813, -21.277631334807225 ], [ -63.353411997860718, -21.277743397440645 ], [ -63.348943263351593, -21.279075142100591 ], [ -63.34490048286343, -21.280324875637788 ], [ -63.344899431899059, -21.280325199443961 ], [ -63.341132128630576, -21.281480687360542 ], [ -63.339724541767382, -21.281998261364905 ], [ -63.339704425331256, -21.282005178654078 ], [ -63.33969645483451, -21.282007659540952 ], [ -63.33473202830335, -21.283508187685719 ], [ -63.334497680697552, -21.28357901517311 ], [ -63.331178260058508, -21.284592949768182 ], [ -63.330993028862721, -21.284649526635242 ], [ -63.330981963639282, -21.284652907682705 ], [ -63.330241062053823, -21.284917903708632 ], [ -63.328937694476735, -21.285384058757742 ], [ -63.327504269177183, -21.285813887564323 ], [ -63.326269192221424, -21.286109866923532 ], [ -63.326266976013507, -21.286110352795433 ], [ -63.323876747372708, -21.287000129068367 ], [ -63.321282341260478, -21.287861081127534 ], [ -63.3212783211535, -21.28786239710012 ], [ -63.318818877379506, -21.288655667264187 ], [ -63.318817886057964, -21.288655986278023 ], [ -63.318810843577978, -21.288658184332672 ], [ -63.317216476503148, -21.289143213743028 ], [ -63.315076374562871, -21.289826100985863 ], [ -63.313975450364786, -21.290182159101793 ], [ -63.313947596973129, -21.290191377289602 ], [ -63.312846375988954, -21.290584289681782 ], [ -63.311903949604378, -21.290895074980156 ], [ -63.311769264537588, -21.290947151470057 ], [ -63.311115099795131, -21.291325730057569 ], [ -63.310464687531812, -21.291751061081861 ], [ -63.310120269677768, -21.292011680341755 ], [ -63.309919468460471, -21.292166245491831 ], [ -63.310064508475726, -21.292904049004143 ], [ -63.310154522972617, -21.293526120933937 ], [ -63.308775649025769, -21.293494946162312 ], [ -63.308772534226371, -21.293500099250526 ], [ -63.307711695957451, -21.293379309626626 ], [ -63.305510466537399, -21.293406551864194 ], [ -63.304323021890369, -21.293438779980036 ], [ -63.304181238563523, -21.293438150765091 ], [ -63.304091095804296, -21.293446612483198 ], [ -63.30397833736054, -21.293468581113988 ], [ -63.303849029248468, -21.293509236410298 ], [ -63.303777923349621, -21.293532300692359 ], [ -63.303683283246627, -21.293577940387873 ], [ -63.303343483977585, -21.293441258891761 ], [ -63.303146497937163, -21.293552439994325 ], [ -63.302549711138205, -21.29414137802755 ], [ -63.302361005050138, -21.294342585842582 ], [ -63.302358948999128, -21.294344644149312 ], [ -63.302356650893998, -21.294346669460367 ], [ -63.30235421655518, -21.294348549548697 ], [ -63.302351656570949, -21.294350276263536 ], [ -63.302349452439522, -21.294351582200491 ], [ -63.302008312238137, -21.294541867760067 ], [ -63.302007840364851, -21.294542127918035 ], [ -63.302005061817603, -21.294543526136941 ], [ -63.302002190363559, -21.294544751045859 ], [ -63.302000072867401, -21.294545522840075 ], [ -63.301684061104716, -21.294652780297259 ], [ -63.301683228689029, -21.294653054653317 ], [ -63.301681910632738, -21.294653457276556 ], [ -63.301353225390592, -21.294748882590319 ], [ -63.301351567106629, -21.294749333706804 ], [ -63.300932915093099, -21.294855630509616 ], [ -63.300835761907436, -21.294933075351011 ], [ -63.300424572775178, -21.295519418922105 ], [ -63.300424420883431, -21.295519633328379 ], [ -63.300422589167496, -21.295522039971551 ], [ -63.300420592350882, -21.2955243285477 ], [ -63.300418440056184, -21.295526490004406 ], [ -63.300416141905963, -21.295528515289224 ], [ -63.300413707522836, -21.295530395349754 ], [ -63.300411146529328, -21.295532121133537 ], [ -63.30040847144771, -21.295533687197139 ], [ -63.300405691902384, -21.295535085391631 ], [ -63.300402821381496, -21.295536311175294 ], [ -63.300399871439495, -21.295537357299342 ], [ -63.300396854604138, -21.295538221030835 ], [ -63.300393783399457, -21.29553889782979 ], [ -63.30039149057901, -21.295539275980268 ], [ -63.297914684332575, -21.295889917972882 ], [ -63.297913866031003, -21.295890026940448 ], [ -63.297911811966642, -21.295890242000336 ], [ -63.296651618643786, -21.295996695375724 ], [ -63.296645944126752, -21.295906452331085 ], [ -63.296483603323544, -21.293322314995894 ], [ -63.295575381473661, -21.293314072633727 ], [ -63.292896230559698, -21.293323399236126 ], [ -63.28760997542954, -21.293358025166221 ], [ -63.287287807565534, -21.293360130214523 ], [ -63.284452859002734, -21.293378626214253 ], [ -63.284420403187738, -21.311477556875712 ], [ -63.284418655661703, -21.312452904233719 ], [ -63.284405368932013, -21.312457950285982 ], [ -63.275646658762689, -21.315784481192352 ], [ -63.264847426344957, -21.319885167244447 ], [ -63.264859949918758, -21.318905538163854 ], [ -63.264871035185301, -21.314881984213102 ], [ -63.261733222929116, -21.314921175478712 ], [ -63.240160361956022, -21.315050415255108 ], [ -63.24016977226556, -21.315085648344237 ], [ -63.240261695740024, -21.323408553680441 ], [ -63.240316514132417, -21.328371624137414 ], [ -63.240296586412576, -21.329298496457945 ], [ -63.238513183205541, -21.330002015135236 ], [ -63.233357017434528, -21.331925267832506 ], [ -63.233193148648432, -21.331993882951316 ], [ -63.231563807572371, -21.332632792546704 ], [ -63.231076153745768, -21.33287449214971 ], [ -63.230942358393584, -21.332903993559793 ], [ -63.230714168107454, -21.33297613434204 ], [ -63.230446432865087, -21.333060158870886 ], [ -63.230309981577975, -21.333120048025741 ], [ -63.23001121766265, -21.333237915202496 ], [ -63.229545557689647, -21.333405640407392 ], [ -63.229249150162936, -21.333519002564358 ], [ -63.228907835699367, -21.333648809862435 ], [ -63.228560247334769, -21.333792814843967 ], [ -63.22842162711428, -21.333842984407056 ], [ -63.228219599702953, -21.333912506699836 ], [ -63.227958142067706, -21.334023323600743 ], [ -63.227782976232362, -21.334082833132744 ], [ -63.227597318146429, -21.334165516718425 ], [ -63.227235863802385, -21.334326496889535 ], [ -63.22703075456031, -21.334418918124559 ], [ -63.226723897490274, -21.334569546767206 ], [ -63.226527957640315, -21.334663838870096 ], [ -63.226478881649086, -21.334689075370445 ], [ -63.226432889155944, -21.334712728342932 ], [ -63.226390938928681, -21.334734295043006 ], [ -63.226276097306851, -21.334793347692734 ], [ -63.225945672882979, -21.334968072003385 ], [ -63.225488979947158, -21.335214650691913 ], [ -63.225185641261731, -21.335380299225857 ], [ -63.224823394229801, -21.335566509809038 ], [ -63.224617290982941, -21.335678971406313 ], [ -63.224302171155038, -21.335845597251073 ], [ -63.22373608561454, -21.336144999811637 ], [ -63.223573685862512, -21.336246628333729 ], [ -63.223405183636771, -21.336309589471004 ], [ -63.223249059441727, -21.336394551069269 ], [ -63.223058248649423, -21.336494201067783 ], [ -63.222774794139873, -21.336628165723571 ], [ -63.222606548184949, -21.33672215725095 ], [ -63.222368439069911, -21.336849422066855 ], [ -63.222021537783313, -21.337030585446204 ], [ -63.221718124688273, -21.337189036694909 ], [ -63.221455650328856, -21.337326107587039 ], [ -63.221154280818048, -21.337483490777426 ], [ -63.220588351943739, -21.337782669333865 ], [ -63.220112679050878, -21.338040494595145 ], [ -63.219818224538542, -21.338194262184466 ], [ -63.218987498894286, -21.338635893145415 ], [ -63.218679386896731, -21.338803060439581 ], [ -63.218433745225269, -21.33892530771465 ], [ -63.218294620881217, -21.338998864553947 ], [ -63.217976567753652, -21.339176065362125 ], [ -63.217689524297924, -21.339332709090492 ], [ -63.217340389604061, -21.339520541869103 ], [ -63.216808566240481, -21.339808555705847 ], [ -63.216432992458678, -21.340001694580533 ], [ -63.216115787231551, -21.340168879742112 ], [ -63.215843585966041, -21.340294695595816 ], [ -63.215584063844311, -21.340409773531935 ], [ -63.21546880470278, -21.340470261380979 ], [ -63.215401832847547, -21.34050899275568 ], [ -63.215242108189038, -21.340584069714641 ], [ -63.214895011908382, -21.340749391654455 ], [ -63.214660345151472, -21.340876744183898 ], [ -63.214355206876249, -21.341040909112309 ], [ -63.214096278941668, -21.341189008697857 ], [ -63.213681885484881, -21.341398640449817 ], [ -63.213382421550158, -21.341552167348041 ], [ -63.213132113408811, -21.341688852940308 ], [ -63.212780802525494, -21.341876913951189 ], [ -63.212491818865303, -21.342012407925537 ], [ -63.212264525496643, -21.342123521412152 ], [ -63.211953515160175, -21.342284793616077 ], [ -63.211684662690693, -21.342477906531791 ], [ -63.21144406400964, -21.342627402904487 ], [ -63.211253932368365, -21.342758641237314 ], [ -63.210929964001643, -21.341896471218487 ], [ -63.211235597600471, -21.334005528750332 ], [ -63.199858732289584, -21.333739889909406 ], [ -63.199928474244778, -21.3078529488429 ], [ -63.191475713177958, -21.308111340857121 ], [ -63.153405432847862, -21.306591533937006 ], [ -63.158452308136148, -21.332243923417462 ], [ -63.168993586913253, -21.332498137160577 ], [ -63.169458072500511, -21.355058758066122 ], [ -63.185872445093963, -21.354893262511339 ], [ -63.18630739007169, -21.355704198837369 ], [ -63.186147359241588, -21.355779376847895 ], [ -63.185993637770494, -21.355864314806741 ], [ -63.185830005892058, -21.355950776992213 ], [ -63.185670262528369, -21.35603022699291 ], [ -63.185511707877566, -21.356117834344722 ], [ -63.185357490414539, -21.356199321714584 ], [ -63.185178558064798, -21.356298187456794 ], [ -63.185010460747904, -21.356372516739857 ], [ -63.184861247116245, -21.356451359854638 ], [ -63.184707017617995, -21.356523811408369 ], [ -63.184558327047426, -21.356602377201131 ], [ -63.18441374226061, -21.356674817887331 ], [ -63.184270122285014, -21.356750704332189 ], [ -63.184120911530684, -21.356834792643642 ], [ -63.183965594213035, -21.356912609831863 ], [ -63.1838210088276, -21.356985050009403 ], [ -63.183693736942701, -21.357048816277054 ], [ -63.183553462458256, -21.357133507803123 ], [ -63.183414258509075, -21.35719889968896 ], [ -63.183300361720839, -21.357264729155112 ], [ -63.183153345425922, -21.357343639735308 ], [ -63.183022690400769, -21.357409728529138 ], [ -63.182904625765175, -21.357469448127222 ], [ -63.18278896333355, -21.357532820683161 ], [ -63.18267186337269, -21.35759205206891 ], [ -63.182559675605248, -21.357659101641616 ], [ -63.182435654849222, -21.357717359159679 ], [ -63.182326301430109, -21.357777274892033 ], [ -63.182187322295682, -21.357847571650172 ], [ -63.182153664004161, -21.357863382772948 ], [ -63.182062395118351, -21.357906255435893 ], [ -63.1819336895798, -21.3579787851986 ], [ -63.181778052228253, -21.358066492486884 ], [ -63.181602784251005, -21.358153657061447 ], [ -63.181448465013951, -21.358230402882299 ], [ -63.181288805701193, -21.358318613711713 ], [ -63.181105862081196, -21.358414080397743 ], [ -63.180941994615537, -21.35849557412654 ], [ -63.180777935258597, -21.358581186161302 ], [ -63.180709538579769, -21.358618974641146 ], [ -63.180614078497491, -21.358671714791644 ], [ -63.18043538865863, -21.358764960734558 ], [ -63.180261886315968, -21.358855499385029 ], [ -63.180088383759106, -21.358946037856764 ], [ -63.179905726783012, -21.359041352945358 ], [ -63.179741157419564, -21.359118654812168 ], [ -63.179576607802147, -21.35921309452543 ], [ -63.179399559144962, -21.35930548288006 ], [ -63.17923150401834, -21.359398328571423 ], [ -63.179062388653001, -21.359482429120661 ], [ -63.178898327095311, -21.359568039324536 ], [ -63.178739583368319, -21.359655739882179 ], [ -63.178584569661119, -21.359741379904534 ], [ -63.178400129277144, -21.359853453802966 ], [ -63.17820554244377, -21.359937341114861 ], [ -63.17806817729759, -21.360016031005262 ], [ -63.177891682680603, -21.360113536547516 ], [ -63.177727811530112, -21.360195027149217 ], [ -63.177573263182921, -21.360280408242723 ], [ -63.177400090437445, -21.360376078314832 ], [ -63.177232099754129, -21.360459616554881 ], [ -63.177083227686744, -21.360538268091144 ], [ -63.176923646329392, -21.360622575991915 ], [ -63.176754996711452, -21.360706441525092 ], [ -63.176615824324749, -21.360776160146308 ], [ -63.176472196299962, -21.360852039941701 ], [ -63.176317534831213, -21.360939188194852 ], [ -63.176163296390392, -21.36101163192615 ], [ -63.176024155990554, -21.36109003378521 ], [ -63.175875036787822, -21.361164734307806 ], [ -63.175746195913291, -21.361233880300325 ], [ -63.175599633293757, -21.361312536237868 ], [ -63.175452707938902, -21.361381544606605 ], [ -63.175329714614094, -21.361439311524308 ], [ -63.175201106509228, -21.361508331266435 ], [ -63.175070444190652, -21.36157441389118 ], [ -63.174965102984011, -21.361627689697858 ], [ -63.17484335225528, -21.361703904907426 ], [ -63.174714724804268, -21.361764318239921 ], [ -63.174606490099329, -21.361823611586008 ], [ -63.174486824058718, -21.361884917141605 ], [ -63.174380004927229, -21.361935086901521 ], [ -63.174290998797417, -21.361985238105248 ], [ -63.174184963781293, -21.362039559519623 ], [ -63.174088574066808, -21.362093870867518 ], [ -63.173988108637033, -21.362145338478481 ], [ -63.173890438796029, -21.362203702436783 ], [ -63.173781726371445, -21.362264957295302 ], [ -63.173689065959408, -21.362313304012531 ], [ -63.173537365762627, -21.36239344434113 ], [ -63.17344066311459, -21.362445339620148 ], [ -63.173342383841998, -21.362522229727002 ], [ -63.17294875911351, -21.362781938615242 ], [ -63.172842308738844, -21.362837480270244 ], [ -63.172707357453312, -21.362909900977282 ], [ -63.172514346531131, -21.363010605491645 ], [ -63.172405408315875, -21.363057125037713 ], [ -63.172301623826343, -21.363109611512222 ], [ -63.172179642487684, -21.363176432906332 ], [ -63.172042753904378, -21.363240722455458 ], [ -63.171923867901782, -21.363304520918369 ], [ -63.171783677215821, -21.363383508536636 ], [ -63.17162802806542, -21.36347120644211 ], [ -63.171458176794573, -21.363555660602518 ], [ -63.171299058370693, -21.363639716030534 ], [ -63.171129705460906, -21.363719250571279 ], [ -63.17097998272078, -21.363801956196237 ], [ -63.17081099848825, -21.363895301293692 ], [ -63.170632296055324, -21.363988536832654 ], [ -63.170462510121659, -21.364077119924612 ], [ -63.170283051219691, -21.364174686446191 ], [ -63.170095322364674, -21.36427674895322 ], [ -63.169910664398536, -21.364372128397314 ], [ -63.169739848587838, -21.364473427080913 ], [ -63.169552043845144, -21.364584801669448 ], [ -63.169359257572438, -21.364693419003157 ], [ -63.169193451362737, -21.364791745811964 ], [ -63.169032113888861, -21.364901142439493 ], [ -63.168853659881684, -21.365022143809092 ], [ -63.168670528444601, -21.36513978587196 ], [ -63.168507356062669, -21.365250424375429 ], [ -63.168350321404077, -21.365363160870896 ], [ -63.168176845058589, -21.365489827943023 ], [ -63.168011434700581, -21.365608576420787 ], [ -63.167860226261084, -21.365717128736787 ], [ -63.167706040333726, -21.365843776033834 ], [ -63.167536470495094, -21.36596550891997 ], [ -63.167379349724349, -21.366086978044482 ], [ -63.167221078973853, -21.366209334523028 ], [ -63.167078892556923, -21.366326124504855 ], [ -63.166915807645431, -21.366470207983198 ], [ -63.166757461176502, -21.366601363508135 ], [ -63.166613928477453, -21.36673609658931 ], [ -63.166454601027425, -21.36688565756176 ], [ -63.166285472082045, -21.367035079009344 ], [ -63.166132290584812, -21.367170412137142 ], [ -63.16598813707887, -21.367314184137111 ], [ -63.165834301154632, -21.367467614297215 ], [ -63.165689777721475, -21.367612320647108 ], [ -63.165540599680135, -21.367761102735219 ], [ -63.165396085816063, -21.367914844048833 ], [ -63.165246590180772, -21.368063942419511 ], [ -63.165111396747577, -21.368216231385283 ], [ -63.164972087537571, -21.368373154839681 ], [ -63.164833050650742, -21.368540964455299 ], [ -63.164688535284554, -21.368694705155256 ], [ -63.164557853304167, -21.368852428450921 ], [ -63.16441334743137, -21.369015204129237 ], [ -63.164283469219924, -21.369171956941386 ], [ -63.164144485703879, -21.369339699066231 ], [ -63.164000131337929, -21.369504238816106 ], [ -63.163935934915195, -21.36957253013124 ], [ -63.163855614159289, -21.369657978793082 ], [ -63.163721378394236, -21.369810984895587 ], [ -63.163586496489643, -21.369955680014527 ], [ -63.163457214802854, -21.370103037673211 ], [ -63.163337457876104, -21.370241393202981 ], [ -63.163212231142211, -21.370395113848716 ], [ -63.163072093812829, -21.370557013115469 ], [ -63.162937200592737, -21.370692672492318 ], [ -63.162822387658551, -21.370825314395518 ], [ -63.162692323435678, -21.370975575235128 ], [ -63.162567075459386, -21.37111122496302 ], [ -63.162446663712238, -21.371250334021596 ], [ -63.162321425235, -21.371395018780184 ], [ -63.162195182674054, -21.371540862730232 ], [ -63.162060307631791, -21.371694591827975 ], [ -63.161935068398257, -21.371839276295461 ], [ -63.161799181244945, -21.371994159051951 ], [ -63.161664305375275, -21.37214788782844 ], [ -63.161524214327784, -21.37230755946344 ], [ -63.161379691819441, -21.372461297291402 ], [ -63.161245450933649, -21.372614301395458 ], [ -63.161105819864325, -21.372764083182574 ], [ -63.16097027463411, -21.372909482464436 ], [ -63.16083051735307, -21.373058149194673 ], [ -63.160695639500098, -21.373211877185852 ], [ -63.160555561776398, -21.373360885523052 ], [ -63.160479469915543, -21.373452704664452 ], [ -63.160449827736656, -21.373488494418254 ], [ -63.160425730548326, -21.37351756840642 ], [ -63.160286582938269, -21.373676161999697 ], [ -63.160155972876566, -21.373825023622519 ], [ -63.160021103437515, -21.373987786280171 ], [ -63.159876739920307, -21.374152322450886 ], [ -63.159732213885086, -21.37430605884871 ], [ -63.159608073104827, -21.374447545658793 ], [ -63.159482838912815, -21.374601263492284 ], [ -63.159342433911597, -21.374761287763718 ], [ -63.159208564556522, -21.374913860693354 ], [ -63.159084323676865, -21.375057383745226 ], [ -63.158954251911958, -21.375207641659959 ], [ -63.158830192605237, -21.375341993598983 ], [ -63.158715406381553, -21.375476666461722 ], [ -63.158594474768563, -21.375609086246769 ], [ -63.158473632543661, -21.375741408278984 ], [ -63.158376264002186, -21.375841100861781 ], [ -63.158280535271125, -21.375957908164818 ], [ -63.158171674936625, -21.376070295109457 ], [ -63.158077285333952, -21.376168727910201 ], [ -63.157991608121165, -21.376249138934963 ], [ -63.157923930910442, -21.376320597144769 ], [ -63.157872494143646, -21.376374907463923 ], [ -63.157820103825067, -21.376452190713739 ], [ -63.157752676332912, -21.37654260631977 ], [ -63.157685258434796, -21.376642057110185 ], [ -63.157607227283705, -21.376746690504355 ], [ -63.157517914519815, -21.376858463240108 ], [ -63.157440849957538, -21.376957922984335 ], [ -63.157345920612151, -21.377076723973193 ], [ -63.157261453337128, -21.377173618246875 ], [ -63.157190372530962, -21.377265355284869 ], [ -63.157095442785987, -21.377384156130155 ], [ -63.157008731267815, -21.37748362470294 ], [ -63.156914492925345, -21.377601559223319 ], [ -63.156818134746452, -21.377701036716079 ], [ -63.156737666372145, -21.377801739848579 ], [ -63.156633415019677, -21.377919152289646 ], [ -63.156537066050269, -21.378027664830618 ], [ -63.156434072698879, -21.378143660153942 ], [ -63.156346026724691, -21.378234555200411 ], [ -63.156259323790628, -21.378343058592801 ], [ -63.15616296468459, -21.378442535706242 ], [ -63.15608379793327, -21.378541608259439 ], [ -63.155997085051673, -21.378641076304124 ], [ -63.155902845160391, -21.378759010249635 ], [ -63.155801416059468, -21.378863721448294 ], [ -63.155725092191702, -21.378953261744584 ], [ -63.155645786014695, -21.379035960593381 ], [ -63.155568719052063, -21.379135419466788 ], [ -63.15546521788476, -21.379243347111945 ], [ -63.155386083888658, -21.379325865876346 ], [ -63.155308229341856, -21.379415171578799 ], [ -63.155231152425841, -21.379505595085387 ], [ -63.155142762893512, -21.379606985121629 ], [ -63.155054673847239, -21.379708028784176 ], [ -63.154958322546207, -21.379816540409809 ], [ -63.154871608155112, -21.379916007867013 ], [ -63.154775256583349, -21.380024519386492 ], [ -63.154688541946342, -21.380123986748124 ], [ -63.154592190103848, -21.38023249816143 ], [ -63.154506850135562, -21.380330389322989 ], [ -63.154420135137471, -21.380429856544506 ], [ -63.154339861995723, -21.380521934215498 ], [ -63.154253156240273, -21.380630436558899 ], [ -63.154152051916178, -21.380746407946749 ], [ -63.154062542129196, -21.380838810201272 ], [ -63.153983372679868, -21.380937881751606 ], [ -63.153890214953059, -21.381044738187693 ], [ -63.153802124188893, -21.381145781185786 ], [ -63.153705771025791, -21.381254292084861 ], [ -63.153619054943562, -21.381353758887965 ], [ -63.153521313056444, -21.381463834043796 ], [ -63.153418314930491, -21.381579827497603 ], [ -63.1533282857432, -21.381672764715937 ], [ -63.153231333358256, -21.381791051991563 ], [ -63.153118969728595, -21.381906086140312 ], [ -63.153028736948251, -21.382007701707757 ], [ -63.152921575574624, -21.38212655377848 ], [ -63.15282123123238, -21.382237845226548 ], [ -63.152715248664762, -21.382364434753143 ], [ -63.15260925654713, -21.382481989004141 ], [ -63.152502325556235, -21.382609711369579 ], [ -63.152393874400431, -21.382728453138242 ], [ -63.152380006510668, -21.38274363224728 ], [ -63.152264376448819, -21.382870230246727 ], [ -63.152154059403088, -21.382991010993155 ], [ -63.152043537181939, -21.383120662627004 ], [ -63.151142178372503, -21.382718011236058 ], [ -63.149282297909174, -21.382702491344432 ], [ -63.144301728142629, -21.381737957035909 ], [ -63.145471812339053, -21.385240541967299 ], [ -63.136899579931864, -21.389254639231481 ], [ -63.129192048137085, -21.392638377457619 ], [ -63.131925371548554, -21.399415456507079 ], [ -63.132274737196077, -21.40028163922188 ], [ -63.132119031498888, -21.400378252530526 ], [ -63.131964754157885, -21.400477761256248 ], [ -63.131811352341543, -21.400573708378023 ], [ -63.131666220474422, -21.400658813850121 ], [ -63.131527311067266, -21.400754378887306 ], [ -63.131367798186723, -21.400854147769394 ], [ -63.131207500385237, -21.400948145426284 ], [ -63.131062146975182, -21.401033380655118 ], [ -63.130902525358614, -21.401136334087834 ], [ -63.130738590397343, -21.401226814020585 ], [ -63.130592774409322, -21.401320862139187 ], [ -63.130417969995705, -21.4014269802204 ], [ -63.130244394429866, -21.401526502370405 ], [ -63.130093849887288, -21.401617892860447 ], [ -63.129924854116872, -21.40172980380898 ], [ -63.129745788986803, -21.401832472139304 ], [ -63.129587654557938, -21.401931376300286 ], [ -63.12941409373596, -21.402048967982211 ], [ -63.129240524694374, -21.402157524288487 ], [ -63.12907428858616, -21.402270152356241 ], [ -63.128906074582765, -21.402384119892801 ], [ -63.128742160728102, -21.402501703460022 ], [ -63.128574359858966, -21.402615391157948 ], [ -63.128418067834055, -21.402734511774458 ], [ -63.128254145316205, -21.402843059668228 ], [ -63.128118484059804, -21.402946453812987 ], [ -63.127973865118534, -21.403064021880766 ], [ -63.127819597852088, -21.403181597179248 ], [ -63.127680766113926, -21.403294460469034 ], [ -63.127542857799952, -21.403406572115586 ], [ -63.127404287669563, -21.403527885599569 ], [ -63.127262809090865, -21.40365111302452 ], [ -63.127131693426051, -21.403757701377419 ], [ -63.127011525563574, -21.40387908912383 ], [ -63.126886717783201, -21.403987151567229 ], [ -63.126777582806831, -21.404098049961156 ], [ -63.126672835369085, -21.404196301108819 ], [ -63.126576439326328, -21.404295761119712 ], [ -63.126480035380432, -21.40438618588033 ], [ -63.126367439671853, -21.404502359558155 ], [ -63.126252468529081, -21.404590595399451 ], [ -63.12615531223625, -21.404681725283993 ], [ -63.12604925957946, -21.404772157055376 ], [ -63.12595132505443, -21.404864015642971 ], [ -63.125845279874554, -21.404963482478546 ], [ -63.125729594060147, -21.40507199167665 ], [ -63.125613908074946, -21.405180500794398 ], [ -63.125514677321817, -21.405273576233792 ], [ -63.125392457095622, -21.40539776706397 ], [ -63.125267122358039, -21.405506283157095 ], [ -63.125157985032835, -21.405617180488139 ], [ -63.125025842693766, -21.405741122759697 ], [ -63.124906824837687, -21.405852755531296 ], [ -63.124768895545643, -21.405992078915364 ], [ -63.124627120890345, -21.406106061310894 ], [ -63.124514882698406, -21.406211333402709 ], [ -63.124389554264191, -21.406328884028653 ], [ -63.124264225629538, -21.406446434560252 ], [ -63.12413889679447, -21.406563984997472 ], [ -63.124010236896105, -21.40668465946543 ], [ -63.123878840057628, -21.406817382486196 ], [ -63.123737317755143, -21.406940638568511 ], [ -63.123614967069756, -21.407055394535988 ], [ -63.123483569543197, -21.407188117244374 ], [ -63.123334985245023, -21.407317523927993 ], [ -63.123223907919893, -21.407413691331922 ], [ -63.123124384311502, -21.407515523376475 ], [ -63.123002817432479, -21.407629542852401 ], [ -63.122896760708812, -21.407719972617365 ], [ -63.122808463101116, -21.407802787089715 ], [ -63.122702413674816, -21.407902251922835 ], [ -63.122596364104993, -21.40800171668841 ], [ -63.122490314391626, -21.40810118138635 ], [ -63.122392376390565, -21.408193038782649 ], [ -63.122303689853332, -21.408284536095064 ], [ -63.122209099564607, -21.408382125580093 ], [ -63.122113676166677, -21.408482811076521 ], [ -63.122040986033824, -21.408542465595531 ], [ -63.121972556532434, -21.408618316186892 ], [ -63.121576869187265, -21.408999527539752 ], [ -63.121525320236103, -21.409033373722767 ], [ -63.121441181167285, -21.409112285765925 ], [ -63.121383030048534, -21.409174617434079 ], [ -63.12128681315393, -21.409276138784875 ], [ -63.121179850005284, -21.409366427161657 ], [ -63.121102043774734, -21.409439399234131 ], [ -63.120996669781455, -21.40953822821934 ], [ -63.12090025153347, -21.409619614557059 ], [ -63.120822445030051, -21.409692586498821 ], [ -63.120756665729054, -21.409754279236381 ], [ -63.120685848001031, -21.409830187938717 ], [ -63.12059198583848, -21.409914596337252 ], [ -63.120117054109478, -21.410360285766249 ], [ -63.119951425250363, -21.410527571757811 ], [ -63.119790855639231, -21.410678163252182 ], [ -63.119713048990306, -21.410751135577808 ], [ -63.119626285188417, -21.410841549475915 ], [ -63.119520908232062, -21.410940376623351 ], [ -63.11940674311608, -21.411047447352161 ], [ -63.119300681712836, -21.411137874826984 ], [ -63.119210850917128, -21.411222122363455 ], [ -63.119114445220546, -21.411321578046042 ], [ -63.119008390755802, -21.411421040524001 ], [ -63.118904259776073, -21.411528465189956 ], [ -63.118789699247415, -21.411626138269451 ], [ -63.118683644343101, -21.411725600540347 ], [ -63.118586080495831, -21.411808781640634 ], [ -63.118497399050042, -21.41190026787898 ], [ -63.118392872874985, -21.411998294998025 ], [ -63.118306100251793, -21.412079673017647 ], [ -63.11820968611331, -21.412170092986365 ], [ -63.11812291328723, -21.412251470910434 ], [ -63.118026498923335, -21.412341890772961 ], [ -63.117930084440786, -21.412432310579597 ], [ -63.117833669839612, -21.412522730330306 ], [ -63.117735725982122, -21.412614584984595 ], [ -63.117639318374344, -21.412714039810993 ], [ -63.117525149544171, -21.412821108345323 ], [ -63.117419092921764, -21.412920569809767 ], [ -63.117313036155764, -21.413020031206546 ], [ -63.117197337701882, -21.413128534471369 ], [ -63.117074232431733, -21.413243984568634 ], [ -63.116966255599074, -21.413336807121972 ], [ -63.116867290533428, -21.413438055866742 ], [ -63.116751591421298, -21.413546558821416 ], [ -63.116645540923585, -21.413655054980133 ], [ -63.116522433813316, -21.41377050376596 ], [ -63.116399327475214, -21.413885953363515 ], [ -63.116283620515283, -21.41398542080513 ], [ -63.116182734968298, -21.414080030511034 ], [ -63.116076683665774, -21.414188526306525 ], [ -63.115953575661678, -21.414303974671203 ], [ -63.115837875193172, -21.414412476990037 ], [ -63.115714767779444, -21.414527926080762 ], [ -63.115599059850467, -21.414627393046473 ], [ -63.115490765661299, -21.414728948276608 ], [ -63.115375064516435, -21.414837450273463 ], [ -63.115259363200693, -21.414945952189793 ], [ -63.115143661714072, -21.415054454025618 ], [ -63.11503477585385, -21.415156565029111 ], [ -63.114919081101817, -21.415274101895118 ], [ -63.114789748435008, -21.415395385881247 ], [ -63.114671485467348, -21.415497757861797 ], [ -63.114568869520753, -21.415602007416418 ], [ -63.114446637245607, -21.415726184769905 ], [ -63.114314476784983, -21.41585011853136 ], [ -63.114182317066991, -21.415974053090629 ], [ -63.114056965030073, -21.416082560744353 ], [ -63.113938434741243, -21.416193711879821 ], [ -63.113813089335338, -21.416311254535621 ], [ -63.113687743728889, -21.416428797096902 ], [ -63.113562397921896, -21.416546339563666 ], [ -63.113443867850407, -21.416657491249346 ], [ -63.113328170644479, -21.416775027006846 ], [ -63.113196008297031, -21.416898959879063 ], [ -63.113087711738494, -21.41700051444645 ], [ -63.112973896616921, -21.417116945489763 ], [ -63.112860066419678, -21.417213985140894 ], [ -63.112762115360702, -21.417305835962033 ], [ -63.112663460307012, -21.417398348574565 ], [ -63.112557404011994, -21.41750684212219 ], [ -63.112434290462616, -21.41762228788043 ], [ -63.112318584782479, -21.417730787749626 ], [ -63.112193236769457, -21.417848329183677 ], [ -63.112080048306261, -21.417954469016756 ], [ -63.111954713681506, -21.418090080639651 ], [ -63.111818913879695, -21.4182174211115 ], [ -63.111694506260541, -21.41835074691932 ], [ -63.111559528698798, -21.418495399859033 ], [ -63.111423892372116, -21.418640758774789 ], [ -63.111284041582032, -21.41878938388836 ], [ -63.111154288633152, -21.418937130289507 ], [ -63.111023588690855, -21.419085953306897 ], [ -63.110893962279413, -21.41924223947894 ], [ -63.110769839299508, -21.41939444884795 ], [ -63.110647458060463, -21.419544521958091 ], [ -63.11054428314209, -21.419676456816841 ], [ -63.110438244016159, -21.419812054556516 ], [ -63.110333986156959, -21.419945374187439 ], [ -63.110239340609731, -21.420069631459732 ], [ -63.110142943362639, -21.420196187476979 ], [ -63.110057733841572, -21.420308054813507 ], [ -63.109970992278562, -21.420443639573332 ], [ -63.109874594555706, -21.42057019543256 ], [ -63.10979185436549, -21.420699525123322 ], [ -63.109693032077104, -21.420838535661737 ], [ -63.10960040249109, -21.420977526729509 ], [ -63.109509920188664, -21.421113296200563 ], [ -63.109423184377178, -21.421257915849647 ], [ -63.10932432874187, -21.42140624869063 ], [ -63.109227949987819, -21.421559909712702 ], [ -63.109131564320045, -21.421704535496083 ], [ -63.109038468810525, -21.421852961086969 ], [ -63.108944451726437, -21.422002856344612 ], [ -63.108854539298086, -21.422152769661533 ], [ -63.108754572116197, -21.422302768061584 ], [ -63.108676338729111, -21.422425049522388 ], [ -63.108595735244229, -21.422566798787539 ], [ -63.108500938656697, -21.422705084079691 ], [ -63.108430422105435, -21.422812545431135 ], [ -63.108353320301774, -21.422939087899785 ], [ -63.108272105669279, -21.42306285286336 ], [ -63.108199102985466, -21.423174102366563 ], [ -63.108119647248209, -21.423304508785122 ], [ -63.108026092217003, -21.423440980540487 ], [ -63.10794702459652, -21.423556320454598 ], [ -63.107867250942078, -21.423689326376287 ], [ -63.107775052259313, -21.423843047086272 ], [ -63.107667180885031, -21.424004902253944 ], [ -63.107562515320346, -21.424147660334942 ], [ -63.107463243872516, -21.424299997604056 ], [ -63.10735226024574, -21.424470306972783 ], [ -63.107239762224054, -21.424628545326932 ], [ -63.107133742847545, -21.424800281637427 ], [ -63.107018067108285, -21.424962988864777 ], [ -63.10691502928514, -21.425129893821932 ], [ -63.106799359615337, -21.425301636072046 ], [ -63.106693339240373, -21.425473372094213 ], [ -63.10657766904199, -21.425645114186413 ], [ -63.106478436397111, -21.425805855353399 ], [ -63.106383509792806, -21.425966099500233 ], [ -63.106296143511798, -21.426111759624629 ], [ -63.106200465245095, -21.426271275904597 ], [ -63.106104066990198, -21.426406864713144 ], [ -63.106026261105669, -21.426536584189471 ], [ -63.105934058717843, -21.42669030384949 ], [ -63.105831763386121, -21.426843784076762 ], [ -63.10573880346125, -21.426983258334211 ], [ -63.105643645274796, -21.427134959427676 ], [ -63.105532265095569, -21.427305869541058 ], [ -63.105426228825948, -21.427459534379885 ], [ -63.105320198814994, -21.427622234325771 ], [ -63.105216365734627, -21.427772706416615 ], [ -63.105123125570394, -21.427921347590523 ], [ -63.105014981023402, -21.42808729138963 ], [ -63.104905713266533, -21.428254957021668 ], [ -63.104801879315865, -21.428405428847785 ], [ -63.104707410347309, -21.428556027570604 ], [ -63.104607583037875, -21.428705800155253 ], [ -63.104513510306361, -21.428846939588304 ], [ -63.104423112139017, -21.42898822033526 ], [ -63.104326710466388, -21.429123808091017 ], [ -63.104249334405772, -21.429244737020863 ], [ -63.104162588636704, -21.429389353847327 ], [ -63.104073439034281, -21.429528682023719 ], [ -63.103974827699773, -21.429685881282786 ], [ -63.103876282877081, -21.429833728127509 ], [ -63.103771512205007, -21.429994489135574 ], [ -63.103665478538261, -21.430157187999683 ], [ -63.103562429977096, -21.430315306824014 ], [ -63.10345461805283, -21.430489928566189 ], [ -63.103338940131827, -21.430661668350648 ], [ -63.103232911858804, -21.43083340210503 ], [ -63.103117233408987, -21.431005141731458 ], [ -63.10301298880843, -21.431173987504085 ], [ -63.102903968071999, -21.431341265830223 ], [ -63.102794695493785, -21.431508930039485 ], [ -63.102694083664439, -21.431654724641323 ], [ -63.102602683649963, -21.431809001182089 ], [ -63.102503281688207, -21.431967455012884 ], [ -63.102403604792961, -21.432126347156565 ], [ -63.102309676215278, -21.43226726205193 ], [ -63.102228387160984, -21.432402776081513 ], [ -63.102144287265702, -21.432542973812328 ], [ -63.102062727402476, -21.432686380148965 ], [ -63.101975326812749, -21.43281955043652 ], [ -63.101892803002471, -21.43293991396305 ], [ -63.101821931589917, -21.433056210859164 ], [ -63.101742274976992, -21.433186924165572 ], [ -63.101649046099318, -21.433332617859339 ], [ -63.101565938492669, -21.433453832687125 ], [ -63.101477216430808, -21.433601733552013 ], [ -63.101374626406383, -21.433746014237474 ], [ -63.101285413696452, -21.433879851141612 ], [ -63.101192302574105, -21.434028272219898 ], [ -63.101093850947258, -21.434185205795327 ], [ -63.100982460147051, -21.434356112781945 ], [ -63.100876414044272, -21.43450977465044 ], [ -63.10077572509838, -21.434664261751255 ], [ -63.100678100647393, -21.434819875440144 ], [ -63.100584168697267, -21.434960789335729 ], [ -63.100502078440144, -21.435097632952878 ], [ -63.100427168876692, -21.435220551730723 ], [ -63.10035182384177, -21.435351762312763 ], [ -63.100254689245084, -21.435488366351606 ], [ -63.100165372466272, -21.435600014123576 ], [ -63.100095669486116, -21.435694407400394 ], [ -63.100020655174134, -21.435817498624161 ], [ -63.099921397971762, -21.435957087145876 ], [ -63.099838284668003, -21.436086967628508 ], [ -63.099741880256829, -21.436231587833859 ], [ -63.099653172514124, -21.436370211275491 ], [ -63.099544742286206, -21.436527321513534 ], [ -63.099444762597876, -21.436677305138399 ], [ -63.099338707099911, -21.436821930835507 ], [ -63.09924788262758, -21.43695817725375 ], [ -63.099143599758101, -21.437114614355842 ], [ -63.099038541774505, -21.437252504450115 ], [ -63.098942123631375, -21.437379053846254 ], [ -63.098842447344232, -21.437509878744656 ], [ -63.098750540282083, -21.437624760959235 ], [ -63.098659695675735, -21.437735474572019 ], [ -63.098579990434331, -21.437843408682685 ], [ -63.098456225073306, -21.438011500437948 ], [ -63.098365841750763, -21.438107054407777 ], [ -63.098282055424775, -21.438201309716021 ], [ -63.098195274329861, -21.438309782674601 ], [ -63.098092322939458, -21.438425594391418 ], [ -63.098006911602589, -21.438523456447832 ], [ -63.097920124086023, -21.438622894094859 ], [ -63.097825382841044, -21.438731443794492 ], [ -63.097720495675553, -21.438839599103492 ], [ -63.097624868372797, -21.438938206000866 ], [ -63.097538074347661, -21.439028608280921 ], [ -63.097441635750044, -21.439128051297995 ], [ -63.09734716502583, -21.43922644955256 ], [ -63.097250720181734, -21.439316857292589 ], [ -63.097163925702382, -21.439407259376352 ], [ -63.097077399043691, -21.439488369491311 ], [ -63.097008188171174, -21.439569469529118 ], [ -63.096912024372386, -21.439669629470185 ], [ -63.096816746716058, -21.439768867255623 ], [ -63.096720978236284, -21.439858639123365 ], [ -63.096634177160958, -21.439940005763873 ], [ -63.096547000815832, -21.440021724946877 ], [ -63.096460193608813, -21.440094056331205 ], [ -63.096393056623178, -21.440156988806322 ], [ -63.096306255189546, -21.440238355275223 ], [ -63.096239119037534, -21.440301288590948 ], [ -63.09617138234357, -21.440372721607247 ], [ -63.096094231212149, -21.440454082421272 ], [ -63.096017079995221, -21.440535443199291 ], [ -63.095939928692786, -21.440616803941289 ], [ -63.095871092299625, -21.440689395773013 ], [ -63.095793946733373, -21.440779791611398 ], [ -63.095699065739609, -21.440879848918549 ], [ -63.095602242649981, -21.44097060738207 ], [ -63.095534326568689, -21.441034270898598 ], [ -63.095465114115285, -21.441115370289459 ], [ -63.095368948251014, -21.441215529333491 ], [ -63.095273668548209, -21.441314766230121 ], [ -63.095186865809353, -21.441396132112299 ], [ -63.095100068829716, -21.441486533113025 ], [ -63.095004298179113, -21.441576303988469 ], [ -63.094926462860073, -21.441649264650103 ], [ -63.094839665570369, -21.441739665514213 ], [ -63.094743894595283, -21.441829436239175 ], [ -63.094678321435026, -21.441890902532837 ], [ -63.094610819331194, -21.441972257196426 ], [ -63.094528893230461, -21.442049050893555 ], [ -63.094418225164844, -21.442161430407108 ], [ -63.094370414568083, -21.442209110641127 ], [ -63.094349854449312, -21.4422296148912 ], [ -63.094345327842547, -21.442233432089612 ], [ -63.094343997813723, -21.44223617591576 ], [ -63.094254494336781, -21.442337979474082 ], [ -63.094189528994164, -21.442411873103111 ], [ -63.094155005946199, -21.442450017311632 ], [ -63.094115616578975, -21.442493520295418 ], [ -63.094084312612672, -21.442528106437873 ], [ -63.094058493098551, -21.442556634124522 ], [ -63.093966716728701, -21.442646757236876 ], [ -63.093877557487403, -21.442742866435317 ], [ -63.09376897004411, -21.442844650614564 ], [ -63.093659134017592, -21.442966670578869 ], [ -63.093550802783554, -21.443075735911687 ], [ -63.093475775195643, -21.443166749293201 ], [ -63.093344183135969, -21.443295029011587 ], [ -63.093243754125666, -21.443385398689369 ], [ -63.093140185673612, -21.443494126798853 ], [ -63.093017472012598, -21.443609149440046 ], [ -63.092877584559027, -21.443743910706502 ], [ -63.092737054777984, -21.44389958410023 ], [ -63.092613337967158, -21.44401954561857 ], [ -63.092504103818747, -21.444140894974861 ], [ -63.092397027569959, -21.444253302772012 ], [ -63.092308755254706, -21.444351087559657 ], [ -63.092180804992324, -21.444495831834466 ], [ -63.092040755792802, -21.44464301312194 ], [ -63.091926812993265, -21.444773549832366 ], [ -63.09177424277582, -21.444936983897971 ], [ -63.091637953699554, -21.445087272685122 ], [ -63.091514306190788, -21.445236285911612 ], [ -63.091350048045946, -21.445407841358005 ], [ -63.091219338773783, -21.445538802345339 ], [ -63.091060647401704, -21.445691457425415 ], [ -63.090921478133978, -21.445837245868397 ], [ -63.090765417015952, -21.445999333753754 ], [ -63.090613719361855, -21.446162428357155 ], [ -63.090402508896517, -21.44636479016869 ], [ -63.090246666714961, -21.446498685026938 ], [ -63.090058368146032, -21.446675171794716 ], [ -63.08993408849377, -21.446805359413528 ], [ -63.089800769222968, -21.446968187698801 ], [ -63.089631742522485, -21.447165150869715 ], [ -63.089439247769846, -21.447368121238544 ], [ -63.089249773504093, -21.447536600752326 ], [ -63.089052358792941, -21.447696959857023 ], [ -63.088892834194674, -21.447831140008059 ], [ -63.088755338576583, -21.447952197402838 ], [ -63.088568037405338, -21.448116295642567 ], [ -63.08839110847903, -21.448289491118235 ], [ -63.088232203000771, -21.448457041674196 ], [ -63.088018764639166, -21.448700235122065 ], [ -63.087855604441849, -21.448882889823313 ], [ -63.087685570467102, -21.449054509708521 ], [ -63.087511658668653, -21.44924135930551 ], [ -63.087321064825673, -21.449437000502609 ], [ -63.087135998022539, -21.449610448249139 ], [ -63.086981039551851, -21.449759498764788 ], [ -63.086808822316975, -21.449935918358658 ], [ -63.086651139496603, -21.450110926184447 ], [ -63.086489575155724, -21.450286900820053 ], [ -63.086290661687627, -21.450498181372939 ], [ -63.086096577940118, -21.450692766744822 ], [ -63.085913774902842, -21.450864088695532 ], [ -63.085708587550805, -21.451052382709491 ], [ -63.085461237406854, -21.451284195065529 ], [ -63.085291103003016, -21.451466978184669 ], [ -63.085083494011428, -21.451674516640786 ], [ -63.084904629193773, -21.451834162952991 ], [ -63.084743623299289, -21.451996369628343 ], [ -63.084516930660094, -21.452224853302759 ], [ -63.084355338252593, -21.452387374319077 ], [ -63.084169856375205, -21.452608614936224 ], [ -63.084015062750275, -21.452769800416814 ], [ -63.083881645335943, -21.452927104377221 ], [ -63.083685734055884, -21.453128616892478 ], [ -63.08352746012406, -21.453273039825795 ], [ -63.083336239372457, -21.453479513499815 ], [ -63.083125654008093, -21.453685260207003 ], [ -63.082957321336487, -21.453847056775249 ], [ -63.082761881154248, -21.454034372826548 ], [ -63.082551950350712, -21.454219302383326 ], [ -63.082359266811665, -21.454412183158251 ], [ -63.082133877749335, -21.454599934243614 ], [ -63.081990246704358, -21.454752724107067 ], [ -63.081775308903858, -21.454967575048631 ], [ -63.081563044992727, -21.45513919028695 ], [ -63.08139626002292, -21.455316801453517 ], [ -63.081192949677927, -21.455531648691068 ], [ -63.081009265827596, -21.455721434404122 ], [ -63.080865185870756, -21.455844880034114 ], [ -63.080683197893755, -21.456045083000927 ], [ -63.08051292953607, -21.456221005379287 ], [ -63.08023298018162, -21.456515633464829 ], [ -63.080002117729315, -21.456747997149609 ], [ -63.079757588822879, -21.457005282365088 ], [ -63.079561837539003, -21.457200181596583 ], [ -63.079370652314253, -21.457426078943008 ], [ -63.07918838835004, -21.457621274009526 ], [ -63.07899302504385, -21.457844144310343 ], [ -63.078834785362808, -21.458016472318914 ], [ -63.078673211188274, -21.45820061701173 ], [ -63.078521052582815, -21.458359041277273 ], [ -63.078359341889175, -21.458547436764434 ], [ -63.078129316696078, -21.45877591502796 ], [ -63.077904284212089, -21.458990915621275 ], [ -63.077727324493345, -21.459152690092857 ], [ -63.077538920332472, -21.459329231309489 ], [ -63.077385012391758, -21.4594694431836 ], [ -63.077223049042445, -21.459621209169775 ], [ -63.07706955100803, -21.459776702615024 ], [ -63.076932387858172, -21.459912789938326 ], [ -63.076777230883778, -21.460086448140785 ], [ -63.076552039587916, -21.460306249146988 ], [ -63.076413036379094, -21.460428604355677 ], [ -63.076292330086162, -21.460549247978893 ], [ -63.076141555389533, -21.460694682293134 ], [ -63.076040752729206, -21.460789134615069 ], [ -63.075899234794434, -21.460921738201773 ], [ -63.075730585131929, -21.461095567786117 ], [ -63.075583159764143, -21.461237769104777 ], [ -63.07540304081887, -21.461418889480033 ], [ -63.07526764293064, -21.461542026351651 ], [ -63.075116040640765, -21.46171321840789 ], [ -63.074903350732825, -21.461948744455071 ], [ -63.074721378257109, -21.462098456931798 ], [ -63.074563508044243, -21.462260811289337 ], [ -63.074406770305792, -21.462420630632813 ], [ -63.074226110595141, -21.462582211455185 ], [ -63.074045909192186, -21.462782471345797 ], [ -63.073882595796007, -21.46293549144222 ], [ -63.073708222061569, -21.463117873252759 ], [ -63.073533944112796, -21.463301578485641 ], [ -63.073350386505112, -21.46348585049298 ], [ -63.073162897179444, -21.463674067857362 ], [ -63.072985799972749, -21.463835515658776 ], [ -63.072798354047087, -21.463986638794868 ], [ -63.072685524568023, -21.464085534173456 ], [ -63.072529232539011, -21.46424323641105 ], [ -63.072393927034405, -21.464377934067699 ], [ -63.072259224446157, -21.464516356543726 ], [ -63.072139293924984, -21.464632599387112 ], [ -63.072009452508517, -21.464772686546773 ], [ -63.071866025718784, -21.464933079607224 ], [ -63.071707513199868, -21.465081595083078 ], [ -63.07155976829749, -21.46521617631652 ], [ -63.07145723898396, -21.465319354529449 ], [ -63.071334916461183, -21.46544977124254 ], [ -63.071203230559092, -21.465585090706657 ], [ -63.07103142205559, -21.465770208951987 ], [ -63.070874387110862, -21.46592994916773 ], [ -63.070713359978427, -21.466088360948323 ], [ -63.070577106022533, -21.466244847573023 ], [ -63.070399597872473, -21.466411157295969 ], [ -63.070220021774539, -21.466575396841233 ], [ -63.070023926965114, -21.466759118361399 ], [ -63.069879020591571, -21.466879797236672 ], [ -63.069727939041975, -21.467036244177191 ], [ -63.069548290892897, -21.467208470089652 ], [ -63.069407224492437, -21.46736206740427 ], [ -63.069236219904454, -21.467566343367931 ], [ -63.069049609357144, -21.467769527826661 ], [ -63.068843625365687, -21.467940582045092 ], [ -63.06868084837734, -21.468085990990424 ], [ -63.068556023796155, -21.468218026667678 ], [ -63.068383038774002, -21.468388193987757 ], [ -63.06821038726784, -21.468566535987286 ], [ -63.068035005991639, -21.468726932412938 ], [ -63.067898947237623, -21.468874528869836 ], [ -63.067747489203782, -21.469069136779378 ], [ -63.067571824075706, -21.469254809540057 ], [ -63.067380883185336, -21.469473448465244 ], [ -63.067197528557955, -21.469670992485728 ], [ -63.066997292409567, -21.469866919450507 ], [ -63.066813602560714, -21.470047011802251 ], [ -63.066621457525557, -21.470235394349128 ], [ -63.066446659898929, -21.470390532207983 ], [ -63.066273644101003, -21.470537884498754 ], [ -63.06607392829585, -21.470747895017258 ], [ -63.066012244317086, -21.470807245916628 ], [ -63.065357028187812, -21.471297586443573 ], [ -63.064733377115658, -21.471907116376833 ], [ -63.064568377507825, -21.472061695506316 ], [ -63.064414051835698, -21.472212749365923 ], [ -63.064265046038152, -21.47236519515857 ], [ -63.064263073918845, -21.472367212559476 ], [ -63.064115519015417, -21.472525010075394 ], [ -63.063968071121046, -21.472689856633053 ], [ -63.063958246439235, -21.472700499266818 ], [ -63.063543409453793, -21.473135963162044 ], [ -63.063120543851589, -21.473569425951428 ], [ -63.062427498903332, -21.474255121476705 ], [ -63.062107039512291, -21.474568448355143 ], [ -63.061785621875337, -21.474878822281969 ], [ -63.061777388389338, -21.474886581988923 ], [ -63.061440667396781, -21.475196329341141 ], [ -63.061098036501924, -21.475503865461519 ], [ -63.060751649376435, -21.475807185538422 ], [ -63.060401557168149, -21.476106243451245 ], [ -63.060047811992447, -21.47640099488623 ], [ -63.059692742352148, -21.476689568716392 ], [ -63.059680135773441, -21.476699465785931 ], [ -63.059510123466644, -21.476828381864021 ], [ -63.059348617272114, -21.476957836856695 ], [ -63.059190599200839, -21.477091633646189 ], [ -63.059031476087519, -21.477233889367707 ], [ -63.059019606087311, -21.477244152049863 ], [ -63.057677562853691, -21.478365931127748 ], [ -63.057220358500437, -21.478737122302785 ], [ -63.056771720342915, -21.479109384487373 ], [ -63.056327479591097, -21.479486117268099 ], [ -63.05590822502041, -21.47985100086451 ], [ -63.055778131581, -21.47996057361037 ], [ -63.055657945691088, -21.48006689392227 ], [ -63.05553540132081, -21.480180760168633 ], [ -63.055394116423813, -21.480310888543379 ], [ -63.055384924881508, -21.480319134339272 ], [ -63.055241050988016, -21.480444828094765 ], [ -63.055231596785447, -21.480452871581971 ], [ -63.055084472888737, -21.480574745317952 ], [ -63.055074760849436, -21.480582578362583 ], [ -63.054928195952897, -21.480697637479587 ], [ -63.052808809230292, -21.482430345887895 ], [ -63.052556861833736, -21.482641751548009 ], [ -63.052309670276635, -21.482856864256537 ], [ -63.052066366016376, -21.483076410729158 ], [ -63.052033197445702, -21.483107441365188 ], [ -63.052002350804187, -21.483133899497034 ], [ -63.051933448501131, -21.483179088430798 ], [ -63.051932893517595, -21.48317932984116 ], [ -63.051443646212697, -21.48238333535944 ], [ -63.036909433908164, -21.458731823989311 ], [ -63.031382450715519, -21.449735394634136 ], [ -63.019756298677827, -21.469233168620054 ], [ -63.025888753205507, -21.480078863711121 ], [ -62.996465243380271, -21.491890484653272 ], [ -62.997504852890778, -21.498440259586594 ], [ -62.981067624984348, -21.495221926997253 ], [ -62.981753764182407, -21.521549862359858 ], [ -62.974160647358303, -21.527270761636419 ], [ -62.974191240771546, -21.525754541049043 ], [ -62.974203441911364, -21.525149836436245 ], [ -62.969473387168648, -21.525149038279782 ], [ -62.969515778952996, -21.527688265972095 ], [ -62.969522960350425, -21.528118770878915 ], [ -62.969566584125765, -21.53073168798754 ], [ -62.966788149567869, -21.538729629549618 ], [ -62.949534714086816, -21.553235411187753 ], [ -62.948621705094922, -21.556194997092735 ], [ -62.948458616071484, -21.557153592580303 ], [ -62.946579073011478, -21.557539990021141 ], [ -62.940614360617019, -21.5587129163291 ], [ -62.93908353647106, -21.559111071435677 ], [ -62.93899876519751, -21.559133122084283 ], [ -62.938875007314365, -21.559114812401333 ], [ -62.93865103590921, -21.55913557848384 ], [ -62.93851421222427, -21.559135528067987 ], [ -62.938488734516092, -21.559176351652123 ], [ -62.938420792928532, -21.559285206993394 ], [ -62.938343741836761, -21.559402230230738 ], [ -62.938295938278848, -21.559482647933471 ], [ -62.938247812813238, -21.559563607605067 ], [ -62.938170487997191, -21.559699104612573 ], [ -62.938121568867004, -21.559781397523501 ], [ -62.938063676537574, -21.559871576485943 ], [ -62.93800615918957, -21.559970126535358 ], [ -62.93794894042869, -21.560068162580745 ], [ -62.937890648716639, -21.560186186433782 ], [ -62.937822243254018, -21.560295783120313 ], [ -62.937754975301004, -21.560412535053253 ], [ -62.937686653684764, -21.560531113449155 ], [ -62.937608903547087, -21.560649196779575 ], [ -62.937542319532284, -21.560755874803498 ], [ -62.937484322061913, -21.560864273581927 ], [ -62.93741623105926, -21.560973365150655 ], [ -62.937358569786575, -21.561072159757444 ], [ -62.937300575937641, -21.561171523425532 ], [ -62.937241801990858, -21.561272223061238 ], [ -62.937173615953391, -21.561372366182507 ], [ -62.937115360932587, -21.561463106638815 ], [ -62.937057822022211, -21.561543773271495 ], [ -62.937009839204514, -21.561624489574026 ], [ -62.936912764882734, -21.561769652314521 ], [ -62.936826157949803, -21.561904553348526 ], [ -62.936758500906052, -21.562012948195658 ], [ -62.936701312399322, -21.562102028263197 ], [ -62.936663476034795, -21.562172742907741 ], [ -62.936615143799891, -21.562263074951947 ], [ -62.936537342309094, -21.562408483314844 ], [ -62.936489013852359, -21.562489780279471 ], [ -62.936440765502041, -21.562579955994966 ], [ -62.936382419555947, -21.562679920019058 ], [ -62.936314531691856, -21.562797743555429 ], [ -62.936237254671283, -21.562924125978611 ], [ -62.936159684547292, -21.563060046544205 ], [ -62.936072697270262, -21.563195538812231 ], [ -62.935995942667901, -21.563330028458974 ], [ -62.935918912439355, -21.563465000433077 ], [ -62.935841034210078, -21.563610551171315 ], [ -62.935753439325062, -21.563746988093708 ], [ -62.935666231726593, -21.563891872879374 ], [ -62.935569580785533, -21.564036396178203 ], [ -62.935483136430953, -21.564180013541307 ], [ -62.935395595799051, -21.564325450088688 ], [ -62.935298585723636, -21.564470510667281 ], [ -62.935212170930491, -21.564605107309664 ], [ -62.935125177829036, -21.564749634090898 ], [ -62.935038795571899, -21.564884180958138 ], [ -62.934961460913634, -21.565028711413138 ], [ -62.934873516392258, -21.565165690715659 ], [ -62.934787153953735, -21.565300204926309 ], [ -62.934710397054062, -21.565434693941306 ], [ -62.934633671911733, -21.565569126913665 ], [ -62.934566268126581, -21.56570408663735 ], [ -62.934498307574806, -21.565831097086338 ], [ -62.934420142449987, -21.56597717826099 ], [ -62.934332824146175, -21.566113179915678 ], [ -62.934255140346778, -21.566249291936931 ], [ -62.934167493337085, -21.566376707374459 ], [ -62.934080886918736, -21.566511599668292 ], [ -62.933994522949376, -21.566646113442591 ], [ -62.933917764607557, -21.566780602067102 ], [ -62.933840431928076, -21.566916096928789 ], [ -62.933763099104581, -21.567051591752055 ], [ -62.93368576613711, -21.567187086536823 ], [ -62.933607506960456, -21.567324204510129 ], [ -62.933520518880137, -21.567450660330039 ], [ -62.93344377900997, -21.567585113492097 ], [ -62.933366449591013, -21.567711573084697 ], [ -62.93328852236629, -21.567848109174744 ], [ -62.933201533695858, -21.56797456481868 ], [ -62.93312479325477, -21.568109017823911 ], [ -62.933046487954691, -21.568237073357828 ], [ -62.932959880627322, -21.568362974270844 ], [ -62.932883771000746, -21.56849632152344 ], [ -62.932816099630934, -21.568622784734707 ], [ -62.932738133702152, -21.568759384683393 ], [ -62.932660803046268, -21.568885843927475 ], [ -62.932584099324998, -21.569020232532953 ], [ -62.932516112292795, -21.569147285473296 ], [ -62.932438417781569, -21.569274338965265 ], [ -62.932370749854186, -21.569391766950044 ], [ -62.932293115984336, -21.569518720105695 ], [ -62.932216087097515, -21.56964468503643 ], [ -62.932148418818521, -21.569762112924785 ], [ -62.932070394998078, -21.569889703684691 ], [ -62.931993771058217, -21.570006059010382 ], [ -62.931926450111803, -21.570131864226781 ], [ -62.931848062437375, -21.570260049232523 ], [ -62.931771438124798, -21.570376404449789 ], [ -62.9317043894414, -21.570501700105766 ], [ -62.931636084260973, -21.570620231592027 ], [ -62.931558751658677, -21.570746690291301 ], [ -62.931490979866375, -21.570864294938907 ], [ -62.931422611933442, -21.570973813861787 ], [ -62.931344984530661, -21.571091690861309 ], [ -62.93126795436789, -21.571208660951928 ], [ -62.931200991616258, -21.571315927021502 ], [ -62.931133713259342, -21.571432676100827 ], [ -62.931066043275436, -21.5715501035199 ], [ -62.930998373182284, -21.571667530909536 ], [ -62.930929624122903, -21.571786829880836 ], [ -62.930851840706296, -21.571895860374045 ], [ -62.930784904397797, -21.572003083812461 ], [ -62.93071758809311, -21.572110915121911 ], [ -62.930659979731857, -21.572209599764708 ], [ -62.930592417277126, -21.572326839998389 ], [ -62.930515123990418, -21.572462253721387 ], [ -62.930437210881529, -21.572598753157763 ], [ -62.930350212577537, -21.572734242254757 ], [ -62.93027319243668, -21.572869176212016 ], [ -62.930186189490755, -21.57301370024566 ], [ -62.93010853099841, -21.573149752390666 ], [ -62.930021532059001, -21.573285241305381 ], [ -62.929944766543038, -21.573419727973544 ], [ -62.929866500489119, -21.573556844068968 ], [ -62.929779505433864, -21.573683297822733 ], [ -62.929702758819865, -21.573817749143299 ], [ -62.929625072892229, -21.573944779560549 ], [ -62.929548726678561, -21.5740696186081 ], [ -62.92948134421038, -21.574204517399245 ], [ -62.929403397295296, -21.574341072322156 ], [ -62.929326355123685, -21.574476041038956 ], [ -62.929258677880028, -21.574602502698852 ], [ -62.92918103797399, -21.574738519152941 ], [ -62.929103696654138, -21.574874011663773 ], [ -62.92902635519021, -21.575009504136116 ], [ -62.928948681013402, -21.575145578283824 ], [ -62.928871343670238, -21.575272035654169 ], [ -62.928793408177889, -21.575408569495806 ], [ -62.928706411082992, -21.575535022655469 ], [ -62.928629662500178, -21.575669473446428 ], [ -62.928551349175557, -21.575797526729932 ], [ -62.928464351637771, -21.575923979756062 ], [ -62.928387013459876, -21.576050436887456 ], [ -62.928300741577658, -21.576175833941097 ], [ -62.928224275017591, -21.576318715236951 ], [ -62.928146058955512, -21.576455737429818 ], [ -62.928059383922403, -21.576590714918083 ], [ -62.927982338732036, -21.576734675530261 ], [ -62.92789442148549, -21.576880709453722 ], [ -62.927807418253252, -21.577016197139649 ], [ -62.927721008798855, -21.577159726207011 ], [ -62.927643664831621, -21.577295217993296 ], [ -62.9275566566264, -21.577439740562404 ], [ -62.927478993311659, -21.577575791396043 ], [ -62.927391989276792, -21.577711278851464 ], [ -62.927314644709774, -21.57784677047432 ], [ -62.92722764035981, -21.577982257838588 ], [ -62.927150295495586, -21.578117749379892 ], [ -62.927063290830446, -21.578253236653044 ], [ -62.926986519957467, -21.578387721862967 ], [ -62.926909174652984, -21.578523213284473 ], [ -62.926833075433649, -21.578656522353402 ], [ -62.926776032773397, -21.57878972501922 ], [ -62.926718703745102, -21.578923596128767 ], [ -62.926670756222627, -21.579066867769956 ], [ -62.926622389421254, -21.579202371801436 ], [ -62.926574817073117, -21.579344524135838 ], [ -62.926546068421708, -21.579469721503266 ], [ -62.92650706525302, -21.579615349751165 ], [ -62.926468150785944, -21.579751585218016 ], [ -62.926429447893973, -21.579878058426289 ], [ -62.926391244536546, -21.580011800518804 ], [ -62.926362432010414, -21.580146216247549 ], [ -62.92633371786868, -21.580271260888889 ], [ -62.926314373373323, -21.580406470453251 ], [ -62.926285364140369, -21.58054180041902 ], [ -62.926266008210462, -21.58068608203217 ], [ -62.926236683443385, -21.580831983722199 ], [ -62.926207630744479, -21.580976531175438 ], [ -62.92617831167059, -21.581122403036787 ], [ -62.926139248649015, -21.581268253402676 ], [ -62.926100443956649, -21.581413138931193 ], [ -62.926062108280867, -21.581547344359667 ], [ -62.926033695400093, -21.581688705402129 ], [ -62.926014327699235, -21.581842052698203 ], [ -62.925984983280813, -21.581997152866613 ], [ -62.925955930096222, -21.582141700254361 ], [ -62.925926621392897, -21.582296609783608 ], [ -62.925887494892272, -21.582442694047291 ], [ -62.925848689633092, -21.582587579495115 ], [ -62.925809619881427, -21.582724351367055 ], [ -62.92576053826253, -21.582871006688205 ], [ -62.925702344202868, -21.583015939466478 ], [ -62.92565380975514, -21.583151909279255 ], [ -62.925595780650163, -21.583287408626717 ], [ -62.925547411436085, -21.583422912270553 ], [ -62.925488854056248, -21.583559644619484 ], [ -62.925430605090213, -21.583695655185597 ], [ -62.925372046358071, -21.58382328380484 ], [ -62.92530375521639, -21.583959980999886 ], [ -62.925236413315915, -21.584085799527056 ], [ -62.925178137612384, -21.584212811106788 ], [ -62.925100118440007, -21.58434947312076 ], [ -62.925032432920176, -21.584475932890307 ], [ -62.924955390018575, -21.58461088494246 ], [ -62.92488769959229, -21.584746379662231 ], [ -62.924810348943979, -21.584881869990348 ], [ -62.924742927085816, -21.58501682537706 ], [ -62.924675848185785, -21.585142151369734 ], [ -62.924618061102038, -21.585277083050496 ], [ -62.924550043200007, -21.585413230703985 ], [ -62.924482347337808, -21.585557760256531 ], [ -62.924414656029199, -21.585693254766021 ], [ -62.924347714231331, -21.585836172754018 ], [ -62.92428994994075, -21.585980031816355 ], [ -62.924231219152794, -21.586117163847995 ], [ -62.924162676367025, -21.586254359150459 ], [ -62.924085319531045, -21.586398884124744 ], [ -62.924017627460159, -21.586534378456953 ], [ -62.923939694019161, -21.586679980972015 ], [ -62.923862924503354, -21.58681444922934 ], [ -62.923795227304382, -21.586958978474314 ], [ -62.923717874459712, -21.587094468252563 ], [ -62.92365017698593, -21.587238997432905 ], [ -62.923572823856958, -21.587374487138383 ], [ -62.923505878520608, -21.587517411078011 ], [ -62.923438180638747, -21.587661940163617 ], [ -62.923370482622133, -21.58780646921883 ], [ -62.92330228737287, -21.587952058725033 ], [ -62.923224928777145, -21.588096583264974 ], [ -62.923157727445712, -21.588240051743707 ], [ -62.923089276459173, -21.588386185847241 ], [ -62.923011646621298, -21.588522158515804 ], [ -62.922944497981, -21.588656560290701 ], [ -62.922876803794018, -21.588792054116166 ], [ -62.922808564057242, -21.588928639991476 ], [ -62.922731209243935, -21.589064129273495 ], [ -62.92266378351308, -21.589199083739189 ], [ -62.922586423618178, -21.589343607956991 ], [ -62.922518459930906, -21.589479640888754 ], [ -62.922441104553748, -21.589615130025351 ], [ -62.922373678297646, -21.589750084363068 ], [ -62.922296661108199, -21.589893967109301 ], [ -62.922238380503607, -21.590020977557174 ], [ -62.922160355447886, -21.590157638081099 ], [ -62.922092948964973, -21.590283565426407 ], [ -62.922026794648417, -21.590407152357781 ], [ -62.921979058278808, -21.59054086891021 ], [ -62.921920690055387, -21.590677143692787 ], [ -62.921862833408213, -21.590821216808603 ], [ -62.921803901925749, -21.590967969180184 ], [ -62.921725959052878, -21.591113578697126 ], [ -62.92165825772318, -21.591258106986352 ], [ -62.921580895731147, -21.591402630694905 ], [ -62.921512938790485, -21.591547703609887 ], [ -62.921435581374233, -21.591683192239515 ], [ -62.921368631948141, -21.591826115233633 ], [ -62.921300177470883, -21.591972248528201 ], [ -62.921222544042237, -21.592108220293266 ], [ -62.921155966548731, -21.592241473201415 ], [ -62.92109792961427, -21.59237697081031 ], [ -62.921029657507852, -21.592513611890901 ], [ -62.92096168314297, -21.592649657675345 ], [ -62.920894597456154, -21.592774982009558 ], [ -62.920837088205168, -21.592909246490052 ], [ -62.920778823491204, -21.593036214821211 ], [ -62.92072023079082, -21.593163896739046 ], [ -62.920651901998852, -21.59329154237108 ], [ -62.920583608867688, -21.593419121130772 ], [ -62.92050696037996, -21.593544419952572 ], [ -62.920450016344667, -21.593668508428511 ], [ -62.920391983120595, -21.593794970761333 ], [ -62.920334539800713, -21.59392014857637 ], [ -62.920286670155328, -21.594045299331622 ], [ -62.920238100955643, -21.594172279324344 ], [ -62.920188957194135, -21.594291596437735 ], [ -62.920130266921902, -21.594410361433216 ], [ -62.920071268033006, -21.594529751480174 ], [ -62.920002832986064, -21.594639340314544 ], [ -62.919935881988195, -21.594755482017913 ], [ -62.919869149359585, -21.594880140192423 ], [ -62.91981137339652, -21.595006041352008 ], [ -62.919743922849158, -21.595141035170425 ], [ -62.919685883437097, -21.595276532232266 ], [ -62.91961733203442, -21.595413725486544 ], [ -62.91953996579749, -21.59555824816157 ], [ -62.919472789412097, -21.595692692664183 ], [ -62.919404821586106, -21.595837779083965 ], [ -62.919327454911723, -21.595982301651482 ], [ -62.919260011042773, -21.596126269726977 ], [ -62.919191785735727, -21.596262809717409 ], [ -62.919115025954795, -21.596406198579515 ], [ -62.919057446871349, -21.596540619553721 ], [ -62.918989195800179, -21.596686308283797 ], [ -62.918921821080751, -21.596821147276188 ], [ -62.918863997882852, -21.59695613545507 ], [ -62.918796290979152, -21.597100662461827 ], [ -62.918737788472299, -21.597237234999547 ], [ -62.918669192002426, -21.597365372022626 ], [ -62.918601210489335, -21.597492360063757 ], [ -62.918524154709417, -21.597627308889873 ], [ -62.918456997704681, -21.59776170868215 ], [ -62.918389542683286, -21.597896705512223 ], [ -62.918321834868451, -21.598041232306773 ], [ -62.918254131992406, -21.598176724073152 ], [ -62.918186423912054, -21.598321250806926 ], [ -62.918118473179042, -21.598457237509038 ], [ -62.918050493303156, -21.598593281990478 ], [ -62.917982795007035, -21.598719738638817 ], [ -62.917915693091736, -21.598854027992502 ], [ -62.917858189532126, -21.598979325001814 ], [ -62.917800894607652, -21.599113077044343 ], [ -62.917752082242281, -21.599249783184018 ], [ -62.91768399912749, -21.599386034351401 ], [ -62.917626427943929, -21.599529377744407 ], [ -62.917567441598109, -21.599667074443239 ], [ -62.917499135021544, -21.599794664467094 ], [ -62.917431430559482, -21.599930155865266 ], [ -62.917364338461361, -21.600055478647114 ], [ -62.917306294861525, -21.600190974786091 ], [ -62.917237695732354, -21.600319111165337 ], [ -62.91716999592316, -21.600445567452038 ], [ -62.917102588073654, -21.600571477237064 ], [ -62.917034573368674, -21.600707589008952 ], [ -62.916967242941389, -21.600824378847037 ], [ -62.916909492083661, -21.600950209339562 ], [ -62.916841791694274, -21.601076665481337 ], [ -62.916783464100099, -21.601203756923116 ], [ -62.916716201904372, -21.601320425616656 ], [ -62.916668092850131, -21.601437215906827 ], [ -62.916599685999749, -21.601564990697241 ], [ -62.916541967732606, -21.601681776131105 ], [ -62.916483933083214, -21.601799201965495 ], [ -62.916425898339902, -21.60191662777769 ], [ -62.916367239627888, -21.602035315443068 ], [ -62.916299185632681, -21.602153357779358 ], [ -62.916241482700137, -21.602261137023731 ], [ -62.916183791286876, -21.602368896375239 ], [ -62.916125756072937, -21.602486322073233 ], [ -62.916067387466981, -21.602595344132006 ], [ -62.916010401826064, -21.602701784665086 ], [ -62.915962299485464, -21.602818555758979 ], [ -62.915903602306855, -21.602937319120578 ], [ -62.915845845210789, -21.603054180165056 ], [ -62.915788066373025, -21.603180069846502 ], [ -62.915729176913764, -21.603308380321739 ], [ -62.915661912895537, -21.603425048553813 ], [ -62.915613240180491, -21.603543201600239 ], [ -62.915544369125172, -21.603653475804329 ], [ -62.91548737301386, -21.603759933303792 ], [ -62.915429336680006, -21.603877358735645 ], [ -62.91537058108387, -21.603987101324634 ], [ -62.915312555080334, -21.604086456730695 ], [ -62.915255310061212, -21.604193378416152 ], [ -62.915206588344866, -21.604293473065514 ], [ -62.915149780659, -21.604390741044444 ], [ -62.915111631204205, -21.604497574834049 ], [ -62.915062995376921, -21.604597491491617 ], [ -62.915023985008681, -21.604697644345183 ], [ -62.914975280855465, -21.604788612682885 ], [ -62.9149365823842, -21.604878942828986 ], [ -62.914887071470936, -21.604971417762876 ], [ -62.914800028704143, -21.605124968084468 ], [ -62.914723948547071, -21.605267068509509 ], [ -62.914676569963106, -21.605382075931097 ], [ -62.914636771486762, -21.605484252117105 ], [ -62.91457793683891, -21.605584988281443 ], [ -62.914540542352718, -21.60566355453258 ], [ -62.914491459675446, -21.605782699046003 ], [ -62.914432907204848, -21.605882952831337 ], [ -62.914364328831923, -21.606029320546831 ], [ -62.914305140990137, -21.606112246651087 ], [ -62.914248140496575, -21.606209843071685 ], [ -62.914190112836117, -21.606309198054376 ], [ -62.914131752403968, -21.606409122048088 ], [ -62.914064123480692, -21.606517401309866 ], [ -62.91399716225402, -21.606633540425655 ], [ -62.913938504082466, -21.606743097299656 ], [ -62.913860757323363, -21.606861095599687 ], [ -62.913793056873281, -21.606978515406539 ], [ -62.913714963673485, -21.607097040194859 ], [ -62.913637900232295, -21.607214001522294 ], [ -62.91357060033981, -21.60732175219481 ], [ -62.913492950085129, -21.607448664283751 ], [ -62.913415474322377, -21.607566250509052 ], [ -62.913348481633903, -21.607673508839223 ], [ -62.913280509585505, -21.60779139810181 ], [ -62.913203146611281, -21.607908812616419 ], [ -62.913135715946886, -21.608025762459484 ], [ -62.913066873764826, -21.608135982276274 ], [ -62.912988711315002, -21.608245487942241 ], [ -62.912912157794764, -21.608352741085795 ], [ -62.912845976729741, -21.608458699491475 ], [ -62.912787941795074, -21.608567088937299 ], [ -62.912720245101887, -21.608675473292944 ], [ -62.912662906409103, -21.608782561115351 ], [ -62.912604871208181, -21.608890950492206 ], [ -62.912546835920594, -21.608999339847106 ], [ -62.912488800546299, -21.609107729180078 ], [ -62.912431103625153, -21.609215487123674 ], [ -62.912372408707505, -21.609334233774799 ], [ -62.912303257785844, -21.609444945499099 ], [ -62.912226325415922, -21.609561702914867 ], [ -62.912159632127043, -21.609677371562618 ], [ -62.912092250464795, -21.609803214116365 ], [ -62.912024541748437, -21.609929668136211 ], [ -62.911956233206162, -21.610057243050573 ], [ -62.911878196125379, -21.610184780255867 ], [ -62.911800825264194, -21.610311229059565 ], [ -62.911723756982077, -21.610437183771818 ], [ -62.911656053135481, -21.610554602647227 ], [ -62.911579045528882, -21.610680457031901 ], [ -62.911511335955986, -21.610806910826657 ], [ -62.911433600797174, -21.610933953756511 ], [ -62.911366532905156, -21.611050268769159 ], [ -62.911298822974501, -21.61117672247056 ], [ -62.911231118439083, -21.611294141160261 ], [ -62.911163408276593, -21.611420594802073 ], [ -62.911095703517837, -21.611538013432451 ], [ -62.91102762361789, -21.611665157089828 ], [ -62.910959924165397, -21.611773540679483 ], [ -62.910893248548938, -21.611898061269855 ], [ -62.910834897612766, -21.612016106403065 ], [ -62.910767508590311, -21.612132977539122 ], [ -62.9107094595416, -21.612259436163122 ], [ -62.910641437743031, -21.612377401944439 ], [ -62.910583394040337, -21.61249482553966 ], [ -62.910514983202901, -21.612613467776416 ], [ -62.910447624597431, -21.612730283675941 ], [ -62.91038958616263, -21.61283867221756 ], [ -62.910321532880197, -21.612956692954743 ], [ -62.910254173959679, -21.61307350877 ], [ -62.91019511569602, -21.613183800359128 ], [ -62.91011734581339, -21.613292749156127 ], [ -62.910050327039819, -21.613408974179155 ], [ -62.909981922919854, -21.613518483624851 ], [ -62.909904986523834, -21.613635239896208 ], [ -62.909837942272809, -21.613751509989036 ], [ -62.909770940474282, -21.613867704182088 ], [ -62.909713798071422, -21.613983301064668 ], [ -62.909655161049486, -21.614111038322079 ], [ -62.909587137525733, -21.614229003640059 ], [ -62.909529092228617, -21.614346426835763 ], [ -62.909459600205338, -21.614466940067054 ], [ -62.909381777829879, -21.61457595984751 ], [ -62.90931407579032, -21.614684342720505 ], [ -62.909237169955702, -21.614792078155244 ], [ -62.909170541522798, -21.614907624484747 ], [ -62.909102833524251, -21.615025042243623 ], [ -62.909035472662431, -21.615141857529615 ], [ -62.908967758790304, -21.6152683102064 ], [ -62.908899703211851, -21.615386330319442 ], [ -62.908831994770701, -21.615503747959778 ], [ -62.908764286219949, -21.615621165570506 ], [ -62.908697282698178, -21.615737359298965 ], [ -62.908638889731698, -21.615855483082381 ], [ -62.908571186540321, -21.615963865632317 ], [ -62.908513486072842, -21.616080587519836 ], [ -62.908445071852157, -21.616199228842433 ], [ -62.908377362663614, -21.616316646283593 ], [ -62.908310358510647, -21.616432839844258 ], [ -62.908252311297794, -21.616550262556604 ], [ -62.908184243895477, -21.616668301322179 ], [ -62.90811685553772, -21.616794142136715 ], [ -62.908048813123557, -21.616921205896162 ], [ -62.90798046680419, -21.617039726885682 ], [ -62.907903088891629, -21.617166173747815 ], [ -62.907835005440525, -21.617284237649073 ], [ -62.907757633001566, -21.617401649464583 ], [ -62.907690585288975, -21.617517918627108 ], [ -62.907623222132393, -21.617634733298079 ], [ -62.907555505865183, -21.61776118535359 ], [ -62.907486785371418, -21.617880352822276 ], [ -62.907409797263611, -21.617997181020041 ], [ -62.90734270556932, -21.618122466011076 ], [ -62.907274647329785, -21.618240485409324 ], [ -62.907207283502693, -21.618357299899294 ], [ -62.907139566535463, -21.618483751771993 ], [ -62.907071855223855, -21.61860116864197 ], [ -62.907004138024639, -21.618727620454962 ], [ -62.906936079225673, -21.618845639704091 ], [ -62.906868367580394, -21.618963056484876 ], [ -62.906800655825485, -21.619080473236036 ], [ -62.90673294396094, -21.619197889957594 ], [ -62.906665231986807, -21.619315306649547 ], [ -62.906598225077232, -21.619431499468778 ], [ -62.906539828913182, -21.619549622451444 ], [ -62.90647137185465, -21.619659205316644 ], [ -62.906403659453368, -21.61977662189404 ], [ -62.906335886989801, -21.619885109142711 ], [ -62.906277848442954, -21.619984461164304 ], [ -62.906210141560898, -21.620092842686194 ], [ -62.906153647642505, -21.620189550995615 ], [ -62.906105598326199, -21.620297197274667 ], [ -62.906046807744282, -21.620406976048535 ], [ -62.905988762948944, -21.620515362932064 ], [ -62.905930021527119, -21.620625051339303 ], [ -62.905860798405719, -21.620735858645123 ], [ -62.905783886800663, -21.620843592384166 ], [ -62.905717252837221, -21.620959137226524 ], [ -62.905649147447249, -21.62107723177833 ], [ -62.90558252678052, -21.621183873507945 ], [ -62.90552479567382, -21.62130962019237 ], [ -62.905455397592625, -21.621429955501217 ], [ -62.905378405965436, -21.621546782696104 ], [ -62.905311310873813, -21.621672066801931 ], [ -62.905243596593571, -21.621789482871804 ], [ -62.905175876311141, -21.621915933880793 ], [ -62.905108519727683, -21.622032728489433 ], [ -62.905050467679793, -21.622150149987853 ], [ -62.904982047763447, -21.622268789778861 ], [ -62.904914680218688, -21.622385603270207 ], [ -62.904846959370921, -21.622512054134159 ], [ -62.904778505260936, -21.622630750736 ], [ -62.904710380094293, -21.622739798146927 ], [ -62.90464326272825, -21.622847231556804 ], [ -62.904518399157652, -21.623071419629788 ], [ -62.904402148190471, -21.6232975207392 ], [ -62.90433424764732, -21.623415257045576 ], [ -62.904276527367955, -21.623523031803845 ], [ -62.904217364523397, -21.623633501744525 ], [ -62.904149265736883, -21.623733425412226 ], [ -62.904082732651716, -21.623848790717144 ], [ -62.904024315439948, -21.623957866918236 ], [ -62.903956986132648, -21.624065636914111 ], [ -62.903898932337732, -21.624183057975415 ], [ -62.903831221718008, -21.624291438460379 ], [ -62.903773514119997, -21.624408158560776 ], [ -62.903705439384275, -21.624526195355088 ], [ -62.903647391189409, -21.624634581355245 ], [ -62.903578935095361, -21.624753277425675 ], [ -62.903511974596796, -21.624860456555773 ], [ -62.903454266515126, -21.62497717653558 ], [ -62.903385843958702, -21.625095815619794 ], [ -62.90331773472694, -21.625213909143927 ], [ -62.903250023191504, -21.625322289375376 ], [ -62.903182305537371, -21.625439704541904 ], [ -62.903114593795301, -21.625548084714492 ], [ -62.903046875926059, -21.625665499821878 ], [ -62.902979533490907, -21.625773289264355 ], [ -62.90292148425393, -21.625881674990953 ], [ -62.902854153233825, -21.625989444508988 ], [ -62.90279706826928, -21.626104902420952 ], [ -62.902738388620342, -21.626223584861791 ], [ -62.902670670130867, -21.626340999804103 ], [ -62.902613238481791, -21.626457158557642 ], [ -62.902554212139272, -21.626576541837867 ], [ -62.902485332801774, -21.626686789482967 ], [ -62.902418405425955, -21.626793912145072 ], [ -62.90236072494627, -21.626901607605021 ], [ -62.902292266728324, -21.627020303105439 ], [ -62.902224923102928, -21.627128092220282 ], [ -62.902167183329205, -21.627235896896067 ], [ -62.902109500793934, -21.627334627767866 ], [ -62.902051444192587, -21.627452048127545 ], [ -62.901992291997175, -21.627553295231099 ], [ -62.901925013680469, -21.627660978545446 ], [ -62.901867659509342, -21.627768062346217 ], [ -62.901808493096304, -21.6278785313601 ], [ -62.901740785296305, -21.627977875972086 ], [ -62.901683153185367, -21.628085479050466 ], [ -62.901615003782155, -21.628194554907402 ], [ -62.901557291466162, -21.628293336151984 ], [ -62.901499246279336, -21.628392686380657 ], [ -62.901441614102751, -21.62849132849129 ], [ -62.901383562627046, -21.628599713637097 ], [ -62.901325104107485, -21.628699771896564 ], [ -62.901267058598769, -21.628799122038096 ], [ -62.901209013010458, -21.628898472157886 ], [ -62.90115138043528, -21.628997114160395 ], [ -62.901092599019954, -21.629106862138663 ], [ -62.901023550487118, -21.629208171650845 ], [ -62.900956786553294, -21.629306128715498 ], [ -62.900890248370054, -21.629421492646497 ], [ -62.900832523138078, -21.629529266112801 ], [ -62.900773774161863, -21.629638952551453 ], [ -62.900704802051621, -21.629749342106411 ], [ -62.900637930284475, -21.629847457986077 ], [ -62.900581393807251, -21.629953011275223 ], [ -62.900532653305213, -21.63005310124904 ], [ -62.900474606711462, -21.630152451093601 ], [ -62.900426950830678, -21.630250310950743 ], [ -62.90037742727398, -21.630352008628989 ], [ -62.900318925227836, -21.630443041459518 ], [ -62.900270547652909, -21.630533362062874 ], [ -62.900211965177526, -21.63062451858405 ], [ -62.900163985490835, -21.630705146686061 ], [ -62.900116123778922, -21.630785574268003 ], [ -62.900069753643805, -21.630872146505602 ], [ -62.900040374259746, -21.630954381323356 ], [ -62.899989819058476, -21.631039335568953 ], [ -62.899941447300016, -21.631120621111165 ], [ -62.899893585327405, -21.631201048624014 ], [ -62.899845207234257, -21.631291369093375 ], [ -62.899796835310589, -21.631372654590411 ], [ -62.899748541277354, -21.631462818775226 ], [ -62.899690923134052, -21.63156143404186 ], [ -62.899642538554779, -21.631660789404073 ], [ -62.899583315237443, -21.631762150289422 ], [ -62.899516033178074, -21.631869832560124 ], [ -62.899458289499862, -21.631977636218767 ], [ -62.89939880083665, -21.632079452235153 ], [ -62.899322321422581, -21.632186562363991 ], [ -62.899264870257781, -21.632302747859733 ], [ -62.899196401680257, -21.632412327518441 ], [ -62.899129069262834, -21.632529062620993 ], [ -62.899060953070162, -21.632647154269208 ], [ -62.89899360442827, -21.632754941982988 ], [ -62.898926908884704, -21.632879457387958 ], [ -62.898868539757046, -21.632997497957483 ], [ -62.898800456993008, -21.633115532591031 ], [ -62.898732452936592, -21.633242490167632 ], [ -62.898654741962702, -21.633369448120547 ], [ -62.898578280352865, -21.633503281496832 ], [ -62.898510243456414, -21.633639362456041 ], [ -62.898432207982601, -21.633766850451426 ], [ -62.89835543828648, -21.633901222012661 ], [ -62.89828739089625, -21.634028259777349 ], [ -62.898209995464441, -21.634154701804704 ], [ -62.89814226326704, -21.634281149715584 ], [ -62.898064867573545, -21.63440759167052 ], [ -62.897997135131234, -21.634534039517465 ], [ -62.897919739176068, -21.634660481399958 ], [ -62.89785200648884, -21.634786929182951 ], [ -62.897773553812691, -21.634915096923429 ], [ -62.897696868070028, -21.6350314353401 ], [ -62.897629760094738, -21.635156716093835 ], [ -62.897561685950237, -21.635274731214562 ], [ -62.897494664366292, -21.635390920086387 ], [ -62.897436600795871, -21.635508338693732 ], [ -62.897367776492324, -21.635627653396174 ], [ -62.897300055643974, -21.635736031032685 ], [ -62.897233067499251, -21.635852162891617 ], [ -62.897174640292619, -21.6359612364901 ], [ -62.897108098461089, -21.636067725563343 ], [ -62.897059995949419, -21.636184427397485 ], [ -62.896990150260002, -21.636305511246817 ], [ -62.896912326465717, -21.636423574248521 ], [ -62.89684530824254, -21.636530825463982 ], [ -62.896777972017063, -21.63664755954138 ], [ -62.896710243827521, -21.636764971870985 ], [ -62.896641852758613, -21.6368835321014 ], [ -62.896564460798601, -21.637000938357424 ], [ -62.896497742393763, -21.637116600248696 ], [ -62.896430007316837, -21.637243047405438 ], [ -62.896361641916165, -21.637361563256938 ], [ -62.896284606798808, -21.637487410050309 ], [ -62.896217763536946, -21.637612189817855 ], [ -62.896150021525216, -21.637747671800163 ], [ -62.896081393671835, -21.637875786097673 ], [ -62.896003327657517, -21.638003315318269 ], [ -62.895926594713181, -21.638128667910983 ], [ -62.895858506436554, -21.638255772339505 ], [ -62.895781113109038, -21.638373178205928 ], [ -62.895714328998999, -21.638497846662087 ], [ -62.895646265521108, -21.638624904934098 ], [ -62.895578188131111, -21.638742919180299 ], [ -62.895510805348863, -21.638859728570711 ], [ -62.895443068595036, -21.638986175292004 ], [ -62.895374990869684, -21.639104189448478 ], [ -62.895306868525715, -21.639222279440514 ], [ -62.8952387284357, -21.639331322694726 ], [ -62.895171420284676, -21.639439032885218 ], [ -62.895105103126703, -21.639553995123901 ], [ -62.895047615967833, -21.639679168791329 ], [ -62.894989269969919, -21.639797150976765 ], [ -62.89493088613338, -21.639915209009349 ], [ -62.894861857490227, -21.640044065182277 ], [ -62.894784077359517, -21.640162053966229 ], [ -62.894717054188312, -21.640278238019597 ], [ -62.894639990216938, -21.640413109893128 ], [ -62.894571936508527, -21.640540146011954 ], [ -62.894493241738665, -21.640668697733851 ], [ -62.894406175646985, -21.640795131725636 ], [ -62.894328362013098, -21.640922242850039 ], [ -62.894239421709607, -21.641042178525829 ], [ -62.894140686074181, -21.641162013045154 ], [ -62.894032894858022, -21.641271800286898 ], [ -62.893926513515915, -21.641380151799904 ], [ -62.893819422159545, -21.64148922648852 ], [ -62.893702632985814, -21.641598265087527 ], [ -62.893586587296092, -21.641706610194515 ], [ -62.893480211928427, -21.641805926469551 ], [ -62.893373093719624, -21.641905936985616 ], [ -62.893257054178228, -21.642005246912856 ], [ -62.893232656415137, -21.642028025508523 ], [ -62.893149870876869, -21.642105316870435 ], [ -62.893033837677599, -21.642195591694765 ], [ -62.892928269065813, -21.642294153709283 ], [ -62.89281222891033, -21.642393463318736 ], [ -62.89270659521209, -21.642492084777711 ], [ -62.892599405369253, -21.642592160692018 ], [ -62.892493035365824, -21.642682441376401 ], [ -62.892388286102438, -21.642780237406196 ], [ -62.89229157306881, -21.642879559159173 ], [ -62.892184381688331, -21.642979633894644 ], [ -62.892087675095482, -21.643069920583315 ], [ -62.891980484399724, -21.643169996087927 ], [ -62.891873172690147, -21.643261074443458 ], [ -62.891776382517506, -21.643342401839615 ], [ -62.891680627897927, -21.643422858884495 ], [ -62.891584819107976, -21.643512305608887 ], [ -62.891488111787794, -21.643602591939782 ], [ -62.891391404347388, -21.643692878212963 ], [ -62.891284212712144, -21.643792953256948 ], [ -62.891177063531202, -21.643883893024615 ], [ -62.891061868987542, -21.643982475528276 ], [ -62.890955419629918, -21.644081856054505 ], [ -62.890849047514095, -21.64417213566151 ], [ -62.890733810956895, -21.644279718517176 ], [ -62.890626689032658, -21.644379727217558 ], [ -62.890509871047847, -21.644479697835724 ], [ -62.89039460208442, -21.644578343061983 ], [ -62.890287414912123, -21.64467841112603 ], [ -62.890170569488347, -21.644769312205263 ], [ -62.890055293295134, -21.644867963510734 ], [ -62.889948920044375, -21.644958242528137 ], [ -62.88983287572421, -21.645057550007607 ], [ -62.889726428702005, -21.645147891171707 ], [ -62.88962005504191, -21.645238169973794 ], [ -62.889513681249639, -21.645328448706216 ], [ -62.889407307325158, -21.645418727368998 ], [ -62.889301784261434, -21.645508283733673 ], [ -62.889205887526018, -21.645597808502668 ], [ -62.88910999163808, -21.645687334118975 ], [ -62.889013274426013, -21.645786653911451 ], [ -62.888916649098178, -21.645876859257168 ], [ -62.88882875060137, -21.645968033509735 ], [ -62.888731101091899, -21.646050078602855 ], [ -62.888634390307978, -21.646140363230565 ], [ -62.888537686338815, -21.646221612862867 ], [ -62.888451544874158, -21.6463020292801 ], [ -62.88836450486658, -21.646383285297432 ], [ -62.888276566313102, -21.646465380913344 ], [ -62.888178805914777, -21.64654751775646 ], [ -62.888092722202146, -21.646618949675883 ], [ -62.888006686637489, -21.646699267447353 ], [ -62.887918747690414, -21.646781362869071 ], [ -62.887822042894229, -21.646862612075001 ], [ -62.887726229458735, -21.646952056517637 ], [ -62.887628618993588, -21.647043180187147 ], [ -62.8875328596381, -21.647123633882142 ], [ -62.887445892865394, -21.647213840372075 ], [ -62.887338574357621, -21.647304917536051 ], [ -62.887241861872269, -21.647395201332206 ], [ -62.887134634006884, -21.647486200722511 ], [ -62.887029108039918, -21.647575755608962 ], [ -62.886932310074464, -21.647666118669942 ], [ -62.886835604137481, -21.647747367288115 ], [ -62.886739789510663, -21.647836811147137 ], [ -62.88664217783181, -21.647927934222132 ], [ -62.886544615707557, -21.648009901264142 ], [ -62.886439178933585, -21.648099379934891 ], [ -62.886342380251989, -21.648189742643364 ], [ -62.886245673636395, -21.648270990910039 ], [ -62.886158631214428, -21.648352245741965 ], [ -62.886061924387882, -21.648433493899173 ], [ -62.885975780240194, -21.648513908999689 ], [ -62.88588873752159, -21.648595163686529 ], [ -62.885801694705577, -21.648676418326524 ], [ -62.885714651792135, -21.648757672919711 ], [ -62.885625715111118, -21.648840695203319 ], [ -62.885526924121997, -21.648914469712842 ], [ -62.885432314361623, -21.648985120957466 ], [ -62.885347164732977, -21.649064607618346 ], [ -62.885260121332571, -21.64914586196744 ], [ -62.8851730778347, -21.649227116269692 ], [ -62.885087039109941, -21.649307432490144 ], [ -62.885007654695322, -21.649390799852341 ], [ -62.884920625231835, -21.649453984152697 ], [ -62.884843245739383, -21.64953524497205 ], [ -62.884755087633778, -21.649599247870494 ], [ -62.88467984385926, -21.649669486565884 ], [ -62.884600342584648, -21.649743699448326 ], [ -62.884512040161944, -21.649807807823819 ], [ -62.884436210341519, -21.649869744698371 ], [ -62.884310896773236, -21.649977722553114 ], [ -62.884195557341961, -21.650076416638868 ], [ -62.884099583838918, -21.650166004290064 ], [ -62.883993195787177, -21.650265314335304 ], [ -62.88388680758991, -21.650364624310612 ], [ -62.883770115044037, -21.650473553731423 ], [ -62.883634718711903, -21.650590913115224 ], [ -62.883557977670108, -21.650662547042423 ], [ -62.883480604021976, -21.650734772277847 ], [ -62.883394458045167, -21.650815186909298 ], [ -62.883306453462701, -21.650906461989354 ], [ -62.883218462496998, -21.650979470197566 ], [ -62.883131523145948, -21.651060624996159 ], [ -62.883032823490325, -21.651143542314976 ], [ -62.882936120341959, -21.65121575367878 ], [ -62.882841399142634, -21.651295328952045 ], [ -62.882755251513558, -21.651375742339326 ], [ -62.882658533467144, -21.651466023398335 ], [ -62.882561815300456, -21.651556304399509 ], [ -62.882465911381175, -21.651645826081023 ], [ -62.882368328663922, -21.651746021292457 ], [ -62.882269905667826, -21.651828705242288 ], [ -62.882164463487797, -21.651918181134661 ], [ -62.88206685296494, -21.652009294228343 ], [ -62.88196146422964, -21.652089778460208 ], [ -62.88187602704793, -21.652178389280881 ], [ -62.881779307920077, -21.652268669814319 ], [ -62.88169225323886, -21.652358957173753 ], [ -62.881604306328242, -21.652441048261675 ], [ -62.881517258808948, -21.652522300598026 ], [ -62.881430211192217, -21.652603552887509 ], [ -62.881342158559974, -21.652685743141866 ], [ -62.881254056244131, -21.652758841459292 ], [ -62.881168077629127, -21.652830177629326 ], [ -62.881089577749975, -21.652903450776758 ], [ -62.881000168468034, -21.652968358757548 ], [ -62.880915511130695, -21.65302981513782 ], [ -62.880848797353956, -21.653092087552452 ], [ -62.880770216693975, -21.653156265924061 ], [ -62.880694059547046, -21.653218465541197 ], [ -62.880627493572618, -21.653280597929538 ], [ -62.880501756719063, -21.653397961642117 ], [ -62.880396178226981, -21.653496510071133 ], [ -62.880298741798264, -21.653596551449112 ], [ -62.880181834820171, -21.65369657872381 ], [ -62.880066512194453, -21.653804219892187 ], [ -62.879968785922792, -21.65389543734738 ], [ -62.879882807937946, -21.653966771030799 ], [ -62.879806369247667, -21.654047036277646 ], [ -62.879746647505762, -21.654102780138832 ], [ -62.87961973484969, -21.654212127427538 ], [ -62.879542022486476, -21.654275594785183 ], [ -62.879457045052732, -21.654346098658696 ], [ -62.87936049731983, -21.654445224877751 ], [ -62.87925325834248, -21.654536220863921 ], [ -62.879158163850484, -21.654624980435287 ], [ -62.879060658100471, -21.654725089682152 ], [ -62.878953418728457, -21.654816085469825 ], [ -62.878847023748797, -21.654915392131798 ], [ -62.878741488240614, -21.655004939819491 ], [ -62.878644757726228, -21.655104253404133 ], [ -62.878537517813527, -21.655195248916581 ], [ -62.878430385239952, -21.655295243227169 ], [ -62.878314332357974, -21.655385507539989 ], [ -62.878207936523758, -21.655484813781769 ], [ -62.878090197679057, -21.655576388570182 ], [ -62.877974945128706, -21.655666030721871 ], [ -62.877868556459312, -21.655756301817043 ], [ -62.877750750450161, -21.655847927809837 ], [ -62.877635538886821, -21.655928572769088 ], [ -62.877530838499744, -21.656017411044107 ], [ -62.877425300411076, -21.656106959682308 ], [ -62.877327684097487, -21.656198069918126 ], [ -62.877222289696753, -21.656278551076056 ], [ -62.877136847155761, -21.656367159389411 ], [ -62.877039222748877, -21.656458275769864 ], [ -62.876953069807804, -21.656538686972937 ], [ -62.876867800103312, -21.656627114573322 ], [ -62.876791282079886, -21.656716382545277 ], [ -62.876716106776534, -21.656804083917351 ], [ -62.876649680684643, -21.656910341363023 ], [ -62.876584040055469, -21.65700659860256 ], [ -62.876536517423908, -21.657121831790931 ], [ -62.876479182204314, -21.657228814198017 ], [ -62.876441601910514, -21.657342666985127 ], [ -62.876402842295306, -21.657460092197972 ], [ -62.876364593277025, -21.657575969193505 ], [ -62.876336294682602, -21.657690191161535 ], [ -62.876316673362112, -21.657808783455334 ], [ -62.876277411529607, -21.65793685682193 ], [ -62.876248206005293, -21.658054733625026 ], [ -62.876209446040534, -21.658172158781021 ], [ -62.87618064289299, -21.658288413195695 ], [ -62.876151555488306, -21.658396810619838 ], [ -62.87612204135678, -21.658515933983068 ], [ -62.876083149370672, -21.658624714386697 ], [ -62.87605438857404, -21.658731895028058 ], [ -62.876024819191215, -21.658832930406369 ], [ -62.875986066555676, -21.658941320577696 ], [ -62.875956814054469, -21.659041271986592 ], [ -62.875917123656386, -21.659143053293882 ], [ -62.87587838631206, -21.659233373596567 ], [ -62.87584012744103, -21.659331481448653 ], [ -62.87581176322427, -21.659410814888599 ], [ -62.875763850455407, -21.65958046126293 ], [ -62.875724805618177, -21.659735028642825 ], [ -62.875676142344993, -21.659880187970746 ], [ -62.875637727526779, -21.660014419084646 ], [ -62.8756089312132, -21.660121731511815 ], [ -62.875579436554752, -21.660249896013692 ], [ -62.875540067023401, -21.66036001036435 ], [ -62.875511296577571, -21.660449397500319 ], [ -62.875472928874345, -21.660574546695859 ], [ -62.875434586563756, -21.660726332660602 ], [ -62.875415847347206, -21.660813555304646 ], [ -62.875405991576628, -21.660914007221361 ], [ -62.875375993556837, -21.661025791883844 ], [ -62.875346904991979, -21.66113418912585 ], [ -62.875317691302122, -21.661243052469235 ], [ -62.875287653654361, -21.66134568199389 ], [ -62.875237740403449, -21.661457411009081 ], [ -62.875188638717532, -21.661558174932136 ], [ -62.875129037378613, -21.66166938163823 ], [ -62.875059383253529, -21.661771517826853 ], [ -62.874989998293081, -21.661864017539397 ], [ -62.87490024883337, -21.661966389698716 ], [ -62.874800913891477, -21.662059097152628 ], [ -62.874701639065947, -21.662142481455298 ], [ -62.874582784476814, -21.662225670211011 ], [ -62.874465622349391, -21.662298555831917 ], [ -62.874348845953797, -21.662371203139013 ], [ -62.874223496952958, -21.662443179802743 ], [ -62.874099604150771, -21.662523218431431 ], [ -62.873983211176359, -21.662604682948047 ], [ -62.873866401415505, -21.662677348859198 ], [ -62.873741030533317, -21.662758342891753 ], [ -62.873616066648786, -21.662839073318406 ], [ -62.8734989690888, -21.662921030260701 ], [ -62.873373257530822, -21.662993213801055 ], [ -62.873257907295638, -21.663073946768112 ], [ -62.873141860768115, -21.663146137508171 ], [ -62.873026879723923, -21.663226611292099 ], [ -62.87290975153882, -21.663308588569254 ], [ -62.872793408731383, -21.66338096314788 ], [ -62.872687027030679, -21.663453160969702 ], [ -62.872572125883529, -21.663524637521974 ], [ -62.872466501065809, -21.663605286141479 ], [ -62.872357791204749, -21.663679063975142 ], [ -62.872252581338955, -21.663741535420975 ], [ -62.87214735466673, -21.663821878760015 ], [ -62.872039859174855, -21.663894832429268 ], [ -62.871934589872183, -21.663966273492505 ], [ -62.871828199334466, -21.664047505667487 ], [ -62.871718731567341, -21.664121796577891 ], [ -62.871602691434909, -21.664184951312787 ], [ -62.871497065806871, -21.664256634858113 ], [ -62.871388635858615, -21.664321016852337 ], [ -62.871272595423981, -21.664384171353518 ], [ -62.871168275232286, -21.664446113346436 ], [ -62.871062752683194, -21.664517725315672 ], [ -62.870967983673594, -21.664579627616483 ], [ -62.870884090000978, -21.664649218000406 ], [ -62.870797029149713, -21.66473046453439 ], [ -62.870708914206944, -21.664803557090881 ], [ -62.870621720002831, -21.664875885963077 ], [ -62.870544340395085, -21.664939070069913 ], [ -62.87045728724739, -21.665011281509926 ], [ -62.87037976531024, -21.665074581977859 ], [ -62.870302385491271, -21.665137765969359 ], [ -62.870228490603338, -21.665198103938611 ], [ -62.870163604592406, -21.665275953168088 ], [ -62.870096620792957, -21.665356317857725 ], [ -62.870028881849414, -21.665446614012179 ], [ -62.869961488607608, -21.665527469823907 ], [ -62.869904098544239, -21.665607793157928 ], [ -62.869836359362992, -21.665698089229934 ], [ -62.869779685306533, -21.665777410204345 ], [ -62.869732236556224, -21.665857088951938 ], [ -62.869682230277981, -21.665941061780178 ], [ -62.869622995876973, -21.66601476006695 ], [ -62.869564693797471, -21.66609635829127 ], [ -62.869495877631159, -21.66617892128999 ], [ -62.869427170725949, -21.666261351531681 ], [ -62.869348844818006, -21.666343579923623 ], [ -62.869281121229236, -21.666415805939227 ], [ -62.869203723923214, -21.666497059220706 ], [ -62.869136124995315, -21.666569152460166 ], [ -62.869070259730314, -21.666639396687806 ], [ -62.868965831076544, -21.666781125423242 ], [ -62.868877778569107, -21.666908922536905 ], [ -62.868798642577374, -21.667001228467743 ], [ -62.868711256076573, -21.667100893097409 ], [ -62.868615744754031, -21.667207844232621 ], [ -62.86852980672284, -21.667323668854053 ], [ -62.868460952995882, -21.667415447892971 ], [ -62.868372096290116, -21.667516788955744 ], [ -62.868294697886355, -21.667598041797174 ], [ -62.868208106014883, -21.667696798773381 ], [ -62.868111096167524, -21.667805428008165 ], [ -62.868006907624618, -21.667920326224209 ], [ -62.867930410883474, -21.668036301683095 ], [ -62.867851897160314, -21.668137033600207 ], [ -62.86777427263938, -21.668236624173709 ], [ -62.867715999152672, -21.66830912268049 ], [ -62.867659273865733, -21.66837969615672 ], [ -62.867581443800702, -21.668497690589763 ], [ -62.867502008095407, -21.668590343482744 ], [ -62.867415404446575, -21.668689112668318 ], [ -62.867328927933904, -21.668796699079774 ], [ -62.867241660707478, -21.668905268713836 ], [ -62.867145456752034, -21.669021966183085 ], [ -62.86705835805521, -21.669139350311774 ], [ -62.866960853281284, -21.669257624123322 ], [ -62.866864088598106, -21.669375000398571 ], [ -62.866767323758076, -21.669492376614915 ], [ -62.866670558761214, -21.669609752772416 ], [ -62.866573793607508, -21.669727128871052 ], [ -62.866477768551746, -21.669843607436089 ], [ -62.866390668819314, -21.669960991197549 ], [ -62.86629316294691, -21.670079264599575 ], [ -62.866196577158242, -21.670196421968658 ], [ -62.866110213027667, -21.670303865056958 ], [ -62.866022406239786, -21.670422200325444 ], [ -62.865925060081466, -21.670531200199083 ], [ -62.865838534912299, -21.670638843584879 ], [ -62.865741588410579, -21.670756437676232 ], [ -62.865644821737725, -21.670873813209337 ], [ -62.865548054908011, -21.670991188683583 ], [ -62.865451467908358, -21.671108345599997 ], [ -62.86536380789839, -21.671217399060801 ], [ -62.865267049004949, -21.67132573946159 ], [ -62.865180699961549, -21.671433162181206 ], [ -62.865094157249715, -21.671540825025101 ], [ -62.865007819935698, -21.671657177764267 ], [ -62.864929883100366, -21.671766247024511 ], [ -62.864842533902035, -21.671874911949807 ], [ -62.86475413089245, -21.671994048330767 ], [ -62.864655925280218, -21.672094846647713 ], [ -62.864559715836116, -21.672202569983721 ], [ -62.864454081544615, -21.672319053040216 ], [ -62.864367096483477, -21.672427265353527 ], [ -62.864270924340587, -21.672534946082301 ], [ -62.864183821199497, -21.672652328630136 ], [ -62.864086472158796, -21.672761327381284 ], [ -62.864000672017781, -21.672868064160909 ], [ -62.863912861950233, -21.672986398259948 ], [ -62.863814858375285, -21.673096129039845 ], [ -62.863729967064451, -21.673192938863597 ], [ -62.863652413855831, -21.673310503333671 ], [ -62.863554814329085, -21.673419779830038 ], [ -62.863467710074829, -21.673537161983749 ], [ -62.863370171214626, -21.673646371558867 ], [ -62.863274500001694, -21.673762413002049 ], [ -62.86317821920877, -21.673888170926521 ], [ -62.863081439834303, -21.674014579797927 ], [ -62.862984161875694, -21.674141639615286 ], [ -62.862887390705367, -21.67425901346957 ], [ -62.862790610828931, -21.674385422163102 ], [ -62.862693315804812, -21.674503430620121 ], [ -62.862596544156872, -21.674620804297202 ], [ -62.862500512656517, -21.674737280459144 ], [ -62.862414568168688, -21.674853095439143 ], [ -62.862326797283494, -21.67498046540366 ], [ -62.862228959556241, -21.675099130867387 ], [ -62.862141294702617, -21.675208182548506 ], [ -62.862045119057832, -21.675315861933132 ], [ -62.861958012437981, -21.675433243255295 ], [ -62.861861248179942, -21.675541581587538 ], [ -62.861774680369166, -21.675658237754735 ], [ -62.861676591089228, -21.675777206242351 ], [ -62.861578490069469, -21.675887040372604 ], [ -62.861472059090318, -21.67599537040644 ], [ -62.861376630418626, -21.676102212476913 ], [ -62.861280955984974, -21.676218252719604 ], [ -62.861184173395642, -21.676344660432186 ], [ -62.86108609477786, -21.67646361501329 ], [ -62.860971047768821, -21.676588843611725 ], [ -62.86087425599144, -21.676724286030034 ], [ -62.860756910467423, -21.676852016118762 ], [ -62.860651098528542, -21.676977657902359 ], [ -62.860544648673844, -21.677104057107901 ], [ -62.860438198633261, -21.677230456242299 ], [ -62.860332431624727, -21.67735604364286 ], [ -62.86023564744621, -21.677482450776481 ], [ -62.860129196857621, -21.677608849703972 ], [ -62.860032557508561, -21.677735068006378 ], [ -62.859935781543243, -21.677852440063319 ], [ -62.859840183269299, -21.677977297567704 ], [ -62.859753704359186, -21.678102783419273 ], [ -62.859665480982684, -21.678230801133992 ], [ -62.859567458872405, -21.678349683451241 ], [ -62.859470106297167, -21.678467753134161 ], [ -62.859372617225659, -21.678576897967979 ], [ -62.859266783481267, -21.678693587938241 ], [ -62.85916936945803, -21.6788117332787 ], [ -62.859053090088949, -21.678929259005685 ], [ -62.858948509037695, -21.679053434340055 ], [ -62.85885236614525, -21.67917900092997 ], [ -62.858756032417574, -21.679304814855303 ], [ -62.858658134246589, -21.679441798138129 ], [ -62.858551689655222, -21.679559161117748 ], [ -62.858455382445094, -21.679693919432289 ], [ -62.858347916396347, -21.679821518847742 ], [ -62.8582518122181, -21.679938071892288 ], [ -62.858155522952401, -21.68006382676398 ], [ -62.858058735061235, -21.680190232566712 ], [ -62.857961947000931, -21.680316638310128 ], [ -62.85786466031167, -21.680443694983364 ], [ -62.857767357199748, -21.680561700422874 ], [ -62.857670577507442, -21.68067907109868 ], [ -62.857575043215746, -21.680794931246325 ], [ -62.857487408702326, -21.680922088128586 ], [ -62.85739010518914, -21.681031018686845 ], [ -62.857303697943038, -21.681147445775487 ], [ -62.857216592866138, -21.681255789598293 ], [ -62.857130243422553, -21.681372138038324 ], [ -62.857052295416707, -21.681481203411835 ], [ -62.85696377013133, -21.681591312194328 ], [ -62.856876898937657, -21.68169036364209 ], [ -62.856799468659197, -21.681789680685355 ], [ -62.85670924012868, -21.681892560843444 ], [ -62.856600088782017, -21.681985132948487 ], [ -62.856502209107305, -21.682067315564453 ], [ -62.856401599752644, -21.682142400655955 ], [ -62.856281124348463, -21.68220794660315 ], [ -62.856162406666776, -21.682263297203431 ], [ -62.856022898633832, -21.682319037152364 ], [ -62.855884173836188, -21.682355952557099 ], [ -62.855736966917192, -21.68239250539931 ], [ -62.855579037085349, -21.682420040084057 ], [ -62.855422891382737, -21.682438144646554 ], [ -62.855269671084777, -21.682455910094685 ], [ -62.85511497899725, -21.682482879769633 ], [ -62.854957347247087, -21.682501156065598 ], [ -62.854801178617443, -21.68251014200688 ], [ -62.854646604080365, -21.682519035234684 ], [ -62.854503288275147, -21.682527838807768 ], [ -62.854358271619475, -21.682545781366219 ], [ -62.854213264016103, -21.682554688911797 ], [ -62.854070053240022, -21.68257240873934 ], [ -62.85393470305906, -21.68259035942858 ], [ -62.853789686273565, -21.682608301489193 ], [ -62.853656215461164, -21.682626002436923 ], [ -62.853520856050409, -21.682652987673418 ], [ -62.853383849621586, -21.682671156901648 ], [ -62.853248756432656, -21.682689072924774 ], [ -62.853124725848843, -21.682706795345837 ], [ -62.852989111983099, -21.682733831421075 ], [ -62.852850546949256, -21.682752207533113 ], [ -62.852725131301611, -21.682761112177651 ], [ -62.852599316849194, -21.682779089212719 ], [ -62.852460293245556, -21.68278824628948 ], [ -62.852334760097683, -21.682788134614359 ], [ -62.852210936592179, -21.6827969264472 ], [ -62.85208683175432, -21.682805737813521 ], [ -62.85195359645784, -21.68282340597716 ], [ -62.851839603469607, -21.682841058691952 ], [ -62.851711972504994, -21.682868467666065 ], [ -62.851594474457272, -21.682877513151016 ], [ -62.851478456877281, -21.682895479124017 ], [ -62.851362804293593, -21.682904382441823 ], [ -62.851256632118492, -21.682922327263924 ], [ -62.851149935538913, -21.682931296285201 ], [ -62.85103604582072, -21.682948932276631 ], [ -62.850930043736568, -21.682966847226862 ], [ -62.850824110270658, -21.682984751329041 ], [ -62.850727425706069, -21.683002734156879 ], [ -62.850620656850396, -21.683020778321556 ], [ -62.850514723308073, -21.683038682225611 ], [ -62.850413760374522, -21.68305746060345 ], [ -62.850302641839249, -21.68305736038489 ], [ -62.850186642638256, -21.683057255685036 ], [ -62.850068451053097, -21.683057148922945 ], [ -62.849957796583617, -21.683047646280642 ], [ -62.849851482710562, -21.683029480320716 ], [ -62.849745159498447, -21.683020349176381 ], [ -62.849634068317108, -21.683001366514148 ], [ -62.849435910567486, -21.68294560776992 ], [ -62.849269108770969, -21.682881236307399 ], [ -62.84913153714281, -21.682825982167138 ], [ -62.849004127833325, -21.682761710400893 ], [ -62.848862302966154, -21.682690847101227 ], [ -62.848756608432836, -21.682654815409411 ], [ -62.848658304848286, -21.682608763468764 ], [ -62.848550521167219, -21.682562853699608 ], [ -62.848386007741333, -21.682472202744705 ], [ -62.848220883281691, -21.682399390462511 ], [ -62.848085151776573, -21.682317660387053 ], [ -62.847951443907228, -21.682255021878976 ], [ -62.847847732938632, -21.682202025705834 ], [ -62.847713265349682, -21.68215700073543 ], [ -62.847662885872673, -21.682133398717259 ], [ -62.847589307090765, -21.682133331146762 ], [ -62.847474902946324, -21.682142136230595 ], [ -62.847330559498424, -21.682150996811309 ], [ -62.847158705397099, -21.682168683410772 ], [ -62.846973860101436, -21.682195788471439 ], [ -62.846818231749445, -21.68220473487116 ], [ -62.846655789821888, -21.6822224449975 ], [ -62.846517630561657, -21.682240761985963 ], [ -62.846400053487962, -21.682240653182394 ], [ -62.846277201682227, -21.68224937101542 ], [ -62.846116260064498, -21.682266917567844 ], [ -62.84595043157907, -21.682301198370588 ], [ -62.845858060498429, -21.682344258708124 ], [ -62.845773779274047, -21.682379176137875 ], [ -62.845691047370309, -21.682430615264408 ], [ -62.845550525518568, -21.682526729601008 ], [ -62.845431438209374, -21.682646358116994 ], [ -62.845336586840318, -21.682796724153619 ], [ -62.845280030162364, -21.682875845076058 ], [ -62.845242951135397, -21.682953611746868 ], [ -62.845204197929, -21.683034889612003 ], [ -62.845165206347694, -21.683116665970545 ], [ -62.845077832612994, -21.683288622275402 ], [ -62.845009493438319, -21.683425137982223 ], [ -62.844941816672787, -21.683542329550896 ], [ -62.844894371145259, -21.683639628914076 ], [ -62.844844858923821, -21.683750379280376 ], [ -62.844785902473077, -21.683842011100033 ], [ -62.844738795546434, -21.683929846684212 ], [ -62.844700349884405, -21.684010479616038 ], [ -62.844641762883803, -21.684128809824262 ], [ -62.844563935485873, -21.684273926693969 ], [ -62.844515118690602, -21.684364950826012 ], [ -62.844456265248233, -21.684465556971091 ], [ -62.844389299272116, -21.684572605491869 ], [ -62.844332144603079, -21.684688042145471 ], [ -62.844273701371691, -21.684806081422671 ], [ -62.844205231993811, -21.684933748777613 ], [ -62.844137748533079, -21.685050601363432 ], [ -62.844069676949083, -21.685186577514152 ], [ -62.84399220687272, -21.685312993113094 ], [ -62.843925239415, -21.685446763014152 ], [ -62.843856879720562, -21.685583314320429 ], [ -62.843779675529603, -21.685718281583117 ], [ -62.843711852209552, -21.685862775898141 ], [ -62.843633488428644, -21.685999771230012 ], [ -62.843556615035638, -21.686134159555515 ], [ -62.843489070373984, -21.686269079763587 ], [ -62.843411002375376, -21.686414642139809 ], [ -62.843333829282479, -21.686549554093741 ], [ -62.843266014896237, -21.686685013330191 ], [ -62.843188809562889, -21.686819980293194 ], [ -62.843120985132202, -21.686964474340851 ], [ -62.843042620191703, -21.687101469368503 ], [ -62.842965745661154, -21.687235857395557 ], [ -62.842897930606306, -21.687371316466368 ], [ -62.842819841263776, -21.687507828274555 ], [ -62.842742359041317, -21.687643278116028 ], [ -62.842664876673382, -21.687778727918275 ], [ -62.842588001430116, -21.687913115755041 ], [ -62.842520185701872, -21.688048574656321 ], [ -62.842442702907654, -21.688184024345624 ], [ -62.842374886915451, -21.688319483181495 ], [ -62.842297679873596, -21.688454449692944 ], [ -62.842229853780537, -21.688598943337837 ], [ -62.842152370418006, -21.688734392879105 ], [ -62.842085062434386, -21.688877782888785 ], [ -62.842016997764816, -21.689013736438561 ], [ -62.841949180982141, -21.689149195082123 ], [ -62.84188193954563, -21.689283505909909 ], [ -62.841823045208763, -21.689420707698474 ], [ -62.841744569534598, -21.689548755613227 ], [ -62.84167676211657, -21.689675179260743 ], [ -62.841598970857213, -21.689802109236137 ], [ -62.841521116264687, -21.689938206806644 ], [ -62.841443985359682, -21.690055079704415 ], [ -62.841377130627627, -21.690179725161645 ], [ -62.841309322590909, -21.69030614864565 ], [ -62.841241514435275, -21.690432572099223 ], [ -62.841174045201427, -21.69055836430892 ], [ -62.841115913821213, -21.690675762090628 ], [ -62.84104776628034, -21.690802816670722 ], [ -62.840980594095598, -21.690928052530403 ], [ -62.840922711216926, -21.691053924290301 ], [ -62.840854566916661, -21.691190031736721 ], [ -62.840786748017685, -21.691325489856712 ], [ -62.840718382562699, -21.691462039738251 ], [ -62.840640588234095, -21.6915980266918 ], [ -62.840562848679433, -21.691742963610295 ], [ -62.840475684929494, -21.691887437874367 ], [ -62.840398188199302, -21.692031921391646 ], [ -62.840311345648658, -21.692175862813752 ], [ -62.840244024737778, -21.692310322816098 ], [ -62.840166527548142, -21.692454806214954 ], [ -62.840098707407471, -21.692590264025426 ], [ -62.840030897115881, -21.692716686936336 ], [ -62.839963076724459, -21.692852144685553 ], [ -62.839895312687403, -21.692978482652599 ], [ -62.839837179289304, -21.693095879939637 ], [ -62.839769368530476, -21.693222302733073 ], [ -62.839710926824061, -21.693340321273116 ], [ -62.839642767462863, -21.693458330395064 ], [ -62.839584971102255, -21.693566081372154 ], [ -62.839526847222764, -21.693674443671551 ], [ -62.839468336731258, -21.693783526557709 ], [ -62.839410222692344, -21.693882853945013 ], [ -62.839362172442037, -21.693972435198141 ], [ -62.839313735605799, -21.694062737044675 ], [ -62.839263345731901, -21.6941566798452 ], [ -62.839199605047362, -21.694235936142164 ], [ -62.839117334797521, -21.694303072222802 ], [ -62.839025373424356, -21.694369775119899 ], [ -62.838922567707264, -21.694417690249661 ], [ -62.838821418675337, -21.694455389383645 ], [ -62.838712379608864, -21.694483067429399 ], [ -62.838601902556256, -21.69451111081969 ], [ -62.838534695476106, -21.694527166331131 ], [ -62.838476405608191, -21.694541448822704 ], [ -62.837459902065611, -21.694531764151726 ], [ -62.837456252439964, -21.694441475061989 ], [ -62.837270186796879, -21.689843768345177 ], [ -62.817391303065556, -21.689919649058702 ], [ -62.819185441486034, -21.694295441182827 ], [ -62.819315985939831, -21.69448418635784 ], [ -62.819368209274344, -21.694561509448089 ], [ -62.819293054086081, -21.694622826740645 ], [ -62.819143655047789, -21.694788905479307 ], [ -62.81911215615564, -21.694880762068262 ], [ -62.819063986506663, -21.69523751726803 ], [ -62.819005388473833, -21.695752003527371 ], [ -62.81900524007137, -21.695753169766849 ], [ -62.819004788254503, -21.695755768605249 ], [ -62.818917250489164, -21.696180313631928 ], [ -62.818917181454871, -21.696180629776912 ], [ -62.818916461495085, -21.696183509306501 ], [ -62.818915719022392, -21.696185837684588 ], [ -62.818760483763022, -21.696628375690029 ], [ -62.818760462416542, -21.696628438007274 ], [ -62.818556721724292, -21.697206446670926 ], [ -62.818556565529278, -21.697206883787544 ], [ -62.818555445463979, -21.697209649038051 ], [ -62.818554138910436, -21.697212338191605 ], [ -62.818553375375124, -21.69721372149769 ], [ -62.818392280464522, -21.697493450723016 ], [ -62.818227158493499, -21.697960269356276 ], [ -62.818227017820355, -21.697960662218712 ], [ -62.818226294293247, -21.697962514476462 ], [ -62.818054031258619, -21.698375049030314 ], [ -62.817789787192673, -21.699067370674847 ], [ -62.817667248965996, -21.699470949824651 ], [ -62.817581879832723, -21.699833611107746 ], [ -62.817544589224731, -21.7003640637862 ], [ -62.817544585298442, -21.700364110763161 ], [ -62.817544582315016, -21.700364176714388 ], [ -62.817513326283105, -21.700792411949678 ], [ -62.817513164593706, -21.700794134719892 ], [ -62.817471112731972, -21.701162221100326 ], [ -62.817470965297424, -21.701163371979355 ], [ -62.817470446326773, -21.701166288764835 ], [ -62.817469723415769, -21.701169165572388 ], [ -62.817468803342123, -21.701171994278141 ], [ -62.817468550164278, -21.701172667096579 ], [ -62.817371554150263, -21.701425537308076 ], [ -62.817370687209035, -21.701427628827016 ], [ -62.817369378657887, -21.701430320677773 ], [ -62.817367979536932, -21.701432768487528 ], [ -62.817192590568027, -21.701718529457956 ], [ -62.817192494659189, -21.701718685655276 ], [ -62.817190819924029, -21.701721192789623 ], [ -62.817189502893257, -21.70172293867958 ], [ -62.816793498498249, -21.702222582909119 ], [ -62.816792970769804, -21.702223238256831 ], [ -62.816790959864882, -21.702225520047435 ], [ -62.816790864022721, -21.702225622938929 ], [ -62.81650043788644, -21.702532487900083 ], [ -62.816500148430876, -21.702532792054495 ], [ -62.816061548856787, -21.70298788340228 ], [ -62.815706609668801, -21.703362817146452 ], [ -62.815704882700658, -21.703364549919584 ], [ -62.815220897757577, -21.703824788974792 ], [ -62.815220560908706, -21.703825104819376 ], [ -62.815220071134114, -21.703825555112914 ], [ -62.815046311335365, -21.703983016914137 ], [ -62.815008985317235, -21.704074550733779 ], [ -62.814772438723018, -21.70408173771084 ], [ -62.813332297255016, -21.704152376010615 ], [ -62.813331076126197, -21.704152422520416 ], [ -62.811968562061374, -21.704187002347656 ], [ -62.805834993301836, -21.704513893096969 ], [ -62.805577081156613, -21.704582429188935 ], [ -62.805269713473955, -21.704782089246208 ], [ -62.804887303497402, -21.705209831102572 ], [ -62.804345675475204, -21.705876925223606 ], [ -62.804345479853573, -21.70587716622326 ], [ -62.804343468700061, -21.705879449667034 ], [ -62.804341304965106, -21.705881603732315 ], [ -62.804338991557707, -21.705883622098153 ], [ -62.804337099453782, -21.705885092545728 ], [ -62.80332355265557, -21.706632029403956 ], [ -62.802705122052359, -21.707196469546997 ], [ -62.802703171615022, -21.707198153128495 ], [ -62.802701496263936, -21.707199462994627 ], [ -62.802120127048056, -21.707632954145453 ], [ -62.802119358619862, -21.707633517906203 ], [ -62.802116781621272, -21.707635235968599 ], [ -62.802115720137429, -21.707635878886169 ], [ -62.801032708807725, -21.708272628873466 ], [ -62.800401527527114, -21.708728832738135 ], [ -62.800401328162287, -21.708728976152127 ], [ -62.800398754992507, -21.708730693288494 ], [ -62.800398206333405, -21.708731031434549 ], [ -62.799923057939083, -21.709018228392523 ], [ -62.799361060997214, -21.709470602328427 ], [ -62.798796168201179, -21.710176526482336 ], [ -62.790683889717151, -21.721589637026756 ], [ -62.790683779266672, -21.72158979047931 ], [ -62.790682496605449, -21.721591493731008 ], [ -62.783117201825732, -21.731154269121301 ], [ -62.782966846532716, -21.731629447974893 ], [ -62.782874692104507, -21.732198019948118 ], [ -62.782874295370867, -21.732200130863998 ], [ -62.782873627989645, -21.732202813328733 ], [ -62.782566020912917, -21.733288757495988 ], [ -62.782565963568267, -21.733288951669156 ], [ -62.782565041638463, -21.733291779258515 ], [ -62.782563923500334, -21.733294546057017 ], [ -62.782562613046295, -21.73329723580709 ], [ -62.782561118021761, -21.733299842194565 ], [ -62.782559442317769, -21.733302349865337 ], [ -62.782557917255772, -21.733304353591326 ], [ -62.782282021624923, -21.733647049259062 ], [ -62.782281702889229, -21.733647443661329 ], [ -62.782279690999808, -21.733649726823788 ], [ -62.782277523618838, -21.733651880584006 ], [ -62.782275213325377, -21.733653899537586 ], [ -62.782272763039487, -21.733655771039658 ], [ -62.782270189206855, -21.733657490594418 ], [ -62.782269677194726, -21.733657803429253 ], [ -62.781666005832477, -21.734023286244163 ], [ -62.780874342802434, -21.735186034418476 ], [ -62.780873711910274, -21.735186938871585 ], [ -62.780873290389572, -21.735187514734662 ], [ -62.778340927665631, -21.738602469885091 ], [ -62.778340523589513, -21.738603007818533 ], [ -62.773461468224042, -21.745018897910363 ], [ -62.773288169229225, -21.745246762141861 ], [ -62.770296065623498, -21.749180975289981 ], [ -62.749894104305007, -21.776323730442943 ], [ -62.743976352754672, -21.784178274816803 ], [ -62.742231510375987, -21.791788078566054 ], [ -62.741541306016728, -21.794798041356259 ], [ -62.740869709654852, -21.798191417252013 ], [ -62.740405700072579, -21.800007424193929 ], [ -62.739940729233794, -21.802349324698191 ], [ -62.739220355163226, -21.80436572029878 ], [ -62.738705715395291, -21.805846979361952 ], [ -62.737728993361031, -21.808044634865578 ], [ -62.736906880955885, -21.809668825108663 ], [ -62.736392110382816, -21.811197884191383 ], [ -62.736435891580712, -21.813704783109401 ], [ -62.73653016484657, -21.819688933208223 ], [ -62.736617424330504, -21.827962438458286 ], [ -62.736686347047474, -21.833807006115826 ], [ -62.736650864553184, -21.837665175958264 ], [ -62.737055869525406, -21.840209238726601 ], [ -62.736946368629688, -21.844081558081225 ], [ -62.736941381842655, -21.846806637362018 ], [ -62.73685562986482, -21.847850128898092 ], [ -62.736784249156941, -21.848718728019641 ], [ -62.736539443168944, -21.852026908620033 ], [ -62.737031555501694, -21.853499974106349 ], [ -62.738308997482321, -21.855079687044068 ], [ -62.739330173200592, -21.856783287099997 ], [ -62.739481126996239, -21.858265588748058 ], [ -62.739222278158735, -21.859795050710375 ], [ -62.739013683470382, -21.861850484576962 ], [ -62.737562784174926, -21.871075207557681 ], [ -62.736475760282431, -21.877298123825994 ], [ -62.735837468614577, -21.880456387273142 ], [ -62.735372201199333, -21.883481546614988 ], [ -62.735285328032994, -21.883989382828325 ], [ -62.735304079456995, -21.884475761578418 ], [ -62.744528284201984, -21.928929282837082 ], [ -62.747149607933274, -21.941557039290476 ], [ -62.747473221757176, -21.941498902478887 ], [ -62.747106896901748, -21.962349933802919 ], [ -62.747104764245464, -21.962471399981016 ], [ -62.746925352743403, -21.972652435388834 ], [ -62.747209128906235, -21.980331361142738 ], [ -62.7471685295112, -21.981993696339174 ], [ -62.747292108238454, -21.986740414579774 ], [ -62.747317799637834, -21.987727200607907 ], [ -62.748058422868986, -21.993765101017811 ], [ -62.74881973715609, -22.003003557385551 ], [ -62.749582353649558, -22.011463315198974 ], [ -62.750324496269833, -22.021344338759061 ], [ -62.750341488364874, -22.022698588246573 ], [ -62.749962022380437, -22.023246994413956 ], [ -62.748903581027577, -22.024142811462756 ], [ -62.745305150991683, -22.027073063972718 ], [ -62.74220985921027, -22.029570349689898 ], [ -62.739656187328414, -22.031702439902229 ], [ -62.739071301204589, -22.032245896402358 ], [ -62.738351071957069, -22.033018028176926 ], [ -62.737307965681737, -22.034091039672919 ], [ -62.734805675184838, -22.036436069167163 ], [ -62.726495597074639, -22.043880434586072 ], [ -62.720808806739086, -22.049001986901402 ], [ -62.720257847372366, -22.049513728968542 ], [ -62.720172593598647, -22.049907355452802 ], [ -62.719686971764666, -22.058262388623088 ], [ -62.719557692221628, -22.058811867649357 ], [ -62.719329319470724, -22.059540117837287 ], [ -62.718705779823672, -22.060950921576197 ], [ -62.717416248568192, -22.063962848828201 ], [ -62.713298626536329, -22.073529122766395 ], [ -62.711115077768163, -22.078749679968393 ], [ -62.710221043670558, -22.080821420006103 ], [ -62.709554012205416, -22.082310055229115 ], [ -62.709240071524555, -22.083226782680999 ], [ -62.7091152817042, -22.084501900579749 ], [ -62.708837591547017, -22.086105602226226 ], [ -62.708259403075289, -22.08803582091014 ], [ -62.706641486525434, -22.091589154497736 ], [ -62.702061225575434, -22.101251522290195 ], [ -62.702018807272836, -22.101341002635699 ], [ -62.700850269062315, -22.103805872877775 ], [ -62.699345623688309, -22.10695681632831 ], [ -62.698951281071579, -22.107948174852726 ], [ -62.698509941809235, -22.108674456079221 ], [ -62.698181434013151, -22.10917795399023 ], [ -62.697533761533904, -22.109935815513438 ], [ -62.697045334282585, -22.110519720525829 ], [ -62.696985710437588, -22.110590999411436 ], [ -62.69515903470073, -22.112774715511645 ], [ -62.694973526901492, -22.112946881040937 ], [ -62.694825833297848, -22.11318349578567 ], [ -62.693217067583433, -22.115065802576769 ], [ -62.692162110344746, -22.116379537373881 ], [ -62.691005864753819, -22.117930438069152 ], [ -62.689845788481051, -22.119391166371219 ], [ -62.689410007532537, -22.12027461210835 ], [ -62.689006673159938, -22.121240656044034 ], [ -62.687553741467156, -22.12461003127649 ], [ -62.684194311182594, -22.132315369998992 ], [ -62.68290922202187, -22.135316334864886 ], [ -62.681722649675613, -22.138031155599762 ], [ -62.68132256493201, -22.139014572128751 ], [ -62.681160473738949, -22.139638007090397 ], [ -62.681048530498188, -22.140734181620694 ], [ -62.68098952443512, -22.14183973403421 ], [ -62.680798203841718, -22.142424845505431 ], [ -62.678671821398012, -22.147359924635744 ], [ -62.677931039453107, -22.149093934223583 ], [ -62.676580374777487, -22.152150767677835 ], [ -62.676535741397778, -22.152253543669332 ], [ -62.670928133343054, -22.165163899132079 ], [ -62.668394232763262, -22.170889924736656 ], [ -62.663236514952914, -22.182524850185409 ], [ -62.661232499919123, -22.187123929103763 ], [ -62.660866231614733, -22.187003481351557 ], [ -62.645680114588544, -22.182008662123788 ], [ -62.639304907653674, -22.172901410813243 ], [ -62.618913742292243, -22.168380797171395 ], [ -62.63338662898142, -22.213009500833788 ], [ -62.633452733041189, -22.213210533269017 ], [ -62.6361490621466, -22.221410546262224 ], [ -62.637206958571952, -22.224627526573823 ], [ -62.637686742975241, -22.224836055054304 ], [ -62.638152120174404, -22.224907055142339 ], [ -62.638861198552306, -22.225167596620658 ], [ -62.639355342357213, -22.225382535646968 ], [ -62.639397708079123, -22.225400963540647 ], [ -62.639847807564365, -22.225669856819071 ], [ -62.640008286227342, -22.225754086322262 ], [ -62.640962490239311, -22.226374253726263 ], [ -62.641083044896675, -22.226467346042082 ], [ -62.641648553543256, -22.227013522391243 ], [ -62.642203027128836, -22.227561567889168 ], [ -62.643072638812214, -22.228597032860275 ], [ -62.643454915652079, -22.229142593935837 ], [ -62.643837172876253, -22.229697083458063 ], [ -62.644592397919133, -22.230689951087044 ], [ -62.644882706579914, -22.231045118293626 ], [ -62.645244801313723, -22.231588904651925 ], [ -62.645376026815072, -22.231834684906609 ], [ -62.645941512336933, -22.233013761578743 ], [ -62.646806352720944, -22.235195428285749 ], [ -62.647205610240292, -22.236634003925762 ], [ -62.647366362463352, -22.23751238660309 ], [ -62.647412252835856, -22.23829797750335 ], [ -62.647423324004528, -22.238386142594909 ], [ -62.647578817802561, -22.238964548898757 ], [ -62.647727352839837, -22.239432754571368 ], [ -62.64781195350573, -22.239811226054176 ], [ -62.647981901185069, -22.240269523077654 ], [ -62.648162842280627, -22.240608383840868 ], [ -62.648428983477963, -22.241086798014898 ], [ -62.648668478553979, -22.241605201782381 ], [ -62.648750288405758, -22.241733611469911 ], [ -62.648751851031861, -22.241735468659016 ], [ -62.649521113608941, -22.242927338273269 ], [ -62.64957487902182, -22.243023393515056 ], [ -62.649998865297064, -22.243906327382078 ], [ -62.64532196093716, -22.246902744282139 ], [ -62.646247397660304, -22.247764312948075 ], [ -62.647953165030209, -22.249727973152588 ], [ -62.648214053533223, -22.250647267770738 ], [ -62.64886911428168, -22.25181240848157 ], [ -62.650641524151162, -22.253469941192908 ], [ -62.652086497406728, -22.254514267688585 ], [ -62.653400196644505, -22.255435804242232 ], [ -62.654111391892314, -22.255907009297921 ], [ -62.654976808590717, -22.2564803859227 ], [ -62.656291143276597, -22.257156906077768 ], [ -62.657475232450189, -22.257281903429288 ], [ -62.658463262673969, -22.256855242396423 ], [ -62.659255075782774, -22.255938174695828 ], [ -62.660047174262772, -22.254898606177406 ], [ -62.66031287883056, -22.253857934215869 ], [ -62.660578874586967, -22.252694764870949 ], [ -62.660845160787105, -22.251409098080032 ], [ -62.661310155492814, -22.249572606302884 ], [ -62.661841373737296, -22.24755250421865 ], [ -62.661863234680915, -22.246278941524135 ], [ -62.664944350216665, -22.243504995875181 ], [ -62.665559881286846, -22.240538990185239 ], [ -62.667108564474219, -22.237100133232257 ], [ -62.668449300407929, -22.234712569113618 ], [ -62.669684380633456, -22.233567736409746 ], [ -62.670406846595718, -22.232039407297083 ], [ -62.671848393183531, -22.23041691457022 ], [ -62.673185881831067, -22.22936787280074 ], [ -62.6751392986436, -22.228415663127784 ], [ -62.678120721726792, -22.226987405435736 ], [ -62.681105327843447, -22.224124913406598 ], [ -62.68244505619991, -22.222024061688419 ], [ -62.683596352158737, -22.219833646665638 ], [ -62.684050433487243, -22.21886675082856 ], [ -62.686462151740699, -22.216553259281785 ], [ -62.688316840773638, -22.213688446918994 ], [ -62.689145264502265, -22.210534817383763 ], [ -62.689149897203308, -22.208431349650908 ], [ -62.688948539604489, -22.206614325754849 ], [ -62.68854162047289, -22.204892520766585 ], [ -62.687929917131562, -22.203695368057563 ], [ -62.687954926542581, -22.201431180321578 ], [ -62.688398030903357, -22.20065109002126 ], [ -62.688659709807858, -22.197903460947924 ], [ -62.688971939302412, -22.195991803226502 ], [ -62.689692739304107, -22.195037050803343 ], [ -62.691336723476319, -22.194466498199695 ], [ -62.693743108576427, -22.194471694792153 ], [ -62.694864490656691, -22.195178289872977 ], [ -62.697428384825656, -22.196628622561096 ], [ -62.700330745150112, -22.200780227450576 ], [ -62.704652448319543, -22.205411835706531 ], [ -62.70578216097406, -22.209408825173753 ], [ -62.707418718354873, -22.212471380322135 ], [ -62.709674214764512, -22.214196446871352 ], [ -62.711350276201593, -22.213896085008887 ], [ -62.713372226710248, -22.213533712680274 ], [ -62.716351225635968, -22.212965255372048 ], [ -62.719537468438169, -22.211440973205701 ], [ -62.721903507526818, -22.209245939204528 ], [ -62.723037316664424, -22.207048777903722 ], [ -62.724834764496869, -22.20351415063914 ], [ -62.72483962400532, -22.201020234961707 ], [ -62.727560520133473, -22.195524084981844 ], [ -62.725787113099699, -22.193332980930947 ], [ -62.724892244267437, -22.191538728337392 ], [ -62.724768798326913, -22.189028678147952 ], [ -62.725542976693141, -22.186878690761212 ], [ -62.726573789896982, -22.184729129818134 ], [ -62.728759518365145, -22.182581488162331 ], [ -62.731329929750629, -22.180553967226981 ], [ -62.733131452785244, -22.177927564787993 ], [ -62.73454659945795, -22.176017611505674 ], [ -62.737993617436317, -22.171823874894795 ], [ -62.742543419786614, -22.167404135394516 ], [ -62.746566094091634, -22.162294802567654 ], [ -62.750693048333815, -22.157775790660249 ], [ -62.756508454922205, -22.153849465352256 ], [ -62.760838411333729, -22.153855870795223 ], [ -62.76589998330509, -22.158486969507155 ], [ -62.769696900089706, -22.161640463654571 ], [ -62.771592880970012, -22.16479121785904 ], [ -62.773490048507085, -22.167253307137617 ], [ -62.775383376053789, -22.172174810490613 ], [ -62.778651668471603, -22.176016008986888 ], [ -62.782241568602394, -22.176906243024575 ], [ -62.785833898805706, -22.176222359081002 ], [ -62.78964344497335, -22.171505190248642 ], [ -62.791553486157575, -22.165506599356135 ], [ -62.793037745303394, -22.161671754158508 ], [ -62.794731862877185, -22.158722558568048 ], [ -62.794737997783464, -22.154492315173382 ], [ -62.796112762492534, -22.153215125581369 ], [ -62.797593109938909, -22.15193805507251 ], [ -62.79822885831544, -22.150463172377048 ], [ -62.798652962943031, -22.149283159935436 ], [ -62.799605223129198, -22.148005417634391 ], [ -62.801085622662129, -22.146629936059696 ], [ -62.802988677521867, -22.145058195248598 ], [ -62.804680080591467, -22.143781312898831 ], [ -62.805843585254372, -22.142405407295168 ], [ -62.806373470468856, -22.141028742539774 ], [ -62.807114810078318, -22.139455569412011 ], [ -62.808489316924209, -22.138178271280857 ], [ -62.810180983633451, -22.136606195634208 ], [ -62.811343720738023, -22.135722139340295 ], [ -62.813034417804403, -22.13483868011841 ], [ -62.814513647839021, -22.134151719611044 ], [ -62.815469890147888, -22.129627400584532 ], [ -62.815473988577295, -22.126479297474752 ], [ -62.814952465835795, -22.121559786612249 ], [ -62.814535015413071, -22.117820931437432 ], [ -62.811900548634213, -22.113981157427411 ], [ -62.80926569492776, -22.11053485372608 ], [ -62.805893295400445, -22.106103846495177 ], [ -62.803574764917556, -22.103149717934805 ], [ -62.800624022063147, -22.09940775684462 ], [ -62.799889203540786, -22.096455498840001 ], [ -62.80063134468903, -22.094193695503499 ], [ -62.802324349596944, -22.091342767919521 ], [ -62.80549378367855, -22.089477372313326 ], [ -62.807186767918765, -22.086528012920599 ], [ -62.80592369037106, -22.083870289864976 ], [ -62.80455456346678, -22.081605945330253 ], [ -62.80307829027528, -22.080522006801573 ], [ -62.80065329949197, -22.078551491347604 ], [ -62.799917891986816, -22.076091120515812 ], [ -62.799920108062501, -22.074517060157412 ], [ -62.79929000381933, -22.072253572186952 ], [ -62.798975585187613, -22.070679122421105 ], [ -62.798977532868975, -22.069301818785164 ], [ -62.799297643179422, -22.066842736073902 ], [ -62.79993409244252, -22.064580797092141 ], [ -62.801414436100117, -22.062615018299898 ], [ -62.802577573484477, -22.061042359605288 ], [ -62.804585265722366, -22.059273944321294 ], [ -62.805959147164863, -22.057898270369979 ], [ -62.80722773203339, -22.056325702128724 ], [ -62.807230798161001, -22.054062983761924 ], [ -62.806917798543083, -22.05140637530754 ], [ -62.806921269287855, -22.048848518212925 ], [ -62.807873969616786, -22.046685293998348 ], [ -62.809354411197482, -22.044424299322831 ], [ -62.80819837903816, -22.040881292126052 ], [ -62.809151796912921, -22.03812778219655 ], [ -62.810527392262514, -22.035276374904736 ], [ -62.811269037239086, -22.03301450274812 ], [ -62.812221304390448, -22.031048006569705 ], [ -62.813174319239508, -22.028491227716575 ], [ -62.813389217073215, -22.025540085101461 ], [ -62.812233233755144, -22.021997098518302 ], [ -62.81202662369757, -22.01865195332638 ], [ -62.810131925061448, -22.015304860237794 ], [ -62.80749878970073, -22.01195687911542 ], [ -62.806972204072224, -22.011267601840107 ], [ -62.806974867800143, -22.009300009805205 ], [ -62.810462175577733, -22.004975366026976 ], [ -62.811095166324556, -22.00497609633717 ], [ -62.816423892141088, -22.004982147479812 ], [ -62.817691462922419, -21.998789913747039 ], [ -62.822669792585096, -21.998791643183004 ], [ -62.82305756801059, -21.99879176383482 ], [ -62.904407015856123, -21.998798285383991 ], [ -62.905038518788231, -21.998800025474573 ], [ -62.905232314674485, -21.998800562186585 ], [ -62.929866044070017, -21.99886647522089 ], [ -62.947014099141654, -21.998852457066356 ], [ -62.943027968175372, -21.97099619716457 ], [ -62.956376791202679, -21.971085591272445 ], [ -62.951752203440769, -21.952314357974636 ], [ -62.968053772266529, -21.95001807693582 ], [ -62.968053423732862, -21.950017579963855 ], [ -62.967398456046908, -21.949082666052536 ], [ -62.967397923569777, -21.949081916073183 ], [ -62.967395106350487, -21.949077646654914 ], [ -62.967392124711004, -21.949072428568595 ], [ -62.967389511121226, -21.94906704341475 ], [ -62.967387284946021, -21.949061509266464 ], [ -62.96738543649569, -21.949055848708436 ], [ -62.967383994814426, -21.949050102402136 ], [ -62.967382979272259, -21.949044265834221 ], [ -62.967382351122822, -21.949038375135487 ], [ -62.967382149095911, -21.949032466452064 ], [ -62.967382353816234, -21.949026566884005 ], [ -62.967382984652779, -21.949020676435147 ], [ -62.967383362915214, -21.949018191988962 ], [ -62.967390282967472, -21.948977899848039 ], [ -62.967537850987071, -21.948118672241858 ], [ -62.967538500607795, -21.948115311490142 ], [ -62.967539935209935, -21.948109565752777 ], [ -62.967541786224629, -21.948103901409276 ], [ -62.967544014901733, -21.948098372659704 ], [ -62.9675466309236, -21.948092988540566 ], [ -62.967549624601673, -21.948087767119226 ], [ -62.967552966872304, -21.948082753562986 ], [ -62.967556657735521, -21.948077947871866 ], [ -62.967560677816252, -21.948073377145871 ], [ -62.967560842488666, -21.948073214555148 ], [ -62.968624509027428, -21.946947743015777 ], [ -62.968628693583298, -21.946943596921727 ], [ -62.968633313911617, -21.946939559326282 ], [ -62.968638215022871, -21.946935810892274 ], [ -62.968643358175662, -21.946932369681583 ], [ -62.968648753050402, -21.946929253765248 ], [ -62.968653198670985, -21.946926986922435 ], [ -62.97000772117859, -21.946283423271339 ], [ -62.970008854355974, -21.946282890435231 ], [ -62.970014626724847, -21.946280443104961 ], [ -62.970020553965014, -21.946278366222447 ], [ -62.970026626394088, -21.946276650751194 ], [ -62.970032795586725, -21.946275314751684 ], [ -62.97003905186051, -21.946274349187487 ], [ -62.970045356474486, -21.946273772120779 ], [ -62.970051690061894, -21.946273574513395 ], [ -62.970058023566068, -21.946273774429301 ], [ -62.970061790704442, -21.946274073258312 ], [ -62.970518000170365, -21.946318804860883 ], [ -62.971023458080417, -21.94625138804092 ], [ -62.971024552435971, -21.946251252714497 ], [ -62.971030857044987, -21.946250675609971 ], [ -62.971031883595629, -21.94625061254855 ], [ -62.972373262248176, -21.946182189408351 ], [ -62.973428306117214, -21.945839689044806 ], [ -62.973427774602293, -21.945260271226044 ], [ -62.972637004086614, -21.944718398087222 ], [ -62.971440815289988, -21.94420554266306 ], [ -62.970613729970793, -21.944337907743968 ], [ -62.969198767079867, -21.944724981205134 ], [ -62.968137557192435, -21.945220201704721 ], [ -62.967262790173862, -21.946059536302752 ], [ -62.967261811850094, -21.946060448605078 ], [ -62.967257191511521, -21.946064486162399 ], [ -62.967252290394008, -21.946068234555597 ], [ -62.967249907673938, -21.946069896451945 ], [ -62.966267986264143, -21.946728800870805 ], [ -62.966055165647006, -21.946884731718743 ], [ -62.96567082158986, -21.947166332506846 ], [ -62.964815708107658, -21.94780422198259 ], [ -62.964814168006392, -21.947805350980801 ], [ -62.964809015045802, -21.947808792069068 ], [ -62.964803639421014, -21.947811916897617 ], [ -62.964798041138735, -21.947814698362599 ], [ -62.964792268618908, -21.947817145508953 ], [ -62.964786341239261, -21.947819222202337 ], [ -62.964780268682077, -21.947820937479431 ], [ -62.964778699711779, -21.947821316597349 ], [ -62.96375206092344, -21.948060510864465 ], [ -62.963747470255555, -21.948061467521832 ], [ -62.963744806917404, -21.948061927700021 ], [ -62.962730397241529, -21.948222616428644 ], [ -62.962117819278269, -21.948359793584309 ], [ -62.962114080872766, -21.948360560665382 ], [ -62.96210783413909, -21.948361525929645 ], [ -62.962101519717038, -21.948362102689281 ], [ -62.962101074224634, -21.948362129690405 ], [ -62.961288486995379, -21.948408116220495 ], [ -62.961288041502684, -21.948408143219403 ], [ -62.961282153304282, -21.948408304455292 ], [ -62.961275829400385, -21.948408113237999 ], [ -62.96126951528619, -21.948407533533953 ], [ -62.961266513214781, -21.948407117233678 ], [ -62.95926443417833, -21.948100874349215 ], [ -62.959261190046774, -21.948100322432939 ], [ -62.95925502143735, -21.948098983779225 ], [ -62.959248959465022, -21.948097265697548 ], [ -62.959243023496171, -21.948095177227366 ], [ -62.959237252260884, -21.948092745482118 ], [ -62.959231665133231, -21.948089952397435 ], [ -62.959226281471835, -21.948086834116616 ], [ -62.959221130332594, -21.948083381612257 ], [ -62.959216231074109, -21.948079631027689 ], [ -62.959211612747168, -21.948075591404756 ], [ -62.9592072850336, -21.94807127178052 ], [ -62.959203267294562, -21.948066699263688 ], [ -62.959201844184349, -21.948064937158822 ], [ -62.95770532198474, -21.94614917327435 ], [ -62.957703056753708, -21.946146137057227 ], [ -62.957699707467853, -21.946141112943483 ], [ -62.957696716557827, -21.946135899194786 ], [ -62.957694113071192, -21.946130513887898 ], [ -62.957691867949627, -21.946124975084587 ], [ -62.957690039288259, -21.946119318938344 ], [ -62.957688598028803, -21.946113563510963 ], [ -62.957687563531778, -21.946107735911291 ], [ -62.957686945478784, -21.94610184517645 ], [ -62.957686743856414, -21.946095936479583 ], [ -62.957686948972267, -21.946090036922062 ], [ -62.957687570510615, -21.946084146506383 ], [ -62.957688424188945, -21.946079213820763 ], [ -62.958274550107603, -21.94318216661814 ], [ -62.958394473620153, -21.941599501601495 ], [ -62.958155925324775, -21.94104429913067 ], [ -62.958154106084407, -21.941039700040385 ], [ -62.958152267785451, -21.94103404389341 ], [ -62.958150836242204, -21.941028288469056 ], [ -62.958150459104111, -21.941026454342914 ], [ -62.958002039568761, -21.9402452822602 ], [ -62.957804105189638, -21.939211217897295 ], [ -62.95780342853579, -21.939207097930986 ], [ -62.957802810507324, -21.939201207191701 ], [ -62.957802599202864, -21.939195307522166 ], [ -62.957802813990035, -21.93918939892739 ], [ -62.957803435490455, -21.939183517540922 ], [ -62.957804473385245, -21.939177672399843 ], [ -62.957805898604178, -21.939171926739174 ], [ -62.95780774988792, -21.939166262499537 ], [ -62.957809242323322, -21.939162450267528 ], [ -62.958025585606556, -21.938645769807849 ], [ -62.95809614568838, -21.93793814107465 ], [ -62.957913212881756, -21.937236491714298 ], [ -62.957155620329353, -21.936904101502428 ], [ -62.956429192255477, -21.937179466937518 ], [ -62.955706285413989, -21.937989364238717 ], [ -62.955705413576474, -21.937990330709642 ], [ -62.954819248192145, -21.938955485284463 ], [ -62.954818492597113, -21.938956298193734 ], [ -62.954814152883046, -21.938960606520698 ], [ -62.954809532420576, -21.938964652766014 ], [ -62.954804631221101, -21.938968400791111 ], [ -62.954799488019965, -21.938971850606638 ], [ -62.954798083597055, -21.938972699475933 ], [ -62.954108578740346, -21.939386339764472 ], [ -62.954104588262695, -21.939388615377659 ], [ -62.954099009470688, -21.939391396486631 ], [ -62.954093237108637, -21.939393843259939 ], [ -62.954087300239784, -21.939395919567168 ], [ -62.954081237596625, -21.939397634453766 ], [ -62.954075063710832, -21.939398969854491 ], [ -62.954068812473004, -21.939399934813448 ], [ -62.954062508098644, -21.939400511268101 ], [ -62.954056174797415, -21.939400699225267 ], [ -62.954049841618044, -21.93940050772764 ], [ -62.954043537615036, -21.939399927748767 ], [ -62.954037286998073, -21.939398959295371 ], [ -62.95403111397107, -21.939397620443508 ], [ -62.954025052430403, -21.939395902168037 ], [ -62.954019116896148, -21.939393822542307 ], [ -62.954013346106606, -21.939391372542524 ], [ -62.954008495265875, -21.939388977007738 ], [ -62.954007769101793, -21.939388588315353 ], [ -62.953269096003012, -21.938998336814397 ], [ -62.953268369842938, -21.93899794811874 ], [ -62.953262976969874, -21.93899482963716 ], [ -62.953257835985738, -21.938991376945616 ], [ -62.953252937194897, -21.938987626179891 ], [ -62.953249771466616, -21.938984923924377 ], [ -62.95264839026953, -21.938446811665941 ], [ -62.951990605199072, -21.93822774783569 ], [ -62.950895335528344, -21.938159646473739 ], [ -62.950889109060093, -21.938159075431688 ], [ -62.950882853677079, -21.938158106856871 ], [ -62.95087668557521, -21.938156767887939 ], [ -62.950870614444547, -21.938155040458543 ], [ -62.950864688691581, -21.938152960721649 ], [ -62.950858918000101, -21.938150528680207 ], [ -62.950853321743857, -21.938147726270739 ], [ -62.950852827964766, -21.93814745508411 ], [ -62.95013807919257, -21.937756817173408 ], [ -62.9501331995817, -21.937753960748935 ], [ -62.950128058711513, -21.93775052602847 ], [ -62.950123160048491, -21.937746766134538 ], [ -62.950119839517384, -21.937743919217322 ], [ -62.949429559582498, -21.937123471644046 ], [ -62.949428252707833, -21.937122269635623 ], [ -62.949423925617758, -21.937117958783734 ], [ -62.949419908498875, -21.937113386022727 ], [ -62.949416211025337, -21.937108578459487 ], [ -62.949412862241793, -21.937103554172253 ], [ -62.949409881506057, -21.937098340270872 ], [ -62.949407278495435, -21.937092954827655 ], [ -62.949407230105685, -21.937092873501044 ], [ -62.949061742130269, -21.936311560002547 ], [ -62.949059545882541, -21.936306111436934 ], [ -62.94905771768741, -21.936300455188746 ], [ -62.949056276876711, -21.936294690644935 ], [ -62.949055242801627, -21.936288862984714 ], [ -62.949054625142516, -21.936282981245743 ], [ -62.949054538456153, -21.936281671196767 ], [ -62.949004588554466, -21.935362489933745 ], [ -62.949004473990314, -21.935357891268328 ], [ -62.949004679451114, -21.935351982679919 ], [ -62.949005301299316, -21.935346092289961 ], [ -62.949006329838461, -21.935340256233946 ], [ -62.949007774739144, -21.935334510653433 ], [ -62.949009616637419, -21.935328846507776 ], [ -62.949011845830348, -21.93532331800176 ], [ -62.949013134724687, -21.935320571872062 ], [ -62.949252735810774, -21.934828158932092 ], [ -62.949348968108843, -21.934015206766798 ], [ -62.94934922055424, -21.934013300536009 ], [ -62.94935024906966, -21.934007464476849 ], [ -62.94935168426268, -21.934001709854705 ], [ -62.949353535810367, -21.933996054741854 ], [ -62.949355764969134, -21.933990526230208 ], [ -62.949358391099551, -21.933985142395013 ], [ -62.949361259189018, -21.933980120019815 ], [ -62.949922862332073, -21.933067983292482 ], [ -62.950042891508943, -21.93275390347662 ], [ -62.950044655376828, -21.932749639662848 ], [ -62.950047262091644, -21.932744255809876 ], [ -62.950048628321724, -21.932741762664538 ], [ -62.950434164768559, -21.932066612307771 ], [ -62.950600626816026, -21.930929526390408 ], [ -62.950260489497786, -21.92982179481929 ], [ -62.950260034917719, -21.929820267827203 ], [ -62.950258594116974, -21.929814521358697 ], [ -62.950257724286281, -21.929809750804321 ], [ -62.950184916308729, -21.929336620659363 ], [ -62.949846217995301, -21.928480683994032 ], [ -62.949505807901048, -21.927959615126962 ], [ -62.949504617542004, -21.927957744590032 ], [ -62.949501636992693, -21.92795253068488 ], [ -62.949499014778034, -21.927947145231485 ], [ -62.94949898576386, -21.927947045841488 ], [ -62.949153528933849, -21.92716574074613 ], [ -62.94915134250521, -21.927160292178947 ], [ -62.949149504736226, -21.927154644957355 ], [ -62.949148064013094, -21.927148880408122 ], [ -62.949147039682558, -21.927143052745119 ], [ -62.949146422061538, -21.927137161965369 ], [ -62.949146210883619, -21.927131957944351 ], [ -62.949135962769375, -21.925833549651731 ], [ -62.949135963016531, -21.925832853984019 ], [ -62.949136041712592, -21.925829384704002 ], [ -62.949156385026612, -21.925340101614921 ], [ -62.949156521453517, -21.925337662302347 ], [ -62.949157143247838, -21.925331780939171 ], [ -62.949158181387624, -21.925325953912587 ], [ -62.949159626186677, -21.925320190254251 ], [ -62.949161458263092, -21.925314535131392 ], [ -62.949163696979461, -21.925308997584629 ], [ -62.949164675702967, -21.92530688377969 ], [ -62.949406889010596, -21.924798840854535 ], [ -62.949407441348946, -21.924797666520249 ], [ -62.949649646312565, -21.924308442373597 ], [ -62.94965073152683, -21.92430634666739 ], [ -62.949653715672085, -21.924301134588767 ], [ -62.949654035386594, -21.92430061971168 ], [ -62.949866467223032, -21.923962743570932 ], [ -62.949997095039535, -21.923754977376532 ], [ -62.949998054156787, -21.923753486951025 ], [ -62.950432915011568, -21.923091360706159 ], [ -62.950434978478668, -21.923088352789645 ], [ -62.950438678952644, -21.923083547471034 ], [ -62.950442698875783, -21.923078977149505 ], [ -62.950447028555963, -21.923074668926056 ], [ -62.950448374889483, -21.923073422549987 ], [ -62.950716950735348, -21.922832612373259 ], [ -62.951348377908296, -21.922266466909363 ], [ -62.951855129633579, -21.92180529950965 ], [ -62.952252091097371, -21.920965111284477 ], [ -62.952383162770545, -21.919363014333957 ], [ -62.952001964759525, -21.918600201617132 ], [ -62.951530128810731, -21.918024081403164 ], [ -62.951290127987008, -21.917731033791963 ], [ -62.950468543800739, -21.917475217921197 ], [ -62.950468046180646, -21.917475062375289 ], [ -62.950462111609646, -21.917472973582687 ], [ -62.950456343696196, -21.917470536102375 ], [ -62.950450759868609, -21.917467749939551 ], [ -62.950445375614969, -21.917464625940543 ], [ -62.950440227724535, -21.917461174958014 ], [ -62.950435329743883, -21.917457422293079 ], [ -62.950430710715757, -21.917453380603099 ], [ -62.950426382252125, -21.917449069767784 ], [ -62.950422365652308, -21.917444495214387 ], [ -62.950418668650343, -21.917439691276943 ], [ -62.950415324164361, -21.917434663386203 ], [ -62.95041417455846, -21.917432758534158 ], [ -62.950074417744815, -21.91685108951653 ], [ -62.950072585064568, -21.916847782275962 ], [ -62.950069964966701, -21.916842398632266 ], [ -62.950067739958975, -21.916836868747001 ], [ -62.950065898418146, -21.916831205265186 ], [ -62.950064461629573, -21.916825453366553 ], [ -62.950063437338443, -21.916819614860451 ], [ -62.950062817785586, -21.91681372769003 ], [ -62.950062612642583, -21.916807822576089 ], [ -62.950062654252051, -21.916805115805552 ], [ -62.950097481456879, -21.915732714351961 ], [ -62.950097649106446, -21.91572951432698 ], [ -62.95009827275728, -21.915723629339954 ], [ -62.950099299173338, -21.915717791455304 ], [ -62.950100741895909, -21.915712040429664 ], [ -62.950100937702722, -21.915711393607534 ], [ -62.9503332837551, -21.914926462323152 ], [ -62.950334931464702, -21.914921455812628 ], [ -62.950337171908842, -21.914915918243093 ], [ -62.950339784095867, -21.914910534374936 ], [ -62.950342779636934, -21.914905325894821 ], [ -62.950343597270304, -21.914904010695256 ], [ -62.950691891497797, -21.914362729761912 ], [ -62.950694410136784, -21.914359019078624 ], [ -62.950695436928271, -21.914357617207184 ], [ -62.951159800294874, -21.91373516646015 ], [ -62.951162464037068, -21.913731764797834 ], [ -62.951166483674044, -21.91372719445291 ], [ -62.951170824668353, -21.913722884401455 ], [ -62.951175446354455, -21.913718836438338 ], [ -62.951177073391527, -21.913717541350881 ], [ -62.952065944278544, -21.913022334418049 ], [ -62.952511487365165, -21.912399120764309 ], [ -62.952620143104411, -21.911842427172601 ], [ -62.952336311692733, -21.910887805948825 ], [ -62.952336073784267, -21.910887003601808 ], [ -62.952334646645539, -21.910881251721616 ], [ -62.952333830957294, -21.91087684437645 ], [ -62.952172396268622, -21.909856493044131 ], [ -62.952172179872761, -21.909855061890344 ], [ -62.95217156026272, -21.909849174722797 ], [ -62.952171355042175, -21.909843269606348 ], [ -62.952171564204981, -21.909837364610354 ], [ -62.952172187745091, -21.909831477804108 ], [ -62.952173225649155, -21.909825648940174 ], [ -62.952174666295292, -21.909819888856727 ], [ -62.952176501925322, -21.909814235497119 ], [ -62.952178742218045, -21.909808697898772 ], [ -62.95218135424242, -21.909803313997738 ], [ -62.952184347673089, -21.909798105479979 ], [ -62.95218763340857, -21.90979315724547 ], [ -62.953102933251756, -21.908512838140872 ], [ -62.953102985558715, -21.908512760457644 ], [ -62.953106032754668, -21.908508749934271 ], [ -62.953929741976069, -21.907484521863637 ], [ -62.953930385095681, -21.907483728799892 ], [ -62.953934404468797, -21.907479158383389 ], [ -62.953938747126621, -21.907474848255688 ], [ -62.954487828984732, -21.906962766088533 ], [ -62.954492450356, -21.90695872706301 ], [ -62.954497350467008, -21.906954977223815 ], [ -62.954502498329568, -21.906951538245579 ], [ -62.954507886196069, -21.906948417353831 ], [ -62.954513469527477, -21.906945625377841 ], [ -62.95451924056929, -21.906943191226397 ], [ -62.954525176088424, -21.906941105858387 ], [ -62.954531235413405, -21.906939396366557 ], [ -62.954534519677374, -21.90693862390637 ], [ -62.955711453954706, -21.906685509765879 ], [ -62.957042589732872, -21.90602346961116 ], [ -62.957573645973653, -21.904868111037032 ], [ -62.957749452868015, -21.903803441951322 ], [ -62.956966224518872, -21.902665786428123 ], [ -62.955355208095327, -21.902247709688897 ], [ -62.95535, -21.902246210327313 ], [ -62.955344075666339, -21.902244130745231 ], [ -62.95533830634907, -21.902241682590322 ], [ -62.955332715273435, -21.902238898393755 ], [ -62.955327341165926, -21.902235774552146 ], [ -62.955322193701143, -21.902232332751389 ], [ -62.955317296112078, -21.902228580225554 ], [ -62.955312677438826, -21.902224529631066 ], [ -62.955308339606383, -21.902220217107189 ], [ -62.955304321339554, -21.902215644471386 ], [ -62.955301536165109, -21.902212067791371 ], [ -62.954478544925983, -21.901102003025656 ], [ -62.954477644958601, -21.901100774061025 ], [ -62.95447430070962, -21.901095748050178 ], [ -62.954471318599253, -21.90109053602513 ], [ -62.954468710240349, -21.901085152444594 ], [ -62.954466475627761, -21.901079613571042 ], [ -62.954464643793195, -21.901073957358051 ], [ -62.954463205051283, -21.901068196451597 ], [ -62.954462172943707, -21.901062368801032 ], [ -62.954461553276886, -21.901056481635699 ], [ -62.954461347973819, -21.901050576515662 ], [ -62.954461557029305, -21.901044669703321 ], [ -62.954462180436366, -21.901038782881912 ], [ -62.954463216246118, -21.901032955803402 ], [ -62.954463237575887, -21.901032858234842 ], [ -62.954732348500613, -21.89977907313542 ], [ -62.954647811528304, -21.899586208320365 ], [ -62.951319535924902, -21.899581454079197 ], [ -62.950320220041775, -21.896444554029117 ], [ -62.949956711393831, -21.89530343254523 ], [ -62.949873392308554, -21.895042214584976 ], [ -62.949797007296816, -21.894802103703899 ], [ -62.949804123213092, -21.894662402601906 ], [ -62.949884096899048, -21.89419050942217 ], [ -62.949938101330929, -21.893982249335252 ], [ -62.950159624897125, -21.893931758464429 ], [ -62.951302484004621, -21.893671279129443 ], [ -62.972406794777527, -21.888859604733625 ], [ -62.985785745318147, -21.885721865254119 ], [ -62.972685532857824, -21.841129891589507 ], [ -62.968566169439363, -21.827101987608064 ], [ -62.968562652846686, -21.826633607074672 ], [ -62.972174910584002, -21.826542173348447 ], [ -62.973008589693883, -21.826989631656343 ], [ -62.978986941660949, -21.826838238320629 ], [ -62.978961368889344, -21.825106696519487 ], [ -62.979044955300409, -21.82490738951817 ], [ -62.980795853763595, -21.826354403497948 ], [ -62.981842814830777, -21.826348307890182 ], [ -62.981843426368457, -21.82634830795746 ], [ -62.981849750727363, -21.826348501996886 ], [ -62.981851811745919, -21.826348646779646 ], [ -62.982985955540542, -21.82644085345834 ], [ -62.984266646694081, -21.826257011151831 ], [ -62.985761612523135, -21.825953909678461 ], [ -62.986437840808584, -21.824423335625486 ], [ -62.986437893071447, -21.824423209143127 ], [ -62.986438462143617, -21.824421962392968 ], [ -62.986664407556965, -21.823933642957989 ], [ -62.986654029190369, -21.823222179968756 ], [ -62.986572321647273, -21.822551683778194 ], [ -62.986251325024661, -21.821863497546982 ], [ -62.985830872386977, -21.821280679999941 ], [ -62.985472405001119, -21.820848353456601 ], [ -62.985317285300574, -21.820736409845367 ], [ -62.98469291239828, -21.821026144998019 ], [ -62.984692633719924, -21.821026269651927 ], [ -62.98468686664031, -21.821028715731163 ], [ -62.984680944785758, -21.821030793177425 ], [ -62.984674879766253, -21.821032512833554 ], [ -62.984668719963295, -21.821033854827505 ], [ -62.984664216735126, -21.821034580804248 ], [ -62.983700668361863, -21.821170262910488 ], [ -62.983696439932288, -21.821170876856858 ], [ -62.983689734499649, -21.821171291793611 ], [ -62.983681868009377, -21.821171281981421 ], [ -62.983676864654825, -21.821170897509312 ], [ -62.983670648949854, -21.821170183148226 ], [ -62.983665007075416, -21.8211690216229 ], [ -62.983659174626744, -21.821167503205352 ], [ -62.983653342188354, -21.821165895343412 ], [ -62.983647641365458, -21.821164081501717 ], [ -62.983641876753687, -21.821161636123506 ], [ -62.983636286346588, -21.821158851055248 ], [ -62.9836309146528, -21.821155729915265 ], [ -62.983625880633795, -21.821152728970954 ], [ -62.983621215311842, -21.821149325112604 ], [ -62.983616258839149, -21.821145104482589 ], [ -62.983612031897039, -21.821141155871231 ], [ -62.983608387504994, -21.821136663424834 ], [ -62.983604219804512, -21.821130798545745 ], [ -62.983603372336304, -21.821129580575406 ], [ -62.983209267775635, -21.82055926032411 ], [ -62.983206012429292, -21.820554342370698 ], [ -62.983202422419154, -21.82054839622695 ], [ -62.983199337534145, -21.82054205531534 ], [ -62.983197942796785, -21.820537612779699 ], [ -62.983196119561036, -21.820531961348941 ], [ -62.983194875808728, -21.820527161051995 ], [ -62.983193964959511, -21.820521896401981 ], [ -62.98319313654477, -21.820515006406257 ], [ -62.983193053838768, -21.820510671517827 ], [ -62.983193137701868, -21.820505097076666 ], [ -62.983193470107388, -21.820500606832571 ], [ -62.983279986090757, -21.819688662195247 ], [ -62.983280496534427, -21.819684099690427 ], [ -62.983281396952499, -21.819679188483143 ], [ -62.98328257406029, -21.819674600748488 ], [ -62.983284373448235, -21.819668914449302 ], [ -62.98328638081275, -21.819663680812951 ], [ -62.983289081007918, -21.819658059655247 ], [ -62.983292195303768, -21.819652631883429 ], [ -62.983940331615401, -21.818565174188908 ], [ -62.983941449396589, -21.81856304841703 ], [ -62.983943519392142, -21.818559802426709 ], [ -62.983946624778639, -21.818555744311531 ], [ -62.983948736306274, -21.818553155152692 ], [ -62.984456578609944, -21.817949646075007 ], [ -62.984460477411226, -21.817945236572072 ], [ -62.984464751601898, -21.817941069236149 ], [ -62.984468275811302, -21.8179379869051 ], [ -62.984471160391664, -21.817935530623224 ], [ -62.985541358727389, -21.817094771910757 ], [ -62.985545147008715, -21.817091972367759 ], [ -62.985549302958034, -21.817089221644611 ], [ -62.986084794646501, -21.816738192803328 ], [ -62.98608498232889, -21.816738440371807 ], [ -62.986737910608475, -21.816312143362179 ], [ -62.986907988807296, -21.815659476148706 ], [ -62.986644578524363, -21.815078709057399 ], [ -62.985922186659892, -21.81410754668012 ], [ -62.985921209576354, -21.814106191381086 ], [ -62.985917862377988, -21.814101158727883 ], [ -62.985914882862048, -21.814095954445325 ], [ -62.985912271029406, -21.814090569498642 ], [ -62.985910297719776, -21.814085735727467 ], [ -62.985526084426319, -21.813056470286753 ], [ -62.985525823263096, -21.813055765551585 ], [ -62.985523995193276, -21.813050109623614 ], [ -62.985522554146058, -21.813044363381824 ], [ -62.985521567848778, -21.813038526832155 ], [ -62.985521161875383, -21.813034641844286 ], [ -62.985406332900162, -21.811814413309378 ], [ -62.984956076652871, -21.811064242684772 ], [ -62.984696035581941, -21.810797421884537 ], [ -62.985254531612448, -21.810751112555039 ], [ -62.985475454605584, -21.810732795153609 ], [ -62.996154836259983, -21.809846914070917 ], [ -62.998524917708522, -21.79793185339221 ], [ -62.993519074610134, -21.791513190101078 ], [ -62.993403130178002, -21.791364508902028 ], [ -62.993766932075019, -21.791002200568041 ], [ -62.993769089434885, -21.791000113611275 ], [ -62.993773704038077, -21.790996075230947 ], [ -62.993778599170298, -21.790992325974539 ], [ -62.993783745809246, -21.790988883910565 ], [ -62.993786580322464, -21.790987167405717 ], [ -62.994396704651308, -21.790634543013937 ], [ -62.994399239249951, -21.79063312463667 ], [ -62.994404830831833, -21.790630342108475 ], [ -62.994410596529434, -21.790627893873491 ], [ -62.994416516993802, -21.7906258160702 ], [ -62.994422572877596, -21.79062409966318 ], [ -62.994428735159076, -21.790622753686236 ], [ -62.994434984489914, -21.790621796208285 ], [ -62.994441291849014, -21.790621218193493 ], [ -62.994447608867247, -21.790621019640309 ], [ -62.994453935544016, -21.790621218618291 ], [ -62.994460242858572, -21.790621797056893 ], [ -62.99446649211562, -21.790622754954764 ], [ -62.99447264461957, -21.790624101345454 ], [ -62.994478710044966, -21.790625818159715 ], [ -62.994484630349241, -21.790627896360824 ], [ -62.994488654598904, -21.790629558897791 ], [ -62.995351654463121, -21.791007321261279 ], [ -62.996064872185237, -21.791249454269956 ], [ -62.996068848107043, -21.791250899932049 ], [ -62.996074613668128, -21.79125333946423 ], [ -62.996080205090365, -21.791256122314369 ], [ -62.996085574004461, -21.791259248481271 ], [ -62.996086967018272, -21.79126012488954 ], [ -62.996782672834264, -21.791710777477757 ], [ -62.99678642625144, -21.791713334398136 ], [ -62.996791321162753, -21.791717083933683 ], [ -62.996795954872304, -21.791721131612299 ], [ -62.996796748115507, -21.791721890550559 ], [ -62.997271002638584, -21.792175400647579 ], [ -62.997274533557103, -21.792178960415388 ], [ -62.997278548153382, -21.792183532088188 ], [ -62.997282233831726, -21.792188338660193 ], [ -62.99728557124471, -21.792193353026654 ], [ -62.997288550718451, -21.792198575187513 ], [ -62.997289063418663, -21.79219955095386 ], [ -62.99758354771852, -21.792774584110756 ], [ -62.99845309555478, -21.793425587638488 ], [ -62.998456375019295, -21.793428153550774 ], [ -62.998460989482666, -21.793432192146884 ], [ -62.998465313722875, -21.793436501784008 ], [ -62.998466909917447, -21.793438236479346 ], [ -62.999033977274578, -21.794073748178999 ], [ -62.999849848023445, -21.794911953875456 ], [ -63.000458088529804, -21.794824315818435 ], [ -63.000499606284194, -21.793805326522953 ], [ -63.000412546729351, -21.792812926864389 ], [ -63.000138646767461, -21.792122379836709 ], [ -62.999814309607252, -21.79158116839946 ], [ -62.999811968530366, -21.791577003355659 ], [ -62.99980995636588, -21.791572937694983 ], [ -62.999428721163767, -21.790750499258756 ], [ -62.999428121390999, -21.790749189211073 ], [ -62.999425896430267, -21.790743659907388 ], [ -62.999424058423749, -21.790737995083095 ], [ -62.999422617045056, -21.790732239912163 ], [ -62.99942159164177, -21.790726403429495 ], [ -62.999420972539852, -21.790720521774269 ], [ -62.999420759739209, -21.790714613016039 ], [ -62.99942097258733, -21.790708704259316 ], [ -62.999421591736386, -21.790702822608417 ], [ -62.999422617186269, -21.790696986132915 ], [ -62.999424058610586, -21.790691230972012 ], [ -62.999425896661634, -21.790685566160466 ], [ -62.999428121665339, -21.790680036872178 ], [ -62.999430385360988, -21.790675320715749 ], [ -62.999693640462233, -21.790166291877995 ], [ -62.999693988720402, -21.79016562330359 ], [ -62.999696968261446, -21.790160401195845 ], [ -62.999700315406137, -21.790155386889104 ], [ -62.999704001133132, -21.790150580383237 ], [ -62.999708015768491, -21.790146008782603 ], [ -62.999712349638394, -21.790141699191576 ], [ -62.999716964047636, -21.790137651610028 ], [ -62.999717805669306, -21.790136974001626 ], [ -63.000123553456284, -21.789812263550637 ], [ -63.000157139894213, -21.788977972132297 ], [ -62.99956570172543, -21.787866736428601 ], [ -62.999047382023605, -21.787284098021416 ], [ -62.999045041029198, -21.787281360463176 ], [ -62.999043541632908, -21.787279472181087 ], [ -62.998742541107028, -21.786892672251479 ], [ -62.99874035490361, -21.786889753993936 ], [ -62.998738100988724, -21.786886438204579 ], [ -62.998487211098919, -21.786500379020417 ], [ -62.99831218074997, -21.786251134240679 ], [ -62.99830929808747, -21.786246761366943 ], [ -62.998306318699662, -21.786241548255528 ], [ -62.998303706908402, -21.786236163486624 ], [ -62.998301472387013, -21.786230625129917 ], [ -62.998299634482088, -21.786224969324802 ], [ -62.998298202866806, -21.786219223175866 ], [ -62.998297167867712, -21.786213377648128 ], [ -62.99829675194664, -21.786209917314565 ], [ -62.99823320468527, -21.785569023889138 ], [ -62.998233001571627, -21.785566602559779 ], [ -62.998232788827259, -21.785560693796363 ], [ -62.998233001716457, -21.785554785037487 ], [ -62.998233620891824, -21.785548903387376 ], [ -62.998234656026519, -21.785543075950482 ], [ -62.998236097446863, -21.785537311761569 ], [ -62.998236948748186, -21.785534501946916 ], [ -62.998477120257363, -21.784794129299179 ], [ -62.998478106978034, -21.784791292379861 ], [ -62.998478455232089, -21.784790316624264 ], [ -62.998723489174601, -21.784140463303565 ], [ -62.998713213220711, -21.78337120379139 ], [ -62.998567363291421, -21.782894444933515 ], [ -62.998566937680117, -21.782892999360875 ], [ -62.998565970385492, -21.782889331221298 ], [ -62.998461474269028, -21.782452660031797 ], [ -62.998461232448648, -21.782451566817965 ], [ -62.998348621828676, -21.781951958993577 ], [ -62.998348399355379, -21.781950965162569 ], [ -62.998347722268491, -21.7819474325463 ], [ -62.998221756755129, -21.781202222261228 ], [ -62.998110326804088, -21.780798925267554 ], [ -62.998109117722827, -21.780793965144053 ], [ -62.998108082770052, -21.780788137680911 ], [ -62.998107463764498, -21.780782246978909 ], [ -62.998107260705495, -21.780776338212018 ], [ -62.998107260710825, -21.780775931645643 ], [ -62.99810999602505, -21.780205094405474 ], [ -62.998110199232762, -21.780199601244039 ], [ -62.998110828063396, -21.780193710555853 ], [ -62.99811328519003, -21.780182118924156 ], [ -62.998115132831721, -21.780176454120124 ], [ -62.99837670179231, -21.779504727864339 ], [ -62.998378230180961, -21.779501041677008 ], [ -62.998380851647035, -21.779495656956186 ], [ -62.998383831015119, -21.779490434865391 ], [ -62.998387177957817, -21.779485420578734 ], [ -62.998390873128891, -21.779480614096006 ], [ -62.998394887508823, -21.779476042521367 ], [ -62.9983992114242, -21.779471732959095 ], [ -62.99840382552874, -21.779467694443824 ], [ -62.998408720149172, -21.779463945045013 ], [ -62.998413866266176, -21.779460493797156 ], [ -62.998419234860222, -21.779457367804451 ], [ -62.998424825931124, -21.779454585136431 ], [ -62.998430591113618, -21.779452136757854 ], [ -62.998433676838445, -21.779451007435917 ], [ -62.999080168913814, -21.779224771625138 ], [ -62.999375089501697, -21.779121562947903 ], [ -63.000313467528095, -21.778450895401708 ], [ -63.000318507160408, -21.778447521793733 ], [ -63.000323887283088, -21.77844439935269 ], [ -63.000329466670372, -21.778441616619961 ], [ -63.000335229845483, -21.778439180823398 ], [ -63.000337818341286, -21.778438214093359 ], [ -63.000929946552112, -21.778227592312177 ], [ -63.000933277925377, -21.778226470169862 ], [ -63.000939342883882, -21.778224749907533 ], [ -63.000945500705484, -21.7782234072995 ], [ -63.000951751390303, -21.778222449573676 ], [ -63.000958052377143, -21.778221869502424 ], [ -63.000958787524688, -21.778221831551956 ], [ -63.001452158500108, -21.778195168034483 ], [ -63.001826837252111, -21.777820776197728 ], [ -63.002118287370322, -21.777269381774762 ], [ -63.002045784397616, -21.776418128075335 ], [ -63.002045691520173, -21.77641687223748 ], [ -63.00204548443687, -21.776410965279325 ], [ -63.002045691352663, -21.776405060123 ], [ -63.002046312267787, -21.776399173031191 ], [ -63.002047335575135, -21.776393334722371 ], [ -63.00204736652698, -21.776393238952966 ], [ -63.002160157908271, -21.775866793404148 ], [ -63.002161575861876, -21.775861139399286 ], [ -63.002163407812837, -21.775855485388984 ], [ -63.002164380861977, -21.775852923103148 ], [ -63.002421301950662, -21.775210099757565 ], [ -63.002370073876136, -21.774445818420272 ], [ -63.00237003323857, -21.774445084793872 ], [ -63.002302936302648, -21.773293114209487 ], [ -63.002302791134241, -21.773288202885311 ], [ -63.002302998035049, -21.773282297726439 ], [ -63.002303618926241, -21.773276410631443 ], [ -63.002304653808423, -21.77327058316046 ], [ -63.002306093008983, -21.773264822541456 ], [ -63.002307922986788, -21.773259166720855 ], [ -63.002310159218212, -21.773253628347163 ], [ -63.002312341298065, -21.773249056699552 ], [ -63.002535174461464, -21.772816039968806 ], [ -63.002483152418897, -21.772102320911319 ], [ -63.002483131135222, -21.772102089620308 ], [ -63.002483090498238, -21.772101384905152 ], [ -63.002431831151014, -21.771271906242699 ], [ -63.002431676302876, -21.771266705803402 ], [ -63.002431883195527, -21.771260800642949 ], [ -63.00243249440021, -21.771254913546134 ], [ -63.002433529262674, -21.771249084265971 ], [ -63.002434966503422, -21.771243323644477 ], [ -63.002436808057624, -21.771237669627858 ], [ -63.002439032645732, -21.77123213125126 ], [ -63.002441640268437, -21.771226746460872 ], [ -63.002444630926014, -21.771221536940256 ], [ -63.002447973666506, -21.771216509917739 ], [ -63.002451656883544, -21.77121170695359 ], [ -63.00245567283919, -21.771207135275773 ], [ -63.0024599983199, -21.771202823796028 ], [ -63.002464613980777, -21.771198783356404 ], [ -63.0024695082151, -21.771195032026689 ], [ -63.002474650071179, -21.771191591490886 ], [ -63.002480031811132, -21.771188468976934 ], [ -63.002485608941534, -21.771185675327274 ], [ -63.002491373724887, -21.771183239453432 ], [ -63.002497302947162, -21.771181161355685 ], [ -63.002501152592409, -21.771180012068591 ], [ -63.003195488683751, -21.770989649127308 ], [ -63.003197692069307, -21.770989069049328 ], [ -63.003203849561032, -21.770987724549101 ], [ -63.003210099917375, -21.770986768544073 ], [ -63.003216400579113, -21.770986188386271 ], [ -63.003222724463456, -21.770985994918028 ], [ -63.003229046421922, -21.770986188139844 ], [ -63.003235349044061, -21.770986768052055 ], [ -63.003241599443136, -21.770987723813484 ], [ -63.003247756994888, -21.770989068073742 ], [ -63.003253819764623, -21.770990788184097 ], [ -63.003254854731573, -21.770991145942524 ], [ -63.003257752638689, -21.770992132487713 ], [ -63.00417992616994, -21.77132680299578 ], [ -63.0050402855587, -21.771131469724835 ], [ -63.00517883784277, -21.771001575468489 ], [ -63.005465319782338, -21.770733009868628 ], [ -63.005913500856366, -21.770312855473527 ], [ -63.006250099423205, -21.769298823670681 ], [ -63.006218195167314, -21.768471833361065 ], [ -63.006197624340544, -21.767938612497272 ], [ -63.006192945476883, -21.767817333736037 ], [ -63.006192883434757, -21.767814084816298 ], [ -63.006193090168566, -21.767808179648657 ], [ -63.006193710877533, -21.767802292535201 ], [ -63.006194745562908, -21.767796454194229 ], [ -63.00619589442951, -21.767791737973955 ], [ -63.006414541800368, -21.766991750290909 ], [ -63.006414829987314, -21.766990716695947 ], [ -63.006416671331309, -21.766985062632163 ], [ -63.006418897635541, -21.766979522392177 ], [ -63.006421505032982, -21.766974139343276 ], [ -63.006424495458788, -21.766968929748085 ], [ -63.006427836027683, -21.766963902642679 ], [ -63.006431520938101, -21.766959097780401 ], [ -63.006435534714889, -21.766954526003715 ], [ -63.006439859949232, -21.766950214417744 ], [ -63.006444475362734, -21.766946175671961 ], [ -63.006449369349383, -21.766942424222602 ], [ -63.006454512893484, -21.766938983561275 ], [ -63.006459892454259, -21.766935860916341 ], [ -63.0064654712777, -21.766933067131024 ], [ -63.006471233889535, -21.766930631117301 ], [ -63.006474917018046, -21.766929277556642 ], [ -63.006540853591538, -21.766906668027527 ], [ -63.006764891931894, -21.766829845851806 ], [ -63.007791634713456, -21.766477774132046 ], [ -63.007793874757724, -21.766477040398804 ], [ -63.007799933337218, -21.766475319882783 ], [ -63.007806090593434, -21.766473975210555 ], [ -63.007812340723191, -21.76647300818933 ], [ -63.007818643104336, -21.766472438697658 ], [ -63.007824964850236, -21.766472245053478 ], [ -63.007831288551522, -21.766472438099445 ], [ -63.007833998715725, -21.76647264035115 ], [ -63.009282658242292, -21.76659947937214 ], [ -63.009286248593924, -21.766599855019273 ], [ -63.009292489171457, -21.766600821394931 ], [ -63.009295325101988, -21.766601381394665 ], [ -63.010848008215326, -21.76693520669674 ], [ -63.012014328374967, -21.766874336188483 ], [ -63.012748619372339, -21.766391778282198 ], [ -63.013328834208075, -21.765308746223738 ], [ -63.013569783727469, -21.764334297218891 ], [ -63.01324451912393, -21.763145562653264 ], [ -63.012546427704393, -21.762274188055247 ], [ -63.01223964339551, -21.761995582349854 ], [ -63.012238679997942, -21.761994693394019 ], [ -63.012234354354533, -21.761990382293767 ], [ -63.012230340124816, -21.761985810967317 ], [ -63.012226645048599, -21.761981006518607 ], [ -63.012223302011286, -21.761975979787014 ], [ -63.012221336396472, -21.761972637045663 ], [ -63.011869273591678, -21.761342996539 ], [ -63.01186825982667, -21.761341130015996 ], [ -63.011865649914796, -21.76133574725192 ], [ -63.011863415258738, -21.761330209061811 ], [ -63.011861582942764, -21.761324553390065 ], [ -63.011860145230372, -21.761318792885977 ], [ -63.011859109862179, -21.761312965495289 ], [ -63.011858488444936, -21.76130707844505 ], [ -63.011858280981997, -21.761301173295468 ], [ -63.011858487474662, -21.761295266309251 ], [ -63.01185910792465, -21.761289379169988 ], [ -63.011860142334285, -21.761283540789115 ], [ -63.011861331570692, -21.76127864021241 ], [ -63.01210702849783, -21.760387262366201 ], [ -63.0121072663528, -21.760386411267792 ], [ -63.012108952676442, -21.760381181784584 ], [ -63.012663124987576, -21.758830013379313 ], [ -63.012663279696703, -21.758829579695536 ], [ -63.012665505636456, -21.758824050207977 ], [ -63.01266812232528, -21.758818665247773 ], [ -63.012671100749962, -21.75881344650071 ], [ -63.012674442847967, -21.758808430106011 ], [ -63.012676274450847, -21.758805965263505 ], [ -63.013352811286929, -21.757924864094836 ], [ -63.013762973070897, -21.757369184626473 ], [ -63.013765858723453, -21.757365483718594 ], [ -63.013769872001113, -21.757360909951888 ], [ -63.013774196728157, -21.757356589134524 ], [ -63.01377882323554, -21.757352548371745 ], [ -63.013783716706541, -21.757348798508222 ], [ -63.013788857799547, -21.757345355808287 ], [ -63.013789345219614, -21.75734505761816 ], [ -63.014600687597891, -21.756845114148131 ], [ -63.01523106290368, -21.755856024817881 ], [ -63.015140113162332, -21.755127872398024 ], [ -63.014671068059961, -21.75397494662154 ], [ -63.014003569868407, -21.752943771676517 ], [ -63.013006395464764, -21.752501783816559 ], [ -63.013005080118312, -21.752501193041461 ], [ -63.012999503410406, -21.752498399907427 ], [ -63.012994122032836, -21.752495277889718 ], [ -63.012988980474496, -21.752491837826668 ], [ -63.012984086473189, -21.752488088752564 ], [ -63.012979470978671, -21.752484048734644 ], [ -63.012977153541065, -21.752481815504211 ], [ -63.012499347425191, -21.752003640049743 ], [ -63.012498985689064, -21.752003273262609 ], [ -63.011901888636629, -21.751399080746868 ], [ -63.011884657959051, -21.751381645647136 ], [ -63.011883011780228, -21.751379934566607 ], [ -63.011878997856762, -21.751375363225637 ], [ -63.011875303063917, -21.751370558762805 ], [ -63.011871960284807, -21.751365533824515 ], [ -63.011868981127797, -21.75136032454936 ], [ -63.01186637333057, -21.751354939971602 ], [ -63.011864136894893, -21.751349401774942 ], [ -63.011862304705886, -21.751343747903256 ], [ -63.011861797785166, -21.751341921094916 ], [ -63.011797911296938, -21.751098996874699 ], [ -63.011999149866021, -21.751106887892401 ], [ -63.016308991234439, -21.751275673200247 ], [ -63.016309140171408, -21.751275678606472 ], [ -63.015220063022234, -21.743799963712171 ], [ -63.014397215161594, -21.741298928905582 ], [ -63.01439708945172, -21.741298998484865 ], [ -63.014338777906261, -21.741121344942147 ], [ -63.014960778780775, -21.740778700986734 ], [ -63.015066287369329, -21.739495558077479 ], [ -63.014541702142957, -21.738489391529278 ], [ -63.014407336146014, -21.738231671407902 ], [ -63.014404935476776, -21.738226693411995 ], [ -63.014402710751675, -21.738221155239749 ], [ -63.014400868959619, -21.738215499581045 ], [ -63.014399429442477, -21.738209739083047 ], [ -63.014398405742391, -21.738203911690945 ], [ -63.014397784321609, -21.73819802463381 ], [ -63.014397576788596, -21.738192119470984 ], [ -63.014397783144943, -21.738186212465184 ], [ -63.014398403392917, -21.738180327107035 ], [ -63.014399425931515, -21.738174497730007 ], [ -63.014400864300384, -21.738168736981692 ], [ -63.014402704964638, -21.738163081002675 ], [ -63.014404928584895, -21.738157542443442 ], [ -63.014407535164885, -21.738152159250344 ], [ -63.014407773010277, -21.738151714714807 ], [ -63.014594667796686, -21.73780240634693 ], [ -63.01487701979282, -21.737274683337116 ], [ -63.014879759852427, -21.73726991810814 ], [ -63.014883101374679, -21.737264890814245 ], [ -63.014886794916841, -21.737260085746087 ], [ -63.014890807601098, -21.737255513748412 ], [ -63.014895131694075, -21.737251201926505 ], [ -63.014899745922314, -21.737247161123971 ], [ -63.014904638683561, -21.737243411218618 ], [ -63.01490978096782, -21.737239959440871 ], [ -63.014915159239919, -21.737236836510462 ], [ -63.014920736754028, -21.737234053272481 ], [ -63.014921293734609, -21.737233802053314 ], [ -63.016123415437548, -21.736688694216578 ], [ -63.017120036179378, -21.736171274567877 ], [ -63.018671985710682, -21.735135303846874 ], [ -63.019991064718383, -21.734005299280831 ], [ -63.020973971362494, -21.731963799903824 ], [ -63.020756145231402, -21.730845304246369 ], [ -63.020755409697571, -21.730840935079172 ], [ -63.0207547880498, -21.730835048040795 ], [ -63.020754580267955, -21.730829142880872 ], [ -63.020754281154268, -21.728745213726572 ], [ -63.02075448723793, -21.728739308513273 ], [ -63.020755107186631, -21.728733421317848 ], [ -63.020756141004689, -21.728727582858834 ], [ -63.020757567424212, -21.728721831085288 ], [ -63.020759407719993, -21.728716176836414 ], [ -63.020761630951647, -21.72871063818577 ], [ -63.020764248728156, -21.728705253078338 ], [ -63.02076722624048, -21.728700034167268 ], [ -63.020770567361382, -21.728695015784549 ], [ -63.020774260489276, -21.728690212387377 ], [ -63.02077827274961, -21.728685640242627 ], [ -63.020782596410768, -21.728681328262809 ], [ -63.020787210200993, -21.728677287292395 ], [ -63.020792102519287, -21.728673535402542 ], [ -63.020797244358448, -21.728670085245717 ], [ -63.020802612514885, -21.728666962122404 ], [ -63.020808199254461, -21.728664176875384 ], [ -63.020813960096909, -21.728661731317221 ], [ -63.020817011685786, -21.728660608803551 ], [ -63.021709104727854, -21.728347907841567 ], [ -63.021711970670708, -21.728346951577223 ], [ -63.021716492004792, -21.728345635508177 ], [ -63.022475561455721, -21.728142887649195 ], [ -63.02355605795902, -21.727234012543189 ], [ -63.023992803389568, -21.726111261066009 ], [ -63.024431440457725, -21.724778494298203 ], [ -63.024215252464451, -21.723466847310362 ], [ -63.023220656037005, -21.722247964267442 ], [ -63.021567094771697, -21.72089446664852 ], [ -63.021566669276687, -21.720894117957783 ], [ -63.021562056485713, -21.720890078162903 ], [ -63.021557731795795, -21.720885769091193 ], [ -63.021553716479858, -21.720881196160832 ], [ -63.02155002214603, -21.720876393702852 ], [ -63.021546681670237, -21.720871367133906 ], [ -63.021543700860128, -21.720866158013674 ], [ -63.021541093253596, -21.720860773568354 ], [ -63.021538858853802, -21.720855235481633 ], [ -63.021538692475175, -21.72085477111078 ], [ -63.021106625683608, -21.71964491436313 ], [ -63.019699789509325, -21.71913941107724 ], [ -63.019697492027682, -21.71913854942327 ], [ -63.019691730881156, -21.719136114305705 ], [ -63.019686526650702, -21.71913352552891 ], [ -63.018125274280273, -21.718300131589771 ], [ -63.018124901031854, -21.718299927442391 ], [ -63.018119522751007, -21.718296805577438 ], [ -63.018114380353794, -21.718293365658869 ], [ -63.01810948737797, -21.718289616720142 ], [ -63.018104872832758, -21.718285576827846 ], [ -63.01810054832341, -21.718281265857428 ], [ -63.01809653512305, -21.71827669464848 ], [ -63.018092852573076, -21.718271890303519 ], [ -63.018089510343749, -21.718266863663384 ], [ -63.018086520042843, -21.718261654480258 ], [ -63.018083912612163, -21.718256271785673 ], [ -63.018081688053982, -21.718250733649388 ], [ -63.018079846372963, -21.718245078017919 ], [ -63.01807840690865, -21.718239317537964 ], [ -63.018077381268235, -21.718233488347792 ], [ -63.018076759784321, -21.718227603097308 ], [ -63.018076552130118, -21.718221696117954 ], [ -63.018076758308482, -21.718215790900427 ], [ -63.018077378321422, -21.7182099037075 ], [ -63.018078402505118, -21.718204076100651 ], [ -63.01807984052936, -21.718198315306729 ], [ -63.01808168079608, -21.718192659273466 ], [ -63.018083903968879, -21.718187120651773 ], [ -63.018086510052477, -21.718181737388143 ], [ -63.018088702487063, -21.718177821433503 ], [ -63.018646131616407, -21.717239997271246 ], [ -63.018646916564144, -21.717238692546658 ], [ -63.018650257494478, -21.71723367600686 ], [ -63.018653940731404, -21.717228870844597 ], [ -63.018657952741201, -21.717224298745059 ], [ -63.018662285792225, -21.717219986813735 ], [ -63.018666899275289, -21.717215936862125 ], [ -63.018671791261482, -21.717212186836949 ], [ -63.018676932745031, -21.717208743969334 ], [ -63.01868230052218, -21.71720562091069 ], [ -63.018687411178632, -21.71720305985021 ], [ -63.020023090844361, -21.716578812448425 ], [ -63.020800039039727, -21.716163824307419 ], [ -63.021350481325037, -21.715855119243439 ], [ -63.021992602679312, -21.715354958342182 ], [ -63.022529736201321, -21.713848428387426 ], [ -63.022131930103349, -21.712903193987341 ], [ -63.02200618969934, -21.71267471043662 ], [ -63.021578010109693, -21.712587908994106 ], [ -63.020831335953609, -21.712475261843647 ], [ -63.020829775401602, -21.712474980151448 ], [ -63.020823608577722, -21.71247363834286 ], [ -63.020817557724079, -21.712471927896274 ], [ -63.020811630574585, -21.712469841582859 ], [ -63.020805869674945, -21.712467406501883 ], [ -63.020805392014367, -21.712467184303751 ], [ -63.019913294550342, -21.712050505722829 ], [ -63.019908194995374, -21.712047945849669 ], [ -63.019902814974841, -21.712044824040326 ], [ -63.019897674689801, -21.712041373332294 ], [ -63.019892781879349, -21.712037624443266 ], [ -63.019888167483913, -21.712033584597449 ], [ -63.019883843108474, -21.712029273670236 ], [ -63.019879828091675, -21.712024702501168 ], [ -63.01987613597322, -21.712019898193304 ], [ -63.019873621636428, -21.712016186964959 ], [ -63.018869882620699, -21.71045335794328 ], [ -63.018869054830098, -21.710452051593201 ], [ -63.018866076263826, -21.710446833382949 ], [ -63.018863457342803, -21.710441448889814 ], [ -63.018863022128578, -21.710440424383428 ], [ -63.018660710556368, -21.709967966174499 ], [ -63.01715497588053, -21.709767115304903 ], [ -63.017149783842875, -21.709766284632732 ], [ -63.017143628770327, -21.709764940878479 ], [ -63.017137578073317, -21.7097632302969 ], [ -63.017131649154024, -21.709761143851257 ], [ -63.017125888424076, -21.709758708641484 ], [ -63.017120313286604, -21.709755924665739 ], [ -63.017114933411577, -21.709752804571917 ], [ -63.01711362034132, -21.709751962656174 ], [ -63.0170233387786, -21.709473816738868 ], [ -63.059424696152732, -21.699548677673782 ], [ -63.062010286731017, -21.698943058022337 ], [ -63.073260131879728, -21.696307490356563 ], [ -63.071334030344758, -21.686933003743942 ], [ -63.109795582996533, -21.678987394236298 ], [ -63.11318488169735, -21.694392084519272 ], [ -63.117555015818276, -21.693030549514294 ], [ -63.116022182015193, -21.686210916309275 ], [ -63.113805084167247, -21.676717175108934 ], [ -63.108474153630247, -21.653884536631274 ], [ -63.10449869514953, -21.636385276615751 ], [ -63.100389610056169, -21.618736442375848 ], [ -63.100315015757452, -21.618381828241311 ], [ -63.100686007002444, -21.61831055326445 ], [ -63.106865035847612, -21.617140273527145 ], [ -63.119200338911661, -21.614800957673186 ], [ -63.119932949415755, -21.614668705644682 ], [ -63.120671322710479, -21.614562942178214 ], [ -63.121022210902858, -21.614546581507739 ], [ -63.121246789353023, -21.614562075570586 ], [ -63.121418405767521, -21.614595524352133 ], [ -63.121480876123741, -21.614613241499455 ], [ -63.12163338443905, -21.614558266071061 ], [ -63.121640636655421, -21.614555806868761 ], [ -63.121645920460267, -21.614554203814279 ], [ -63.122435051264027, -21.614326519918755 ], [ -63.123071970273237, -21.613843602134594 ], [ -63.123075915704838, -21.613840688146585 ], [ -63.123086190247825, -21.613833792279497 ], [ -63.123096921382299, -21.613827541171048 ], [ -63.123108068547843, -21.613821958342172 ], [ -63.12311958538988, -21.613817070931962 ], [ -63.123131415884224, -21.61381289705179 ], [ -63.123143511736302, -21.613809454807289 ], [ -63.123155826580948, -21.613806758688664 ], [ -63.123158338320344, -21.613806306887259 ], [ -63.124014970501314, -21.613657350490342 ], [ -63.124024936517237, -21.613655825184285 ], [ -63.124037527715892, -21.613656587382703 ], [ -63.124050204822318, -21.61365611804905 ], [ -63.124062795115464, -21.613654685650904 ], [ -63.124075381772982, -21.613655787564888 ], [ -63.12408785897923, -21.613657704514278 ], [ -63.124100182276912, -21.613660422076304 ], [ -63.124111770982076, -21.613663942491254 ], [ -63.12412411761354, -21.613667961070441 ], [ -63.124129708041899, -21.613670221063444 ], [ -63.125113756622035, -21.61408489567793 ], [ -63.125119691355749, -21.614087511356413 ], [ -63.125120642479295, -21.614087953354712 ], [ -63.126003724068582, -21.614500047716675 ], [ -63.126972192518139, -21.614878942754054 ], [ -63.128136544591477, -21.61520163197763 ], [ -63.128143593969988, -21.615203724467424 ], [ -63.128155431770871, -21.615207880469207 ], [ -63.128166955217161, -21.615212750475134 ], [ -63.128167906358833, -21.615213194262854 ], [ -63.129244828630604, -21.615715661265231 ], [ -63.131082176294427, -21.616513711680096 ], [ -63.13349353697901, -21.61752014688004 ], [ -63.13350009448969, -21.617523021964409 ], [ -63.133506955803171, -21.617526341325124 ], [ -63.135315180231785, -21.618444023464562 ], [ -63.135696682820573, -21.61863010398601 ], [ -63.135143892057485, -21.615698535339678 ], [ -63.133063700762278, -21.604665821519458 ], [ -63.131265311992408, -21.595126304709201 ], [ -63.140587396257111, -21.593113123144452 ], [ -63.143913739848983, -21.592394631686034 ], [ -63.188912298534504, -21.582667713760628 ], [ -63.182683994495406, -21.556635771516216 ], [ -63.193856394665929, -21.554189363955096 ], [ -63.193410941185945, -21.546845945404474 ], [ -63.193387647314957, -21.54646192603461 ], [ -63.193365650885745, -21.546099280202206 ], [ -63.193337127345771, -21.545628922723331 ], [ -63.192877827994373, -21.538056237909014 ], [ -63.208753432672985, -21.536946995629702 ], [ -63.198365874305168, -21.494378416602952 ], [ -63.217759214136549, -21.487961156279994 ], [ -63.21818981547441, -21.487857910994475 ], [ -63.225066200101764, -21.486209061241016 ], [ -63.22820643137689, -21.491935722290862 ], [ -63.239973056768378, -21.48818554257214 ], [ -63.240141856908828, -21.488071575706755 ], [ -63.255337729734947, -21.483581482168141 ], [ -63.258515458377701, -21.488280792398236 ], [ -63.263452726899153, -21.487032077376558 ], [ -63.265049352602439, -21.486628229262191 ], [ -63.265124330053375, -21.486609264115938 ], [ -63.268208349169619, -21.485829145599485 ], [ -63.268370381967237, -21.485788157278012 ], [ -63.27334114587623, -21.48453063431068 ], [ -63.278164456763122, -21.4833102532541 ], [ -63.288029842959482, -21.48081364431194 ], [ -63.292966286379631, -21.479564140956896 ], [ -63.310782176611312, -21.473919809522506 ], [ -63.310969852625064, -21.473860344306964 ], [ -63.319998808687501, -21.470998943036168 ], [ -63.323550761442981, -21.470885395646231 ], [ -63.323938280153932, -21.470873008304704 ], [ -63.332424273292844, -21.470601404257661 ], [ -63.333996765903819, -21.485554894676852 ], [ -63.334868913786948, -21.493847045465035 ], [ -63.375824225595281, -21.482780750561652 ], [ -63.375781531685497, -21.482459616553385 ], [ -63.375463931265429, -21.480070665587917 ], [ -63.375091436676399, -21.477268720270636 ], [ -63.412224725419513, -21.466662195188558 ], [ -63.412090221983604, -21.456621342632499 ], [ -63.412350909056769, -21.456060416381948 ], [ -63.412121883114011, -21.444496196614061 ], [ -63.412114978873994, -21.444147751694331 ], [ -63.412114977789656, -21.444147709232503 ], [ -63.412102821736447, -21.443533663536375 ], [ -63.412043382263398, -21.441133991038125 ], [ -63.412043053898216, -21.441120498067132 ], [ -63.412038803201085, -21.440936736535836 ], [ -63.411630797102873, -21.424384049768477 ], [ -63.41163085593297, -21.424384038781902 ], [ -63.438684057812026, -21.419263268572518 ], [ -63.48578006791039, -21.410337453010765 ], [ -63.490949953866419, -21.409356767340249 ], [ -63.485496951305251, -21.401254222724678 ], [ -63.474011487036854, -21.384184532425941 ], [ -63.47400579937436, -21.37748758888252 ], [ -63.474005799228905, -21.37748754370784 ], [ -63.474005856111802, -21.37748753451217 ], [ -63.483538876955578, -21.375939693492672 ], [ -63.483538949261913, -21.375939681538835 ], [ -63.483745836064898, -21.375912567571749 ], [ -63.48374582627347, -21.375912523328424 ], [ -63.479191751982526, -21.355714540103627 ], [ -63.479191190153678, -21.355712011896802 ], [ -63.478243876055487, -21.351387623513173 ], [ -63.478024298289625, -21.350385237859427 ], [ -63.476441498269459, -21.344230164565133 ], [ -63.473447519975856, -21.332585903950271 ], [ -63.469909905321998, -21.318824749089686 ], [ -63.469906728505727, -21.318811523375487 ], [ -63.469820549093335, -21.318425745606689 ], [ -63.469819865215058, -21.318422640351692 ], [ -63.469814634069856, -21.318393487906487 ], [ -63.469811447246862, -21.318364078575122 ], [ -63.46981032345608, -21.318334535182679 ], [ -63.46981064336515, -21.318324465591463 ], [ -63.469810541668046, -21.318319473991625 ], [ -63.469846254955904, -21.31721784653562 ], [ -63.469896179685833, -21.315677450795647 ], [ -63.470156770779468, -21.30852965267345 ], [ -63.470420341503662, -21.297148200196002 ], [ -63.470434669662815, -21.295925630717822 ], [ -63.470429696585967, -21.29516411153001 ], [ -63.470096145964568, -21.294367332667782 ], [ -63.46972712289471, -21.293485807788034 ], [ -63.469650788025547, -21.293303457314487 ], [ -63.469643906867915, -21.293285968273246 ], [ -63.469219897308811, -21.292135593970574 ], [ -63.468804780470208, -21.291009328175942 ], [ -63.468609950714502, -21.290486900062888 ], [ -63.468613119519262, -21.290489324399658 ], [ -63.468292623503814, -21.289619751407365 ], [ -63.468231760127075, -21.289454615996299 ], [ -63.468212129390132, -21.289401356172093 ], [ -63.468139317420089, -21.289203800711064 ], [ -63.467263003746417, -21.287225883434516 ], [ -63.466673170806139, -21.285894545007512 ], [ -63.46366443154335, -21.285897588706288 ], [ -63.463426280446242, -21.285897828650025 ], [ -63.463149819232548, -21.285898101346746 ], [ -63.463150744325958, -21.285901986616647 ], [ -63.46315090059926, -21.285902634908791 ], [ -63.462754870496006, -21.28589849142822 ], [ -63.457210518532442, -21.285903932359016 ], [ -63.456769373673353, -21.285904352505444 ], [ -63.453740231712338, -21.285907238981693 ], [ -63.453729839578003, -21.285907248008947 ], [ -63.450140012681139, -21.285910602806332 ], [ -63.446363681395454, -21.2814190764194 ], [ -63.444762076743196, -21.279433655460011 ], [ -63.439803373532783, -21.273286172207914 ], [ -63.439768233736885, -21.273242606042675 ], [ -63.438569623083588, -21.271756546049104 ], [ -63.438137187621514, -21.271220395135035 ], [ -63.437022865941259, -21.269838785545488 ], [ -63.43674426271042, -21.269658533523199 ], [ -63.436450800778168, -21.269485600051397 ], [ -63.435842696355074, -21.269078965183791 ], [ -63.435476366946062, -21.268832387549647 ], [ -63.434995253011408, -21.268513539483546 ], [ -63.432366262818292, -21.266814336731759 ], [ -63.431613552206699, -21.266306752913483 ], [ -63.431314576558222, -21.266113542204877 ], [ -63.430678611835908, -21.265701669339215 ], [ -63.429578219484455, -21.264986506532725 ], [ -63.428608559246896, -21.264344802349548 ], [ -63.428554348574615, -21.26430887086704 ], [ -63.428491957711806, -21.264264370419337 ], [ -63.428264462065876, -21.264464427356188 ], [ -63.428037641421199, -21.264633114843043 ], [ -63.427824489738384, -21.264733613163838 ], [ -63.427553403281642, -21.264762999549099 ], [ -63.427266503723111, -21.264757165800297 ], [ -63.427030392783351, -21.264682623152222 ], [ -63.426825210721212, -21.264604883801116 ], [ -63.426661209595196, -21.264483203960559 ], [ -63.426466752256673, -21.264274958155177 ], [ -63.425614463504218, -21.262858588969841 ], [ -63.424868345303203, -21.261487123345521 ], [ -63.424529311236277, -21.260900690497941 ], [ -63.424409077488782, -21.260735324997359 ], [ -63.424315000230415, -21.26065068801131 ], [ -63.424253790218117, -21.260607604197613 ], [ -63.424185984381616, -21.26057455969292 ], [ -63.423952508183341, -21.26053740710681 ], [ -63.423564344712872, -21.260514605047913 ] ] ], [ [ [ -63.936093976800464, -20.9267305576616 ], [ -63.983722710488983, -20.962400373930375 ], [ -63.967792248381052, -20.992934084296014 ], [ -63.980751536211095, -21.004866207345049 ], [ -63.976796858336236, -21.003577797425176 ], [ -63.975823755092016, -21.003260749252167 ], [ -63.945194442355472, -20.993277774653098 ], [ -63.938646444812107, -20.991943369283103 ], [ -63.918183603660957, -20.987771445968267 ], [ -63.905671893833954, -21.000000004593474 ], [ -63.905144150969257, -21.000820488273472 ], [ -63.903209870269365, -21.003827950478346 ], [ -63.890719801198557, -21.023244106984102 ], [ -63.876519448949971, -21.03368888586057 ], [ -63.882208190886367, -21.037107580281511 ], [ -63.882532795248544, -21.037302646434014 ], [ -63.93203952667897, -21.067038958876864 ], [ -63.928269997076676, -21.072317002374518 ], [ -63.87821388913418, -21.042686108621989 ], [ -63.874044390830093, -21.053825163970707 ], [ -63.858874851421561, -21.094337300212178 ], [ -63.83255383910619, -21.115914588231533 ], [ -63.832302706422929, -21.116120415062042 ], [ -63.830579302503473, -21.11753285310526 ], [ -63.830259429721806, -21.117795002659399 ], [ -63.805913118496804, -21.13774362011231 ], [ -63.762329792215894, -21.141954431721295 ], [ -63.7544903866076, -21.142710686088428 ], [ -63.754105372434914, -21.142747818222357 ], [ -63.751410343934793, -21.143007691352999 ], [ -63.749196177766727, -21.119036593856016 ], [ -63.746102197351789, -21.118983701489068 ], [ -63.745780934778544, -21.118987527929178 ], [ -63.741981849961434, -21.118913177059415 ], [ -63.716780558225601, -21.127112649019658 ], [ -63.691519179117464, -21.121524088038825 ], [ -63.65839188100648, -21.114188972757418 ], [ -63.641136547320407, -21.110365388712722 ], [ -63.640196979418761, -21.110157129421353 ], [ -63.639112915334792, -21.106309324642357 ], [ -63.638607325127822, -21.105295905949461 ], [ -63.637131746569125, -21.106127942106141 ], [ -63.619784775755122, -21.120081903431856 ], [ -63.615050116028513, -21.123889725954339 ], [ -63.604591178602469, -21.132300119545679 ], [ -63.583828991148835, -21.128929561496847 ], [ -63.570723067012757, -21.128974222127674 ], [ -63.567578475815502, -21.129464724041185 ], [ -63.572423589352255, -21.145780076649064 ], [ -63.57640328072889, -21.159178296956487 ], [ -63.588643100852366, -21.155128887827257 ], [ -63.604580754406918, -21.166043748033619 ], [ -63.579781887549636, -21.170550805703673 ], [ -63.582067149829868, -21.178241999541946 ], [ -63.584957711493288, -21.187969118869532 ], [ -63.58525033946669, -21.188115509459138 ], [ -63.585780332121743, -21.188563756844843 ], [ -63.586132296644863, -21.189362609749917 ], [ -63.586341270671717, -21.190042492277374 ], [ -63.586406725944393, -21.190858911184986 ], [ -63.586260765408035, -21.191689589950929 ], [ -63.586102142915202, -21.191819895588662 ], [ -63.590307615619317, -21.205968570102492 ], [ -63.590585166892865, -21.205933623401851 ], [ -63.591396855989217, -21.205635896697995 ], [ -63.592246387487243, -21.205367198675628 ], [ -63.593152780800281, -21.205479793567367 ], [ -63.593804384658625, -21.206275092863812 ], [ -63.593847463202366, -21.207330806525967 ], [ -63.593303984703354, -21.208003096850579 ], [ -63.592237080873737, -21.208612670716693 ], [ -63.591162531805956, -21.208844444709225 ], [ -63.59153687461076, -21.210103667702317 ], [ -63.591716278558096, -21.210015091588044 ], [ -63.592446925925181, -21.210120377965385 ], [ -63.592933523684394, -21.210686054243634 ], [ -63.593310208300061, -21.211732003565089 ], [ -63.593434907268367, -21.212891050311505 ], [ -63.593496072073258, -21.214259172741684 ], [ -63.593396533631285, -21.215088731463052 ], [ -63.59310868822935, -21.215390715295644 ], [ -63.594520066182163, -21.220137760104304 ], [ -63.594732722507203, -21.220449768766542 ], [ -63.594910826705309, -21.221153116287752 ], [ -63.594906029833204, -21.221435856731603 ], [ -63.595520880898071, -21.22350371014182 ], [ -63.596218246948567, -21.226364558068187 ], [ -63.596520344398378, -21.227603833720227 ], [ -63.596806443936202, -21.228777461271271 ], [ -63.596962861061087, -21.228792239447507 ], [ -63.597735806478148, -21.228843623382783 ], [ -63.598128856100431, -21.228856153761413 ], [ -63.598346172447641, -21.230074011279783 ], [ -63.598748132410535, -21.231739387112572 ], [ -63.598704625670081, -21.232134586650947 ], [ -63.598681398353747, -21.232345567557655 ], [ -63.598682812675939, -21.232347396651662 ], [ -63.598671303024304, -21.232437236698061 ], [ -63.598564051430252, -21.233411438485049 ], [ -63.598559966830983, -21.233448543595628 ], [ -63.598094839911141, -21.234062422869968 ], [ -63.600839660508818, -21.24532022193354 ], [ -63.60102306529506, -21.245334186172748 ], [ -63.601554319354875, -21.245374633834182 ], [ -63.602078160850098, -21.245927406169955 ], [ -63.602052632757342, -21.246603994118907 ], [ -63.602041819256634, -21.247413009906694 ], [ -63.602187730806058, -21.247965458917975 ], [ -63.60262740566089, -21.248517391273261 ], [ -63.60257779524224, -21.249260300789764 ], [ -63.60195119739916, -21.249878625408705 ], [ -63.60263845260635, -21.252696899895856 ], [ -63.603333653869903, -21.253285703281062 ], [ -63.603301858141819, -21.254772093637921 ], [ -63.603298953749395, -21.254903816338267 ], [ -63.603206207382513, -21.25502504237755 ], [ -63.603579375999452, -21.256555218803012 ], [ -63.603758462932404, -21.256582130944526 ], [ -63.604339677994233, -21.256914415727135 ], [ -63.60428638320132, -21.257600652510032 ], [ -63.603951539816642, -21.258081240629988 ], [ -63.604466295999416, -21.260191892037618 ], [ -63.604578380540786, -21.260122222562178 ], [ -63.60493443568933, -21.2602671765395 ], [ -63.604922590289931, -21.26068728318106 ], [ -63.604726759978604, -21.261259845727526 ], [ -63.605120510294483, -21.262874267716025 ], [ -63.605570572634917, -21.262672555976096 ], [ -63.60653463850597, -21.262463172811557 ], [ -63.606951479038067, -21.262924959527695 ], [ -63.606816483560827, -21.2636264345117 ], [ -63.605816423646928, -21.265125440917885 ], [ -63.605723314109248, -21.265345758745074 ], [ -63.60626705319924, -21.267575007466075 ], [ -63.607092248765419, -21.267558417368544 ], [ -63.607880389340075, -21.268157215807719 ], [ -63.607459409971874, -21.269134277469373 ], [ -63.606830893031294, -21.269886588685601 ], [ -63.607284288483868, -21.271745322436935 ], [ -63.607852358904417, -21.271755860559693 ], [ -63.608411402631269, -21.272211663276227 ], [ -63.6088122602333, -21.272943774275486 ], [ -63.60883120260003, -21.273846309239364 ], [ -63.608788673519541, -21.274828059061125 ], [ -63.608291629977337, -21.275700148725701 ], [ -63.608256710018246, -21.275731676200301 ], [ -63.608527203674178, -21.276840498625777 ], [ -63.609712359691123, -21.276376529782077 ], [ -63.610507988541322, -21.276035514273619 ], [ -63.611599639476317, -21.276317420983037 ], [ -63.611588428283866, -21.277702766764932 ], [ -63.610668267897566, -21.278723063451906 ], [ -63.609147771824226, -21.279384296936151 ], [ -63.609730908093574, -21.281774569388254 ], [ -63.610256671636087, -21.28180211884003 ], [ -63.611241487743271, -21.281434698586366 ], [ -63.612234094624917, -21.281360833759152 ], [ -63.612922560755138, -21.281699739349708 ], [ -63.613019117177323, -21.281747363592604 ], [ -63.613121803597167, -21.281897105736274 ], [ -63.613127933469237, -21.281999205622864 ], [ -63.613172909840678, -21.282747444076406 ], [ -63.612266139808092, -21.283665388626464 ], [ -63.611311494911718, -21.284543368911329 ], [ -63.610687016557883, -21.285362449627666 ], [ -63.610724232460583, -21.285846006138698 ], [ -63.61081392122486, -21.286213610273343 ], [ -63.611434151678623, -21.286497231220128 ], [ -63.61253863345317, -21.286839084461025 ], [ -63.61260382818989, -21.287485831705766 ], [ -63.611969423495118, -21.288118074022329 ], [ -63.611473314711759, -21.288783593545066 ], [ -63.611456286275128, -21.288846390535547 ], [ -63.611601181545382, -21.289440240252357 ], [ -63.612162262827795, -21.289924680882269 ], [ -63.613220063849695, -21.290331443167961 ], [ -63.61463311142861, -21.290778481016357 ], [ -63.614854085092247, -21.291735442364779 ], [ -63.614721197014767, -21.292812667968875 ], [ -63.61418838448067, -21.293893702035959 ], [ -63.614062926649368, -21.294495968713868 ], [ -63.615075494783071, -21.295072252477439 ], [ -63.615970050490304, -21.295789888920048 ], [ -63.616066865981345, -21.296547313573861 ], [ -63.615194551038783, -21.297156026041456 ], [ -63.613868127650406, -21.297658007651936 ], [ -63.613655561830022, -21.297859506070996 ], [ -63.613888502508665, -21.298814077853553 ], [ -63.613933713723725, -21.298846451122692 ], [ -63.614622393769125, -21.299459280621551 ], [ -63.614643297718558, -21.300322339535558 ], [ -63.614339025106908, -21.300660244209169 ], [ -63.614901311499835, -21.302964329132056 ], [ -63.615029889583347, -21.303018733543794 ], [ -63.615572356311787, -21.3029811343829 ], [ -63.61626070696812, -21.302727172707307 ], [ -63.617135969936541, -21.302499194061202 ], [ -63.617735587045196, -21.302786934258204 ], [ -63.618165684556125, -21.303572171321857 ], [ -63.617892777225009, -21.304290655867945 ], [ -63.617769313309488, -21.304556284503253 ], [ -63.634871690448065, -21.304367197463037 ], [ -63.640297169172868, -21.327997425564636 ], [ -63.640302882698826, -21.327993247759625 ], [ -63.640345584454643, -21.327936749028972 ], [ -63.640346561640619, -21.327935502107525 ], [ -63.640348553528455, -21.327933209599543 ], [ -63.640350700250266, -21.327931043893681 ], [ -63.640352994131213, -21.327929014053929 ], [ -63.640355425567861, -21.327927129151828 ], [ -63.640356748393351, -21.327926203459072 ], [ -63.64048817875419, -21.327837484432607 ], [ -63.640489413383804, -21.327836678335242 ], [ -63.640492085317497, -21.327835106928909 ], [ -63.640494862120228, -21.327833703171756 ], [ -63.640497730315893, -21.327832472536105 ], [ -63.640499701030954, -21.327831745851896 ], [ -63.640807780145217, -21.327725448353803 ], [ -63.641003038221328, -21.327637414429727 ], [ -63.641005311671421, -21.327636456196014 ], [ -63.641006191557935, -21.327636120357745 ], [ -63.641222397423192, -21.327555898283556 ], [ -63.641224465567717, -21.327555182061239 ], [ -63.641227480924243, -21.327554312247287 ], [ -63.641230551091567, -21.327553629246253 ], [ -63.641233661617612, -21.32755313582371 ], [ -63.641236799974905, -21.327552833834432 ], [ -63.641239952671746, -21.32755272513684 ], [ -63.64175779181442, -21.32755074929667 ], [ -63.641760945351187, -21.327550833932516 ], [ -63.641764086229074, -21.327551111963043 ], [ -63.641767200940578, -21.327551581632843 ], [ -63.641768839696489, -21.327551908764526 ], [ -63.641926668879691, -21.327586068833146 ], [ -63.642136707700971, -21.327610923098604 ], [ -63.642327726134035, -21.327602055708571 ], [ -63.642542928510217, -21.327483329134044 ], [ -63.642543115135233, -21.327483227230168 ], [ -63.642545891910949, -21.327481823439754 ], [ -63.642547988086342, -21.327480902905915 ], [ -63.642764154416184, -21.327391857366045 ], [ -63.642764926410656, -21.327391547228796 ], [ -63.642767874421764, -21.327390494236912 ], [ -63.642770889765053, -21.327389624395575 ], [ -63.642773958956774, -21.327388941370302 ], [ -63.642777070441561, -21.327388448819185 ], [ -63.642777560991398, -21.327388388217056 ], [ -63.643088110301136, -21.327351913137303 ], [ -63.643090757135575, -21.327351671720333 ], [ -63.643093909825787, -21.327351562988099 ], [ -63.643371707607869, -21.327350500180124 ], [ -63.643748861031007, -21.327280048128728 ], [ -63.644165780228491, -21.327130646112785 ], [ -63.644445046466295, -21.326998473533223 ], [ -63.644638651521987, -21.326902505546304 ], [ -63.644845518982464, -21.326758010750829 ], [ -63.645009648334721, -21.32654256706174 ], [ -63.645010520008313, -21.326541458752381 ], [ -63.645012511803913, -21.32653916619109 ], [ -63.645013082902466, -21.326538562277417 ], [ -63.645103471410373, -21.326444631344891 ], [ -63.645193630947873, -21.326299665938773 ], [ -63.645230254303392, -21.326230325474597 ], [ -63.645231614075563, -21.326227935952566 ], [ -63.645232021981371, -21.326227279358669 ], [ -63.645281303363447, -21.326149600808318 ], [ -63.646132288550412, -21.32595679626511 ], [ -63.675547340747435, -21.317115932875932 ], [ -63.710072609934535, -21.306731304080355 ], [ -63.710256349973911, -21.306676015421921 ], [ -63.715483034272239, -21.30510316905664 ], [ -63.740631599937402, -21.297532588234663 ], [ -63.759175630318239, -21.297449968601381 ], [ -63.759371946412031, -21.297449083021096 ], [ -63.773889311947265, -21.297382942711238 ], [ -63.773978204192815, -21.297384169261221 ], [ -63.774138627936587, -21.297382930072818 ], [ -63.774495726235394, -21.297380171501846 ], [ -63.774551273271662, -21.297318194306932 ], [ -63.774624037311753, -21.297274066357218 ], [ -63.77491322031014, -21.297090464297515 ], [ -63.775154938477364, -21.29697580565086 ], [ -63.775328949472865, -21.296821157387082 ], [ -63.775557375588235, -21.296548845740748 ], [ -63.775715600083693, -21.296321024461481 ], [ -63.775787409872535, -21.29621719719443 ], [ -63.775786563866475, -21.296215808843421 ], [ -63.775791555008595, -21.296213105238635 ], [ -63.77587272640573, -21.295884045324797 ], [ -63.776036399610341, -21.295881596808712 ], [ -63.77605079344405, -21.295907432082991 ], [ -63.776065534587978, -21.29593313113725 ], [ -63.77608059233107, -21.295958720313685 ], [ -63.776095832774075, -21.295984219202452 ], [ -63.776111236959117, -21.29600968932704 ], [ -63.776126679563411, -21.296035131265224 ], [ -63.776142102944874, -21.296060583228591 ], [ -63.776157517465812, -21.296085999092323 ], [ -63.77617314988133, -21.29611123415884 ], [ -63.776189005002117, -21.296136286598824 ], [ -63.776205090777559, -21.296161201549243 ], [ -63.776221321466636, -21.296185990247089 ], [ -63.776237743247584, -21.296210634409878 ], [ -63.776254328386749, -21.296235176628674 ], [ -63.776270989224436, -21.296259629956271 ], [ -63.776287804839058, -21.296283999448782 ], [ -63.776304706851427, -21.296308298070162 ], [ -63.776321676009488, -21.296332531329949 ], [ -63.776338693284259, -21.29635674719994 ], [ -63.776355739300371, -21.296380927700049 ], [ -63.776372806478484, -21.296405098162399 ], [ -63.776389861129935, -21.296429268680583 ], [ -63.776406896601458, -21.29645345735474 ], [ -63.776423895682917, -21.296477691368402 ], [ -63.776440806269555, -21.296501961927238 ], [ -63.776457650581328, -21.296526277963423 ], [ -63.776474408653684, -21.296550692873989 ], [ -63.776491032105049, -21.296575172550174 ], [ -63.77650751259128, -21.296599780273578 ], [ -63.776523827735708, -21.296624477298135 ], [ -63.776539981698143, -21.29664932142693 ], [ -63.776555922307253, -21.296674291217382 ], [ -63.77657167198705, -21.296699434450076 ], [ -63.776587162291712, -21.296724751440873 ], [ -63.77660241257756, -21.296750256556066 ], [ -63.776617374714412, -21.296775963569896 ], [ -63.776631991535076, -21.296801817634417 ], [ -63.776646165478112, -21.296827782157546 ], [ -63.776659894463357, -21.296853828237897 ], [ -63.776673228729209, -21.296879976423625 ], [ -63.776686159641955, -21.296906234885899 ], [ -63.776698735407557, -21.296932604305884 ], [ -63.77671094454297, -21.2969591009991 ], [ -63.776722836213438, -21.296985724738768 ], [ -63.776734390226466, -21.297012485556319 ], [ -63.776745657689673, -21.297039385926396 ], [ -63.776756664650662, -21.297066429342749 ], [ -63.776767382254917, -21.297093628587181 ], [ -63.776777870272184, -21.297120983383927 ], [ -63.776788148068327, -21.297148509906133 ], [ -63.776798203063457, -21.297176199177187 ], [ -63.776808077731737, -21.297204061842777 ], [ -63.776817777947493, -21.297232115041759 ], [ -63.776827355815755, -21.29726036756843 ], [ -63.776836769835711, -21.297288810579598 ], [ -63.776845403849592, -21.297317419814974 ], [ -63.776852900691011, -21.297346106576004 ], [ -63.776859366307662, -21.297374852304376 ], [ -63.77686493465179, -21.297403647347316 ], [ -63.776869704880383, -21.297432465046551 ], [ -63.776873779213481, -21.297461311254683 ], [ -63.776877285743446, -21.297490161890256 ], [ -63.776880368044125, -21.297519003642055 ], [ -63.776883064695525, -21.297547839945903 ], [ -63.776885559666127, -21.297576639234673 ], [ -63.77688791847671, -21.297605394881661 ], [ -63.776890006827422, -21.297634233992778 ], [ -63.77688763314309, -21.297663183142845 ], [ -63.776880429080066, -21.297692045268153 ], [ -63.776869899457509, -21.297720807098244 ], [ -63.776857467988776, -21.297749431343316 ], [ -63.776844631930302, -21.297777932775809 ], [ -63.776832826855738, -21.29780632916362 ], [ -63.776823470479286, -21.297834541685997 ], [ -63.776818007219291, -21.297862619692157 ], [ -63.776817815356893, -21.297890501709421 ], [ -63.776824314532547, -21.297918291409143 ], [ -63.776836555020417, -21.297945229740357 ], [ -63.77685173567761, -21.297970293348744 ], [ -63.776869405236916, -21.297993648748204 ], [ -63.776889292291962, -21.298015566425175 ], [ -63.776911025756043, -21.298036244145099 ], [ -63.776934236935666, -21.298055968202686 ], [ -63.77695859326721, -21.298074928958076 ], [ -63.776983735659456, -21.298093405434152 ], [ -63.777009331762407, -21.298111628646669 ], [ -63.777034955443987, -21.298129778546578 ], [ -63.777061016205217, -21.298146895563505 ], [ -63.777088165832993, -21.298161895232674 ], [ -63.77711626170165, -21.298175154959697 ], [ -63.777145109873288, -21.298187010827462 ], [ -63.777174494280153, -21.298197807152508 ], [ -63.777204200682966, -21.298207869270115 ], [ -63.777234070913437, -21.298217552071275 ], [ -63.777263881092416, -21.29822718093607 ], [ -63.777293394960438, -21.298237110212909 ], [ -63.777322478526891, -21.298247709137144 ], [ -63.777350882758036, -21.298259286039439 ], [ -63.777378388609897, -21.298272168988454 ], [ -63.777404842047254, -21.298286765258279 ], [ -63.7774299852939, -21.298303370571624 ], [ -63.777453636243685, -21.298322370649107 ], [ -63.777475547534834, -21.29834402502679 ], [ -63.777496135456374, -21.2983670154245 ], [ -63.777515791214121, -21.298390386873194 ], [ -63.777534560815383, -21.298414088566268 ], [ -63.777552541760805, -21.298438145350822 ], [ -63.77756972432892, -21.298462541912993 ], [ -63.777586185575977, -21.298487265248433 ], [ -63.777601953382749, -21.298512300772963 ], [ -63.777617049860112, -21.29853763663959 ], [ -63.777631549048657, -21.298563236367496 ], [ -63.777645471440103, -21.298589146842648 ], [ -63.777658873432429, -21.298615276554056 ], [ -63.77767176789547, -21.298641689588838 ], [ -63.777684247029718, -21.298668319567653 ], [ -63.777696314753001, -21.298695178217645 ], [ -63.77770801632267, -21.298722255391603 ], [ -63.777719400904623, -21.298749550862379 ], [ -63.777730515356403, -21.298776992135867 ], [ -63.777741372543119, -21.29880464239567 ], [ -63.777752142149062, -21.298832320163395 ], [ -63.777762814253279, -21.298859972180086 ], [ -63.777773458399722, -21.298887623421688 ], [ -63.777784026196201, -21.298915237972921 ], [ -63.77779448598622, -21.298942845794656 ], [ -63.777804879256728, -21.2989704530195 ], [ -63.777815148217542, -21.298998069852708 ], [ -63.777825299421977, -21.299025659221716 ], [ -63.777835336973311, -21.299053268088066 ], [ -63.777845238793631, -21.299080914623243 ], [ -63.777854995864203, -21.299108533819037 ], [ -63.777864598929597, -21.299136198899419 ], [ -63.777874046830782, -21.299163872827474 ], [ -63.777883342616697, -21.299191585403598 ], [ -63.777892435083622, -21.299219316084763 ], [ -63.777901353295455, -21.299247091840748 ], [ -63.777910061553932, -21.299274907415764 ], [ -63.777918575255093, -21.299302757317843 ], [ -63.777926878071959, -21.299330653367615 ], [ -63.777934931590089, -21.299358623750301 ], [ -63.777942743379015, -21.29938664132678 ], [ -63.777950342298155, -21.299414694218601 ], [ -63.777957653456234, -21.299442840594093 ], [ -63.777964733522538, -21.299471040438629 ], [ -63.777971516087227, -21.299499314839089 ], [ -63.777978017634048, -21.299527681788692 ], [ -63.777984231262309, -21.299556112408297 ], [ -63.777990137833655, -21.299584633890589 ], [ -63.777995753746204, -21.299613247966668 ], [ -63.778001013535068, -21.299641972105224 ], [ -63.778005581574426, -21.299670781657039 ], [ -63.778009397114708, -21.299699674192659 ], [ -63.778012519024109, -21.299728661185139 ], [ -63.778015025194982, -21.299757705232079 ], [ -63.778017028372801, -21.299786796777649 ], [ -63.778018579651693, -21.299815935585663 ], [ -63.778019765557801, -21.299845076082605 ], [ -63.778020688522417, -21.299874263871974 ], [ -63.778021392596656, -21.299903442734934 ], [ -63.77802199939299, -21.299932639213452 ], [ -63.778022577177985, -21.299961818660002 ], [ -63.778023193287524, -21.299990952755735 ], [ -63.77802395400937, -21.300020087086306 ], [ -63.778024917846224, -21.300049163559116 ], [ -63.778026178344078, -21.300078188066003 ], [ -63.778027825995267, -21.300107135794896 ], [ -63.7780299062767, -21.300136038157035 ], [ -63.778032544215343, -21.300164837655732 ], [ -63.778035780301543, -21.300193534103741 ], [ -63.778039739876277, -21.300222129632044 ], [ -63.778044449045332, -21.300250638575378 ], [ -63.77804978544151, -21.300279074147983 ], [ -63.778055680698451, -21.300307452024857 ], [ -63.778062077894788, -21.300335764337888 ], [ -63.778068907804666, -21.300364046642379 ], [ -63.778076170200031, -21.300392255572774 ], [ -63.778083771806074, -21.300420436733759 ], [ -63.778091689566622, -21.300448605590852 ], [ -63.778099849990497, -21.300476720020708 ], [ -63.778108191568769, -21.300504816446487 ], [ -63.7781166979508, -21.300532902171529 ], [ -63.778125301600745, -21.30056096756989 ], [ -63.778133933183049, -21.300589027417654 ], [ -63.778142583066789, -21.300617083566308 ], [ -63.778151156760593, -21.300645133742293 ], [ -63.778159635064242, -21.30067319339345 ], [ -63.778167948651607, -21.300701279102778 ], [ -63.778176058879637, -21.300729375690061 ], [ -63.778183901199498, -21.300757491584996 ], [ -63.778191413964038, -21.300785637010829 ], [ -63.778198600103245, -21.300813819181851 ], [ -63.778205342928551, -21.300842031409942 ], [ -63.778211970679124, -21.300870359814013 ], [ -63.778219401701293, -21.300899091065137 ], [ -63.778227450080728, -21.300928254030538 ], [ -63.778235838563681, -21.30095774157564 ], [ -63.778244295903988, -21.300987489001358 ], [ -63.778251458642771, -21.301018363620688 ], [ -63.778259184014658, -21.301048431548505 ], [ -63.778266140317108, -21.301078549109352 ], [ -63.778272025405727, -21.301108642712514 ], [ -63.778276578766217, -21.301138672003209 ], [ -63.7782795125242, -21.301168527185947 ], [ -63.778280565324636, -21.301198191400076 ], [ -63.778279438716623, -21.301227560319763 ], [ -63.77827586053548, -21.301256578284985 ], [ -63.778269550775477, -21.30128516527817 ], [ -63.778260242167924, -21.301313280071817 ], [ -63.778247641148162, -21.301340830965607 ], [ -63.778231481306662, -21.301367756851302 ], [ -63.778211536472099, -21.301393948550302 ], [ -63.778189490633793, -21.301418075592995 ], [ -63.778166282589524, -21.30143973068953 ], [ -63.778142061372222, -21.301459204068024 ], [ -63.778116924572572, -21.30147672024103 ], [ -63.778090996395846, -21.301492614725106 ], [ -63.778064397665098, -21.301507129994921 ], [ -63.778037251283642, -21.301520537426736 ], [ -63.778009668566988, -21.30153310483653 ], [ -63.777981772518011, -21.30154512257311 ], [ -63.777953683152205, -21.301556862929754 ], [ -63.777925516562092, -21.301568585569363 ], [ -63.777897389851653, -21.301580559184941 ], [ -63.777869439624524, -21.301593093939125 ], [ -63.777841754831769, -21.301606421612956 ], [ -63.77781414414995, -21.301619360447219 ], [ -63.777786361044825, -21.301630862651646 ], [ -63.777758438724049, -21.301641192789596 ], [ -63.777730385624402, -21.301650671554281 ], [ -63.777702242584851, -21.301659548114767 ], [ -63.777674030441361, -21.301668117809871 ], [ -63.777645760398684, -21.301676677829672 ], [ -63.777617472445158, -21.301685499030675 ], [ -63.777589187392401, -21.301694872234396 ], [ -63.777560915385337, -21.301705076566506 ], [ -63.777532698434925, -21.301716400943643 ], [ -63.77750455633582, -21.301729126253907 ], [ -63.777476509874987, -21.301743538801603 ], [ -63.777448590477164, -21.301759931166245 ], [ -63.777420806343933, -21.301778579772161 ], [ -63.777393200420811, -21.301799768110964 ], [ -63.777365994425921, -21.301823492448147 ], [ -63.777340891560705, -21.301847856662238 ], [ -63.777318788979599, -21.301872416619691 ], [ -63.777300369850927, -21.30189710230945 ], [ -63.777286280699826, -21.301921842082624 ], [ -63.777277183438677, -21.301946556991517 ], [ -63.77727372652167, -21.301971175377972 ], [ -63.777275003469036, -21.301995834239364 ], [ -63.777281004893879, -21.302020398098207 ], [ -63.777289589995114, -21.302045131620822 ], [ -63.777301491849592, -21.302069922100749 ], [ -63.7773164778351, -21.302094716403477 ], [ -63.777334337459898, -21.302119453160905 ], [ -63.77735483813472, -21.302144085562542 ], [ -63.777377748219855, -21.302168564083015 ], [ -63.777402846737097, -21.302192849989407 ], [ -63.777429890567973, -21.302216910975439 ], [ -63.777458648922135, -21.302240675828713 ], [ -63.777488200175895, -21.30226305289597 ], [ -63.777517737836114, -21.302283027691249 ], [ -63.777547254944636, -21.30230074389867 ], [ -63.777576751391578, -21.302316364143543 ], [ -63.777606257005488, -21.302330060851034 ], [ -63.777635773452836, -21.302341967727219 ], [ -63.777664459469726, -21.302351791417724 ], [ -63.777693995479595, -21.302360635426581 ], [ -63.777723536215397, -21.302368178410156 ], [ -63.777753110442418, -21.302374573825613 ], [ -63.777782716218702, -21.302380002376125 ], [ -63.777812366794471, -21.302384600424514 ], [ -63.777842053417807, -21.302388536960287 ], [ -63.777871784671014, -21.302391977278987 ], [ -63.777901570902984, -21.302395055949901 ], [ -63.777933114086913, -21.302398207805982 ], [ -63.777958703753747, -21.302400573151353 ], [ -63.777984603820478, -21.302403480947305 ], [ -63.778025785322399, -21.302407979572454 ], [ -63.778053732196959, -21.302411446177903 ], [ -63.778078451241775, -21.302414899695233 ], [ -63.778111415613338, -21.302420820409129 ], [ -63.778146445970037, -21.302427279970203 ], [ -63.778171459125332, -21.302431843382948 ], [ -63.77820531232755, -21.30243830114717 ], [ -63.778234436825052, -21.302443686669449 ], [ -63.778259161730467, -21.302448251402016 ], [ -63.778296835575667, -21.302455250726766 ], [ -63.7783280381095, -21.30246144878037 ], [ -63.778353351619486, -21.302466292659471 ], [ -63.778386262999568, -21.302473313991449 ], [ -63.778416700599237, -21.302478883136963 ], [ -63.778447146925195, -21.30248446127127 ], [ -63.778477572955552, -21.302490029555695 ], [ -63.778508010561559, -21.302495598684487 ], [ -63.778538437660146, -21.302501185925728 ], [ -63.778568864856062, -21.302506791230371 ], [ -63.778599283472708, -21.302512414638578 ], [ -63.778629700310901, -21.302518066057015 ], [ -63.778660098050864, -21.302523751890146 ], [ -63.778690488375624, -21.302529493767246 ], [ -63.778720857678799, -21.302535270971408 ], [ -63.778751238876637, -21.30254110955098 ], [ -63.778781590538287, -21.302547014215062 ], [ -63.778811931973571, -21.302552990295126 ], [ -63.778842246707782, -21.302559021604925 ], [ -63.778872551401427, -21.302565159565219 ], [ -63.778902827565936, -21.302571371736615 ], [ -63.778933085022935, -21.302577692405581 ], [ -63.778963323667746, -21.302584101696233 ], [ -63.778993534012145, -21.3025906285636 ], [ -63.779024679013794, -21.302598887569367 ], [ -63.779164647472655, -21.302630394082875 ], [ -63.779386779686078, -21.302691930785144 ], [ -63.779604297469739, -21.302764890365083 ], [ -63.779816554171617, -21.302846023341814 ], [ -63.780024444723544, -21.302932633244005 ], [ -63.78022888944237, -21.303022086721221 ], [ -63.780430772474084, -21.303111840933493 ], [ -63.78063089740035, -21.303199434722977 ], [ -63.78083002556302, -21.303282443263125 ], [ -63.781028857021788, -21.303358523320867 ], [ -63.781228132020537, -21.303425457959481 ], [ -63.781428668395513, -21.303481120225786 ], [ -63.781635387479767, -21.303524538613757 ], [ -63.78184899805472, -21.303562132578062 ], [ -63.782065064140404, -21.303597332405541 ], [ -63.782281705666591, -21.303630123336795 ], [ -63.782498885753633, -21.303660825369757 ], [ -63.782716644673194, -21.303689762661033 ], [ -63.782934936080942, -21.303717287777495 ], [ -63.783153742221494, -21.303743689910245 ], [ -63.783373055269202, -21.303769312412381 ], [ -63.783592886581332, -21.303794479574805 ], [ -63.783813180099131, -21.30381952865088 ], [ -63.784033841030457, -21.303844764549769 ], [ -63.784254455022243, -21.303870226243387 ], [ -63.784474788928669, -21.303895581438457 ], [ -63.784694850648421, -21.303920502139771 ], [ -63.784914609592164, -21.303944674987211 ], [ -63.785134054238924, -21.303967746779215 ], [ -63.785353192687921, -21.303989428369022 ], [ -63.78557199423377, -21.304009385617736 ], [ -63.785790457043106, -21.304027275216992 ], [ -63.786008589305759, -21.304042826089315 ], [ -63.786224556678931, -21.304055558933406 ], [ -63.78643437498588, -21.30406139062735 ], [ -63.786641386104861, -21.30405241828527 ], [ -63.786851494306738, -21.304031216302278 ], [ -63.787064975521893, -21.304000909381113 ], [ -63.787281763691091, -21.303964849689816 ], [ -63.787501806896714, -21.303926506781011 ], [ -63.787725144928245, -21.303889549444197 ], [ -63.787951875132372, -21.303857769070351 ], [ -63.788181497521926, -21.30383520920439 ], [ -63.788407956471318, -21.30382472516029 ], [ -63.788630057929034, -21.303816275969808 ], [ -63.788852671368957, -21.303808022849829 ], [ -63.78907681461267, -21.303801000014829 ], [ -63.789302233543069, -21.303796365090736 ], [ -63.789528693133896, -21.30379523857281 ], [ -63.789755948985906, -21.303798789788683 ], [ -63.789983727707892, -21.303808173747651 ], [ -63.790211814021035, -21.303824593974749 ], [ -63.790439886553138, -21.303849244556183 ], [ -63.790651326975748, -21.303880812232464 ], [ -63.793386213400439, -21.30277876369966 ], [ -63.819888490389083, -21.292096253375291 ], [ -63.820066704036876, -21.292024400095698 ], [ -63.821230542099471, -21.291555149864379 ], [ -63.821614129262429, -21.291400493319777 ], [ -63.822671471134306, -21.290974161686915 ], [ -63.832883853341826, -21.286856033445797 ], [ -63.914442669878888, -21.254828791405551 ], [ -63.917182858560743, -21.251894744054407 ], [ -63.917573602632892, -21.250636173631744 ], [ -63.918700378123376, -21.251339966895873 ], [ -63.920194166619183, -21.25234600491936 ], [ -63.920803949592539, -21.252545512284122 ], [ -63.92212988819837, -21.252652360471394 ], [ -63.922563799837306, -21.252840146847856 ], [ -63.923281533358931, -21.253001021760532 ], [ -63.923864113424194, -21.253457835840802 ], [ -63.924326345307669, -21.253565775276172 ], [ -63.92471929829005, -21.253690392579049 ], [ -63.925410393648498, -21.25358746671882 ], [ -63.926668726125413, -21.254021975265431 ], [ -63.927870530237122, -21.255216604622284 ], [ -63.92828179046397, -21.255346667913678 ], [ -63.928866661067474, -21.25516351080617 ], [ -63.929393021502889, -21.254995806160217 ], [ -63.929828859101114, -21.255487815493137 ], [ -63.930076013092183, -21.256082284101687 ], [ -63.930083365130848, -21.25651723083681 ], [ -63.930336692160679, -21.25667667669833 ], [ -63.930894796077673, -21.256929425288664 ], [ -63.931318232476663, -21.257164417921082 ], [ -63.931573343324104, -21.257305994411119 ], [ -63.931915418077828, -21.258265290818059 ], [ -63.932367111200257, -21.259124845470073 ], [ -63.932442649719121, -21.25967806713097 ], [ -63.932305478744901, -21.260075980926107 ], [ -63.931692843627758, -21.260479476916164 ], [ -63.931527038679512, -21.260523262900985 ], [ -63.931242899196143, -21.260504526230786 ], [ -63.931132210831159, -21.260509650485368 ], [ -63.931007134432065, -21.260551622693725 ], [ -63.930920647671826, -21.26064139274153 ], [ -63.930901679666732, -21.260770849659114 ], [ -63.930908190848506, -21.26086512378944 ], [ -63.930985888041995, -21.261000739529674 ], [ -63.931114743314403, -21.261127311873295 ], [ -63.931223100548358, -21.261183775930125 ], [ -63.931350778711383, -21.261201120439182 ], [ -63.931569748973189, -21.261190884840463 ], [ -63.931750408167801, -21.261212448924866 ], [ -63.931945380552627, -21.261213627766026 ], [ -63.932104377469557, -21.261235311246939 ], [ -63.93227609810647, -21.261234291914349 ], [ -63.932498099868994, -21.261323314652046 ], [ -63.932694841018971, -21.261472186672552 ], [ -63.93281613364627, -21.261706836537194 ], [ -63.932879665562886, -21.261829493870486 ], [ -63.932937526781991, -21.261957530977412 ], [ -63.932950932764726, -21.262264057221071 ], [ -63.942712933672723, -21.253323479965609 ], [ -63.943103082503754, -21.252966116771987 ], [ -63.951454723944018, -21.245315872923044 ], [ -63.958413200827131, -21.237322518852611 ], [ -63.958410626545728, -21.237320812413863 ], [ -63.958408177496558, -21.237318950774355 ], [ -63.958405863373983, -21.237316942913523 ], [ -63.958403694835937, -21.23731479780524 ], [ -63.958401679649512, -21.23731252443989 ], [ -63.958399827514917, -21.237310132700156 ], [ -63.958398146199237, -21.23730763157651 ], [ -63.958396643487177, -21.237305032769445 ], [ -63.958395325236133, -21.237302347990511 ], [ -63.958394196334169, -21.237299588053272 ], [ -63.958393262638744, -21.237296764669264 ], [ -63.958392528085945, -21.237293890464372 ], [ -63.958391995636632, -21.237290976263093 ], [ -63.958391685105525, -21.237288255041925 ], [ -63.95819669731334, -21.234898662406831 ], [ -63.958020661876212, -21.233873460286343 ], [ -63.958020501163006, -21.233872448435779 ], [ -63.958020172855576, -21.233869508679344 ], [ -63.9580200506648, -21.233866554200848 ], [ -63.958020134684006, -21.233863599454882 ], [ -63.958020424989058, -21.233860656185836 ], [ -63.958020918770941, -21.233857737057839 ], [ -63.958021553986285, -21.233855082739925 ], [ -63.958211933761966, -21.233157548526137 ], [ -63.958211996850046, -21.233157320499398 ], [ -63.958212893963207, -21.233154486714501 ], [ -63.95821398611357, -21.233151713256269 ], [ -63.958215270498016, -21.233149013692287 ], [ -63.958216739472171, -21.233146398003921 ], [ -63.958218388299947, -21.233143878866297 ], [ -63.958220209331145, -21.233141465357352 ], [ -63.958222193969569, -21.233139169270604 ], [ -63.958224335528612, -21.233136999678557 ], [ -63.958224434180565, -21.233136906966759 ], [ -63.958710099931153, -21.232678672052568 ], [ -63.958712289210709, -21.232676731658845 ], [ -63.958714713938249, -21.232674842327125 ], [ -63.958717265885191, -21.232673105858311 ], [ -63.958719932571952, -21.232671529550927 ], [ -63.958722704409631, -21.232670120686969 ], [ -63.958725567943368, -21.232668884763616 ], [ -63.958728511639634, -21.232667826363599 ], [ -63.958730379287246, -21.232667260131862 ], [ -63.959192576663625, -21.232537302415427 ], [ -63.959265262146324, -21.232528719326176 ], [ -63.959390624550892, -21.23252400428489 ], [ -63.959516706664935, -21.232524787043875 ], [ -63.959659779502864, -21.232531914641221 ], [ -63.959818256586878, -21.232544429370751 ], [ -63.959997424628646, -21.232563285864661 ], [ -63.96021902167125, -21.232588369380313 ], [ -63.960834032257182, -21.232666368063686 ], [ -63.961375198682084, -21.232713986795222 ], [ -63.961514800063327, -21.232716235914971 ], [ -63.962512734176876, -21.232488072585063 ], [ -63.963367288749744, -21.231955312469722 ], [ -63.963730668129067, -21.231428678969632 ], [ -63.96393549956246, -21.231139743553353 ], [ -63.964250968173999, -21.230899585120138 ], [ -63.964576828704892, -21.230710655302168 ], [ -63.964910559364078, -21.230577783816074 ], [ -63.965250926371382, -21.230509741081033 ], [ -63.965596758115382, -21.230518910945278 ], [ -63.966378540364886, -21.230706543940514 ], [ -63.967303577148748, -21.230738492633229 ], [ -63.967646922347875, -21.230697287422668 ], [ -63.967985028609306, -21.230621130201396 ], [ -63.968278727849892, -21.230442388057188 ], [ -63.968486133289666, -21.230209834680917 ], [ -63.968661630838376, -21.229931054292905 ], [ -63.968826026194797, -21.229644721440501 ], [ -63.968989026094683, -21.229354321917722 ], [ -63.969149024098144, -21.229064698382249 ], [ -63.96928280983721, -21.228765838480783 ], [ -63.969432170874242, -21.228454403402932 ], [ -63.969710732075995, -21.228224927130746 ], [ -63.9700616744963, -21.228105823746766 ], [ -63.970431379090847, -21.228041550205869 ], [ -63.970797995959501, -21.2280723811329 ], [ -63.971122750558578, -21.228214304764279 ], [ -63.97143501057694, -21.228365406390537 ], [ -63.971745259157466, -21.22851825361062 ], [ -63.972054005794199, -21.228672662811736 ], [ -63.972513767801651, -21.228840909244372 ], [ -63.972990738539863, -21.228703329811697 ], [ -63.973297553815328, -21.228538154618175 ], [ -63.973629835889327, -21.22840974666147 ], [ -63.973969954861886, -21.228309787446285 ], [ -63.97432446407727, -21.22825455527332 ], [ -63.974683453490329, -21.228356233645581 ], [ -63.974977200318129, -21.22840074788672 ], [ -63.975329429727665, -21.228349068276852 ], [ -63.975655659525337, -21.22823403523466 ], [ -63.975981330415806, -21.228095641768107 ], [ -63.97627398576067, -21.227817657969148 ], [ -63.977668821938344, -21.226230003202819 ], [ -63.977849028669539, -21.2260053389418 ], [ -63.97803363885302, -21.225783684550503 ], [ -63.978221458320824, -21.225565137280896 ], [ -63.978412106832778, -21.225349021744687 ], [ -63.978606199481078, -21.225135099470865 ], [ -63.978804570993248, -21.224922832575579 ], [ -63.979012219212137, -21.224716158167954 ], [ -63.979235626281934, -21.224524922271009 ], [ -63.979470616396213, -21.224347107275637 ], [ -63.979713447670271, -21.224179283702416 ], [ -63.979960810661517, -21.224017847926767 ], [ -63.980407843449193, -21.223758204266623 ], [ -63.981373306520005, -21.223344499331219 ], [ -63.981988962052412, -21.222888257725845 ], [ -63.982188366691886, -21.222673135200747 ], [ -63.982408556210274, -21.222475806745219 ], [ -63.983264358551097, -21.221967958496293 ], [ -63.983875232586975, -21.221520366043034 ], [ -63.984098103591386, -21.221329886018509 ], [ -63.984329843857601, -21.221147494008928 ], [ -63.984577900602893, -21.22098469253136 ], [ -63.984841203677107, -21.220845733935253 ], [ -63.985107705729796, -21.220717028410451 ], [ -63.985371665145117, -21.220587099604998 ], [ -63.985631017226268, -21.220449725836318 ], [ -63.98588903169103, -21.22030977565084 ], [ -63.986145719665799, -21.220167474850431 ], [ -63.986401311355472, -21.220022668510953 ], [ -63.986653157323644, -21.219875390192165 ], [ -63.987074522643205, -21.219506490824617 ], [ -63.987320376620502, -21.218997499441034 ], [ -63.987453181381134, -21.218734688387634 ], [ -63.987686270932294, -21.218546348479489 ], [ -63.987919699815748, -21.218369994951924 ], [ -63.988152621354558, -21.218194222288691 ], [ -63.988385339528911, -21.218018378234053 ], [ -63.988617699403711, -21.217842346248673 ], [ -63.988850618851345, -21.217666509437649 ], [ -63.989087863299098, -21.217489147267575 ], [ -63.989353858572343, -21.217349488565596 ], [ -63.98965450171724, -21.217277935571119 ], [ -63.990250074823564, -21.217166789134943 ], [ -63.99079409388824, -21.217037368438451 ], [ -63.991252305784791, -21.216673094362392 ], [ -63.991423100581876, -21.216444776606721 ], [ -63.991668854452342, -21.216241052770389 ], [ -63.99197849427798, -21.216214380059448 ], [ -63.992160644198229, -21.216230719029046 ], [ -63.992136469358904, -21.216073436469753 ], [ -63.99207802600008, -21.215538807179605 ], [ -63.992059620523932, -21.215035192606443 ], [ -63.992049638247273, -21.214635722398569 ], [ -63.992133254424786, -21.214098857935738 ], [ -63.992236123041117, -21.213543684971299 ], [ -63.992281161776397, -21.213034322002148 ], [ -63.992375127243918, -21.212597398500453 ], [ -63.992467816104302, -21.211969567180564 ], [ -63.992627650482866, -21.211241330114092 ], [ -63.992760189700114, -21.210776904727101 ], [ -63.992785973615419, -21.210285831992085 ], [ -63.992715526720936, -21.209895326919607 ], [ -63.992518069799637, -21.209341927899693 ], [ -63.992044712206322, -21.208537131566708 ], [ -63.991296344327246, -21.206585600688413 ], [ -63.990971379944504, -21.205944184434447 ], [ -63.990707651640868, -21.205364664465051 ], [ -63.99049497333948, -21.204976799079866 ], [ -63.990363795373561, -21.204375748957457 ], [ -63.990322190711389, -21.204045585801115 ], [ -63.990015278634701, -21.203516558067243 ], [ -63.989752017769909, -21.203004484492837 ], [ -63.989550015132103, -21.202559484561949 ], [ -63.989449053868, -21.202144772196334 ], [ -63.989226024410101, -21.201358610189548 ], [ -63.98923214714759, -21.201206036965942 ], [ -63.989220758552491, -21.201123366317304 ], [ -63.989187727841397, -21.200465618069298 ], [ -63.989211911889214, -21.199946665033494 ], [ -63.989231232171306, -21.199526306135045 ], [ -63.989233071388988, -21.199079090824391 ], [ -63.988832923349989, -21.19863598150512 ], [ -63.987682050429207, -21.197832947873675 ], [ -63.987013284760913, -21.19739686986772 ], [ -63.986737599122215, -21.19696166491028 ], [ -63.986610963918665, -21.196498603240673 ], [ -63.986472519277697, -21.196231513259626 ], [ -63.986082551017951, -21.195861046530233 ], [ -63.985741261390281, -21.19552666751353 ], [ -63.98529143225916, -21.194892904773255 ], [ -63.985157604182135, -21.193702746024297 ], [ -63.985042013350537, -21.192808919017647 ], [ -63.984950610955096, -21.19206737104119 ], [ -63.984972793392757, -21.19168460562355 ], [ -63.985058046901976, -21.191332713690116 ], [ -63.984983158671092, -21.190767322455262 ], [ -63.984838874699165, -21.190423074351195 ], [ -63.984637774264073, -21.190277942217946 ], [ -63.984640357764391, -21.190273852626873 ], [ -63.984561686266602, -21.189529609940809 ], [ -63.98384576958297, -21.187961738485534 ], [ -63.983555608363282, -21.187273772869137 ], [ -63.983508946018226, -21.185929716772616 ], [ -63.984048434030022, -21.184578716631581 ], [ -63.984543839713382, -21.183777140382961 ], [ -63.985456669062053, -21.184185814497784 ], [ -63.985494075099624, -21.184256889139707 ], [ -63.986717795800857, -21.184570133788586 ], [ -63.986837844440757, -21.184501026788464 ], [ -63.98740058826224, -21.184177077898962 ], [ -63.987776024644184, -21.183853864075882 ], [ -63.988380662808012, -21.183320129352374 ], [ -63.988382719228277, -21.183318365548018 ], [ -63.988387566340201, -21.183314587005423 ], [ -63.988388436090361, -21.183313994680493 ], [ -63.988392666891698, -21.183311113248731 ], [ -63.988397998830465, -21.183307959765532 ], [ -63.988401359877692, -21.183306249767011 ], [ -63.988403540098233, -21.183305141139861 ], [ -63.988408059311865, -21.183303188570061 ], [ -63.988409264753741, -21.183302667461284 ], [ -63.988411434631999, -21.183301886845214 ], [ -63.988415150720741, -21.183300550603686 ], [ -63.988417167766563, -21.183299964218442 ], [ -63.988421171082727, -21.183298798855407 ], [ -63.98842729988646, -21.183297420499184 ], [ -63.988430533989231, -21.183296901079892 ], [ -63.988433513093192, -21.183296421999732 ], [ -63.988438514982597, -21.18329593018823 ], [ -63.988439781817924, -21.183295805332769 ], [ -63.98844054344179, -21.183295756610502 ], [ -63.988771112539034, -21.183275962233964 ], [ -63.988776649179059, -21.183275780780157 ], [ -63.988777442082672, -21.183275800535224 ], [ -63.988782950977019, -21.18327593725623 ], [ -63.988784219373684, -21.183276047284842 ], [ -63.988789227412404, -21.183276480555019 ], [ -63.988792212654097, -21.183276924753748 ], [ -63.988795453411115, -21.183277406305944 ], [ -63.988801600064136, -21.183278712871232 ], [ -63.988805618563326, -21.183279831320011 ], [ -63.988807643248691, -21.183280394067864 ], [ -63.988811375851704, -21.183281686746884 ], [ -63.988813556903388, -21.183282441917278 ], [ -63.988814769180173, -21.183282948886394 ], [ -63.988819314003656, -21.183284848446601 ], [ -63.988823274492738, -21.183286803824565 ], [ -63.988824891353843, -21.183287602046693 ], [ -63.988830265770247, -21.183290692915303 ], [ -63.988834535517761, -21.183293524632781 ], [ -63.988835412112714, -21.183294106744444 ], [ -63.988840309087969, -21.183297828300027 ], [ -63.988841554076885, -21.183298908765334 ], [ -63.988844936365972, -21.183301842342502 ], [ -63.988845825256767, -21.183302680057189 ], [ -63.988846074375914, -21.183302914399103 ], [ -63.989148968780015, -21.183593027350543 ], [ -63.989152168021612, -21.183596244770488 ], [ -63.989155142785656, -21.18359960173105 ], [ -63.989156197779877, -21.183600791719019 ], [ -63.989156632096361, -21.183601352927344 ], [ -63.989159900637503, -21.18360557547609 ], [ -63.989163262976987, -21.183610576245634 ], [ -63.989163624502268, -21.18361120021758 ], [ -63.989166269242276, -21.183615772435942 ], [ -63.989167110019039, -21.183617485868677 ], [ -63.989168905803801, -21.183621142444196 ], [ -63.989170113149918, -21.183624093258604 ], [ -63.98917116383015, -21.183626661929015 ], [ -63.989172850752851, -21.183631764653754 ], [ -63.989173030648971, -21.183632308378485 ], [ -63.989174500318569, -21.183638057434337 ], [ -63.989174823199122, -21.183639822683642 ], [ -63.989175565927951, -21.18364388384056 ], [ -63.98917563662819, -21.183644520355692 ], [ -63.989176222504632, -21.183649764136717 ], [ -63.989176467941789, -21.183655671231765 ], [ -63.989176461009542, -21.183655932367998 ], [ -63.989176467894772, -21.183656098561606 ], [ -63.989176470302034, -21.183656170823127 ], [ -63.989177301105798, -21.184753216627524 ], [ -63.989266875510332, -21.185397893974613 ], [ -63.989363968612281, -21.185759757978165 ], [ -63.989454017296993, -21.186095364757044 ], [ -63.989454960099707, -21.186099234112856 ], [ -63.989455282990207, -21.186100999360775 ], [ -63.989456025741937, -21.186105060514546 ], [ -63.989456163219486, -21.186106032719845 ], [ -63.989569843211946, -21.18694576056707 ], [ -63.989570211019121, -21.186948918663298 ], [ -63.989615547148006, -21.187414256998341 ], [ -63.989656998025872, -21.187839711081551 ], [ -63.989744031956299, -21.187997234668444 ], [ -63.989835488923148, -21.188162763919408 ], [ -63.990087848827656, -21.188251661816512 ], [ -63.99018360718842, -21.188285394669531 ], [ -63.99053247870431, -21.188263074359103 ], [ -63.990748793499499, -21.18824923501462 ], [ -63.991063914891903, -21.187926998096366 ], [ -63.991501864544347, -21.187479156104501 ], [ -63.991503695301148, -21.187477352027706 ], [ -63.991504317353296, -21.187476738553617 ], [ -63.991507659441034, -21.187473766491717 ], [ -63.991508890933275, -21.187472670616955 ], [ -63.991509003026145, -21.187472578711493 ], [ -63.991510111505008, -21.187471670571306 ], [ -63.992299769880759, -21.186835908250501 ], [ -63.992303083044959, -21.186833369996677 ], [ -63.99230339643772, -21.186833129647511 ], [ -63.9923042652281, -21.186832537308145 ], [ -63.99230849700951, -21.186829655772932 ], [ -63.992313828982581, -21.186826502165793 ], [ -63.992317190059048, -21.186824792088746 ], [ -63.99231937029856, -21.186823683410655 ], [ -63.992323889560993, -21.186821730734767 ], [ -63.992325095015886, -21.186821209597689 ], [ -63.992327265885116, -21.186820428924772 ], [ -63.99233098105811, -21.186819092601294 ], [ -63.992332997170273, -21.18681850617395 ], [ -63.992337001508375, -21.186817340710466 ], [ -63.99234313041309, -21.186815962208534 ], [ -63.992344567798519, -21.18681569628777 ], [ -63.992957486550786, -21.186706691789336 ], [ -63.992958660563161, -21.18670651143097 ], [ -63.992962262478073, -21.186705959045263 ], [ -63.992967264460731, -21.186705467096015 ], [ -63.992968531319654, -21.186705342205673 ], [ -63.992974829714854, -21.186705111866278 ], [ -63.992975621673224, -21.18670513160659 ], [ -63.99298113165581, -21.1867052681799 ], [ -63.992982400083548, -21.18670537817567 ], [ -63.992987408244915, -21.186705811316269 ], [ -63.992990393565186, -21.186706255437475 ], [ -63.992993634407433, -21.186706736905524 ], [ -63.992999781233706, -21.186708043310556 ], [ -63.993003799853859, -21.186709161654203 ], [ -63.993005824600175, -21.186709724349054 ], [ -63.993009558286239, -21.18671101692437 ], [ -63.993011738444686, -21.186711772043157 ], [ -63.993014597414792, -21.18671291346158 ], [ -63.993465384763049, -21.186901053714884 ], [ -63.993466924744865, -21.18690172585984 ], [ -63.993468283097314, -21.186902318665826 ], [ -63.993472244704414, -21.18690427392221 ], [ -63.993473860665461, -21.186905072102643 ], [ -63.993479235306069, -21.186908162813189 ], [ -63.99348350524388, -21.186910994404474 ], [ -63.993484381877906, -21.186911576490196 ], [ -63.993489279086745, -21.186915297900285 ], [ -63.99349112831424, -21.186916839147209 ], [ -63.993830743017568, -21.187207296357677 ], [ -63.993831248869867, -21.187207746912041 ], [ -63.993833521315921, -21.187209769008799 ], [ -63.993836043520666, -21.187212263041513 ], [ -63.993837858811943, -21.187214058351607 ], [ -63.993840833748131, -21.187217414317846 ], [ -63.993841888811566, -21.187218605176998 ], [ -63.993842324125659, -21.187219167269685 ], [ -63.993845591910706, -21.187223388819927 ], [ -63.9938489544909, -21.187228389484719 ], [ -63.993849315081654, -21.187229013450938 ], [ -63.993851960995066, -21.187233585580195 ], [ -63.99385280184714, -21.187235298985968 ], [ -63.993854597792577, -21.187238955503915 ], [ -63.99385627852169, -21.187242956911433 ], [ -63.994225861203212, -21.18818853185552 ], [ -63.994225914155969, -21.188188671577777 ], [ -63.994226438740441, -21.188190049857187 ], [ -63.994228125893201, -21.188195152519885 ], [ -63.994228305813834, -21.18819569623799 ], [ -63.994229775729963, -21.188201445237382 ], [ -63.994230098682472, -21.188203210473358 ], [ -63.99423084157678, -21.188207271599584 ], [ -63.994230912301624, -21.188207908111341 ], [ -63.994231498380785, -21.188213151864318 ], [ -63.994231744034131, -21.188219058940696 ], [ -63.994231577410417, -21.18822496844238 ], [ -63.9942310615153, -21.18823021867793 ], [ -63.994230999309679, -21.188230855971632 ], [ -63.994230310793384, -21.188234925518373 ], [ -63.994230011477157, -21.18823669441495 ], [ -63.994228618572052, -21.188242460255331 ], [ -63.99422788762795, -21.188244939087379 ], [ -63.993974784541038, -21.189058171945764 ], [ -63.993974486128117, -21.189059068110009 ], [ -63.99397372407055, -21.189061361014613 ], [ -63.993972707704145, -21.189063942709957 ], [ -63.99397153976372, -21.189066906549964 ], [ -63.993969792829709, -21.189070583901927 ], [ -63.993968974943776, -21.189072307061902 ], [ -63.99396892453683, -21.189072404026827 ], [ -63.993968895049996, -21.189072460213744 ], [ -63.993758866862571, -21.189476341183028 ], [ -63.993470906250451, -21.190030081627498 ], [ -63.993196565983517, -21.190656215816919 ], [ -63.992797286605274, -21.191593035268262 ], [ -63.992757859098177, -21.191685542820345 ], [ -63.992757636171198, -21.191686059996279 ], [ -63.99275588917871, -21.191689737336919 ], [ -63.992755071265371, -21.191691460491654 ], [ -63.992752487545211, -21.191696063356822 ], [ -63.99275213434732, -21.191696691518175 ], [ -63.992748838758189, -21.191701731314808 ], [ -63.992745626583854, -21.191705990949497 ], [ -63.992745199765722, -21.191706558109171 ], [ -63.992743320907429, -21.191708809686933 ], [ -63.992458475668286, -21.192039236918436 ], [ -63.99245734643258, -21.192040502950881 ], [ -63.992456385475016, -21.192041579175328 ], [ -63.992454594255811, -21.192043395678979 ], [ -63.992452105491672, -21.192045919158456 ], [ -63.992448762367658, -21.192048892149803 ], [ -63.992447531803506, -21.19204998712301 ], [ -63.992442684525038, -21.192053765785367 ], [ -63.992441814742357, -21.192054358131916 ], [ -63.992437583782738, -21.192057239668802 ], [ -63.992432251629765, -21.192060393285196 ], [ -63.992428890439015, -21.192062103368094 ], [ -63.992426710125279, -21.192063212049906 ], [ -63.992421162955907, -21.192065615263626 ], [ -63.99165938058362, -21.192368485804316 ], [ -63.991659333508899, -21.192368505052901 ], [ -63.99165920283874, -21.192368556412571 ], [ -63.991657031885886, -21.192369337079725 ], [ -63.991653316569668, -21.192370673393221 ], [ -63.991651300380099, -21.192371259815118 ], [ -63.991647295888221, -21.192372425267688 ], [ -63.991641166749091, -21.192373803752751 ], [ -63.991637932464194, -21.192374323240241 ], [ -63.991634953192431, -21.192374802383139 ], [ -63.991629951013628, -21.192375294300273 ], [ -63.991628684105009, -21.192375419182444 ], [ -63.991626706894593, -21.192375494929621 ], [ -63.991622764033266, -21.19237564635608 ], [ -63.991220753644342, -21.192379489303008 ], [ -63.991034948799808, -21.192381264807938 ], [ -63.990525387063926, -21.192505614802577 ], [ -63.990512118531718, -21.192718589145453 ], [ -63.990502914814577, -21.192866309198621 ], [ -63.991004488615857, -21.19327371980485 ], [ -63.991760696828059, -21.193387103960159 ], [ -63.992141869530975, -21.193167162648869 ], [ -63.992420178579927, -21.192749329984643 ], [ -63.992776189278011, -21.192214837702195 ], [ -63.992776914336673, -21.192213779123886 ], [ -63.992777460991839, -21.192212980881994 ], [ -63.992780673169527, -21.192208720343128 ], [ -63.992781099994879, -21.192208154086781 ], [ -63.992782139102061, -21.192206951822783 ], [ -63.992785069048708, -21.192203560247734 ], [ -63.992786860265554, -21.192201743740675 ], [ -63.992789349026282, -21.192199220256423 ], [ -63.992792692146431, -21.192196247258533 ], [ -63.992793922709083, -21.192195152282892 ], [ -63.992798769982628, -21.192191373610665 ], [ -63.992799639764577, -21.192190781262333 ], [ -63.992803870720458, -21.192187899716561 ], [ -63.992809202869481, -21.192184746088589 ], [ -63.992812564058219, -21.19218303599823 ], [ -63.992814744370577, -21.192181927311513 ], [ -63.99281742612267, -21.192180750630758 ], [ -63.992819450885044, -21.192179862394635 ], [ -63.993396989728261, -21.191944147767732 ], [ -63.993398008121204, -21.191943738845271 ], [ -63.993400179057787, -21.191942958156311 ], [ -63.993403894346081, -21.191941621805398 ], [ -63.993405910522021, -21.191941035363048 ], [ -63.993409914986799, -21.19193986986971 ], [ -63.993416044088924, -21.191938491321778 ], [ -63.993419278356669, -21.191937971800854 ], [ -63.993422257612558, -21.191937492627041 ], [ -63.993427259768424, -21.19193700065761 ], [ -63.993428526671202, -21.191936875762146 ], [ -63.993434825286265, -21.191936645397078 ], [ -63.993435617272496, -21.191936665134126 ], [ -63.993441127448982, -21.191936801684683 ], [ -63.993442395921754, -21.191936911675182 ], [ -63.993447404260806, -21.191937344794898 ], [ -63.993451179170705, -21.191937866475573 ], [ -63.993451550393061, -21.191937917596348 ], [ -63.993989071118598, -21.192023483878327 ], [ -63.993991151373784, -21.19202383663313 ], [ -63.9939972984292, -21.192025142992104 ], [ -63.994001318164635, -21.192026261299706 ], [ -63.994003342024243, -21.192026823984918 ], [ -63.994007074890355, -21.192028116537493 ], [ -63.994009256095758, -21.192028871633969 ], [ -63.994010468461269, -21.192029378561806 ], [ -63.994015013617357, -21.1920312779672 ], [ -63.994018975370821, -21.192033233203947 ], [ -63.994020591391568, -21.192034031376345 ], [ -63.994025966233011, -21.192037122059915 ], [ -63.994030235369067, -21.192039953635149 ], [ -63.994031112999551, -21.192040535710746 ], [ -63.994036010396108, -21.192044257095585 ], [ -63.994037256460487, -21.192045337511477 ], [ -63.994040638090915, -21.192048270975484 ], [ -63.994043160384749, -21.192050765000332 ], [ -63.994044975740117, -21.192052560304763 ], [ -63.99404795078862, -21.192055917164893 ], [ -63.994049005883689, -21.192057107117247 ], [ -63.994049440244233, -21.192057668310753 ], [ -63.994052709116836, -21.192061890747933 ], [ -63.994056071820573, -21.192066891401186 ], [ -63.994056432424792, -21.192067515366137 ], [ -63.994059078437246, -21.192072087485936 ], [ -63.994059919321543, -21.192073800888537 ], [ -63.994061715335782, -21.192077457399723 ], [ -63.994061733910186, -21.192077497945405 ], [ -63.994560142473802, -21.193187763528652 ], [ -63.994981249562464, -21.193750805434718 ], [ -63.994994496505939, -21.193768516222534 ], [ -63.995235758011063, -21.193842783128542 ], [ -63.995685156404463, -21.193981119674746 ], [ -63.996517496701543, -21.194045754582444 ], [ -63.996521172277468, -21.194046106930859 ], [ -63.997236792058445, -21.194127687654781 ], [ -63.997435002330697, -21.193887015161774 ], [ -63.997497777228993, -21.193810792474487 ], [ -63.997560473609603, -21.193418910158641 ], [ -63.997598664702601, -21.193180196666582 ], [ -63.997599332758703, -21.193176534684081 ], [ -63.997600725569455, -21.19317076882254 ], [ -63.99760089818983, -21.193170222124195 ], [ -63.99760251689419, -21.193165100890411 ], [ -63.997603533227476, -21.193162520079245 ], [ -63.997604701116813, -21.193159555313716 ], [ -63.99760644800272, -21.193155877927616 ], [ -63.997607265866044, -21.193154154751596 ], [ -63.997609849455813, -21.19314955181791 ], [ -63.997610202635919, -21.193148923647161 ], [ -63.997613498085819, -21.193143883761781 ], [ -63.99761671013966, -21.193139623136116 ], [ -63.997617136948548, -21.193139056868226 ], [ -63.997618175058143, -21.1931378545816 ], [ -63.997621105871339, -21.193134462920991 ], [ -63.997622897994745, -21.193132645455645 ], [ -63.997625385727801, -21.193130122812182 ], [ -63.997628727809776, -21.193127150630968 ], [ -63.997629959299857, -21.193126054712263 ], [ -63.997630709593871, -21.193125459431215 ], [ -63.997633586220736, -21.193123180227964 ], [ -63.998657136547649, -21.192351764971797 ], [ -63.998658077848376, -21.192351067372069 ], [ -63.998658356787757, -21.192350860642193 ], [ -63.998659226545875, -21.192350268264562 ], [ -63.998663457385959, -21.192347386576429 ], [ -63.998668789407908, -21.192344232768278 ], [ -63.998674222277188, -21.192341464133825 ], [ -63.999510341565646, -21.191947372001795 ], [ -63.999510389584152, -21.191947350035175 ], [ -63.999510450082902, -21.191947321670632 ], [ -63.999514969395001, -21.191945368801164 ], [ -63.999516174863153, -21.191944847612447 ], [ -63.999518345764095, -21.191944066846148 ], [ -63.999522060991339, -21.191942730362864 ], [ -63.999524077139867, -21.19194214384844 ], [ -63.999528081550189, -21.19194097821202 ], [ -63.999528256576774, -21.191940933811527 ], [ -63.999528541235783, -21.191940861659322 ], [ -64.000141945597676, -21.191785878689593 ], [ -64.000144571537589, -21.191785293979532 ], [ -64.000147614935557, -21.191784616454502 ], [ -64.000150849170652, -21.191784096805733 ], [ -64.000153828396463, -21.191783617514211 ], [ -64.000158830515915, -21.191783125346578 ], [ -64.000160097409477, -21.191783000400918 ], [ -64.000166395996317, -21.191782769785554 ], [ -64.000167187981219, -21.191782789491043 ], [ -64.000172698148333, -21.191782925822057 ], [ -64.000173966622469, -21.191783035761873 ], [ -64.000178974967, -21.191783468681475 ], [ -64.000181960405698, -21.19178391267047 ], [ -64.000185201376553, -21.191784393995018 ], [ -64.000191348466302, -21.191785700126896 ], [ -64.0001953672719, -21.191786818291277 ], [ -64.000197392111616, -21.191787380895843 ], [ -64.000201125019331, -21.191788673309691 ], [ -64.000203306249063, -21.191789428325137 ], [ -64.000204518631733, -21.191789935207783 ], [ -64.00020906385204, -21.191791834443769 ], [ -64.000213024710661, -21.191793789538046 ], [ -64.000214641722621, -21.191794587644338 ], [ -64.000220016675172, -21.191797678126221 ], [ -64.000222628061408, -21.191799368368184 ], [ -64.00022338080494, -21.191799855385195 ], [ -64.000405203325272, -21.191922928283486 ], [ -64.000626600711101, -21.192072786782255 ], [ -64.001594730890133, -21.192426935530236 ], [ -64.001697143304355, -21.192420371184884 ], [ -64.001834200302881, -21.192411585808227 ], [ -64.00214245609186, -21.192326378465498 ], [ -64.002314412619995, -21.192247778266918 ], [ -64.002372789419908, -21.192221093966893 ], [ -64.002454642699632, -21.192173878801245 ], [ -64.002596492481501, -21.192092055465537 ], [ -64.002689771702933, -21.192025576073366 ], [ -64.0027563937727, -21.191978094283112 ], [ -64.002824993894563, -21.191877272383628 ], [ -64.00289821202793, -21.191735466433908 ], [ -64.002924458940853, -21.191684246341364 ], [ -64.002949453620417, -21.191635468451999 ], [ -64.002949581981227, -21.191635218340313 ], [ -64.002949614306132, -21.191635154907559 ], [ -64.002951182058638, -21.191632363003009 ], [ -64.002952550856179, -21.191629923718008 ], [ -64.00295333843296, -21.191628719273336 ], [ -64.002955845125527, -21.191624883741746 ], [ -64.002959426495721, -21.191620133873105 ], [ -64.002959484737872, -21.191620056734887 ], [ -64.002961761588679, -21.191617421434263 ], [ -64.002963452494214, -21.191615463578632 ], [ -64.002967733110083, -21.191611123335893 ], [ -64.00297230647837, -21.191607054194868 ], [ -64.00297436965603, -21.191605445568381 ], [ -64.002993270688236, -21.19159297972692 ], [ -64.00301369489064, -21.191571687253667 ], [ -64.003029377860685, -21.19152873309601 ], [ -64.003127445625225, -21.191524690805672 ], [ -64.00451245633225, -21.191467684098736 ], [ -64.004512624863921, -21.191467676772849 ], [ -64.004804140279461, -21.191455572172799 ], [ -64.006277638487276, -21.19139482036346 ], [ -64.00647598854205, -21.19138664650151 ], [ -64.006623214398942, -21.191914452270371 ], [ -64.007095356786124, -21.192446626839743 ], [ -64.008728551862021, -21.192349843526721 ], [ -64.010406411854731, -21.191827558068432 ], [ -64.010411233591981, -21.19182618672631 ], [ -64.010417362503901, -21.191824807568093 ], [ -64.010418818182075, -21.191824538673448 ], [ -64.012264475572209, -21.191496430727447 ], [ -64.012269233248631, -21.191495700255601 ], [ -64.012275502178852, -21.191495082695255 ], [ -64.012281800714234, -21.191494851629471 ], [ -64.012288102846256, -21.191495007214069 ], [ -64.012289644820498, -21.191495104583066 ], [ -64.012914426721579, -21.191539197917379 ], [ -64.012919161580143, -21.191539642938835 ], [ -64.012925388037459, -21.191540567780127 ], [ -64.012931535207983, -21.191541873444489 ], [ -64.012937578966671, -21.191543553752407 ], [ -64.01294349324958, -21.191545600729174 ], [ -64.012949251029525, -21.191548006405899 ], [ -64.012954829107727, -21.191550759176902 ], [ -64.012960204297784, -21.191553849243356 ], [ -64.012965351455932, -21.191557262300968 ], [ -64.012970249285345, -21.191560983118951 ], [ -64.012974877452478, -21.191564996460752 ], [ -64.012977177462801, -21.191567199714029 ], [ -64.013495566521939, -21.192081111748816 ], [ -64.013497604684972, -21.192083197310808 ], [ -64.013501635403614, -21.192087743635568 ], [ -64.01350533924446, -21.192092526814911 ], [ -64.013508702586009, -21.192097527054923 ], [ -64.013511709867871, -21.192102722766386 ], [ -64.013514347456194, -21.192108092348583 ], [ -64.013516606515068, -21.1921136114616 ], [ -64.013518474367743, -21.192119257595561 ], [ -64.013519945068168, -21.192125006393251 ], [ -64.01352026368707, -21.192126524970586 ], [ -64.013711944230948, -21.193083888060947 ], [ -64.013712692256291, -21.193088195688514 ], [ -64.013713349858008, -21.193094075842641 ], [ -64.013713596301287, -21.193099982856197 ], [ -64.01371343045642, -21.193105892343102 ], [ -64.013713187954394, -21.193108895926155 ], [ -64.01352129384928, -21.195051164471586 ], [ -64.013924800004233, -21.196032518935031 ], [ -64.014583538887763, -21.19640645305472 ], [ -64.015952174112954, -21.195872024793193 ], [ -64.016340434851031, -21.195204119486739 ], [ -64.01628730015851, -21.19413613487399 ], [ -64.016287221025408, -21.194134001428207 ], [ -64.016265781117895, -21.193259746412327 ], [ -64.01626575738949, -21.193258248653848 ], [ -64.016265924095933, -21.193252339162818 ], [ -64.016266501330833, -21.193246451595613 ], [ -64.01626748831616, -21.193240613060048 ], [ -64.016267802912665, -21.193239143983721 ], [ -64.016400925027966, -21.192643239261834 ], [ -64.016402002503924, -21.192638942350889 ], [ -64.016403793096984, -21.192633274247907 ], [ -64.016405976599998, -21.192627728456138 ], [ -64.016408540644676, -21.19262232763592 ], [ -64.016411476728194, -21.192617096231185 ], [ -64.016414771512828, -21.192612056004691 ], [ -64.016418409734214, -21.192607228730793 ], [ -64.01642237804225, -21.192602634365365 ], [ -64.016426657313346, -21.192598293802526 ], [ -64.016431230331875, -21.192594225214588 ], [ -64.016436076986238, -21.192590445887824 ], [ -64.01644117715243, -21.19258697130174 ], [ -64.016446508779964, -21.192583816947369 ], [ -64.016452049812116, -21.192580997412396 ], [ -64.01645251553532, -21.192580779592582 ], [ -64.016860614980374, -21.192391556453071 ], [ -64.01686587373986, -21.192389299638915 ], [ -64.016871759610737, -21.192387181794146 ], [ -64.016877779954697, -21.192385429032623 ], [ -64.016883908818727, -21.192384049641401 ], [ -64.016890122164028, -21.192383050089195 ], [ -64.01689639110451, -21.192382432356698 ], [ -64.016902689662388, -21.192382201117454 ], [ -64.016908991829041, -21.192382356527968 ], [ -64.016915268706029, -21.192382898762148 ], [ -64.01691719220787, -21.192383142859818 ], [ -64.017296528206884, -21.192434957526036 ], [ -64.017300831218861, -21.192435638110091 ], [ -64.017306978457952, -21.192436943612066 ], [ -64.017311115801462, -21.19243804980929 ], [ -64.017886860706554, -21.192605099465524 ], [ -64.018611343537088, -21.192661542473509 ], [ -64.01861532859013, -21.192661931322839 ], [ -64.0186160902484, -21.192662023399453 ], [ -64.0200847832878, -21.192845514668996 ], [ -64.020090248172863, -21.192846347172232 ], [ -64.020096395448959, -21.192847652570986 ], [ -64.020102439330699, -21.192849332616952 ], [ -64.020108353753628, -21.192851379336552 ], [ -64.020113129921384, -21.192853343487158 ], [ -64.02084804879523, -21.193178159487132 ], [ -64.021339323368522, -21.193176087928038 ], [ -64.021518807113111, -21.192468762369547 ], [ -64.021680393651835, -21.191622828304524 ], [ -64.021680616168823, -21.191621705793093 ], [ -64.021682008024328, -21.191615939770003 ], [ -64.021683798402918, -21.191610271619027 ], [ -64.021685981692457, -21.191604725766933 ], [ -64.02168854552562, -21.191599324874375 ], [ -64.021691481400481, -21.191594093385589 ], [ -64.021694775980194, -21.191589053063687 ], [ -64.021698414001321, -21.191584225683421 ], [ -64.021702382114597, -21.191579631201137 ], [ -64.021706661197214, -21.191575290511466 ], [ -64.021711234034441, -21.19157122178725 ], [ -64.021716080515375, -21.191567442315336 ], [ -64.021721180516806, -21.191563967575838 ], [ -64.021726511988916, -21.19156081306048 ], [ -64.021730254543783, -21.191558860689515 ], [ -64.022361285392662, -21.191246547369303 ], [ -64.022363083716854, -21.191245680030914 ], [ -64.022368808054836, -21.191243205214562 ], [ -64.022374693793836, -21.191241087182849 ], [ -64.022380714018084, -21.191239334229486 ], [ -64.022386842775106, -21.191237954642411 ], [ -64.022393056026544, -21.191236954891153 ], [ -64.022399324886621, -21.191236336957282 ], [ -64.02240562337802, -21.191236105515173 ], [ -64.022411925492392, -21.191236260722174 ], [ -64.022418202331423, -21.191236802753121 ], [ -64.022423625403889, -21.191237585746496 ], [ -64.023010603805886, -21.191338561083942 ], [ -64.023011407222015, -21.191338702577148 ], [ -64.023017554455905, -21.191340007871329 ], [ -64.023023598303752, -21.191341687814241 ], [ -64.023029512701257, -21.191343734432746 ], [ -64.02303527062071, -21.191346139759524 ], [ -64.023040849826018, -21.191348892184564 ], [ -64.023046224240332, -21.191351981927887 ], [ -64.02305137160883, -21.191355394669248 ], [ -64.023056269670505, -21.191359115185033 ], [ -64.023060898090804, -21.1913631282399 ], [ -64.023065199650986, -21.191367378167183 ], [ -64.02347467263057, -21.191799099685099 ], [ -64.023474709502665, -21.191799138309584 ], [ -64.023475247121766, -21.191799710542991 ], [ -64.023914669835705, -21.192271503939324 ], [ -64.024462806716613, -21.1926728826448 ], [ -64.025157415002113, -21.192495296931728 ], [ -64.026522579352161, -21.191312521035407 ], [ -64.026523964179972, -21.191311344479665 ], [ -64.026528810523985, -21.191307564874908 ], [ -64.026533910397532, -21.191304089994954 ], [ -64.026539241751408, -21.191300935332155 ], [ -64.026544782530124, -21.191298115475441 ], [ -64.026550506793924, -21.191295640520195 ], [ -64.026554438586459, -21.191294179268127 ], [ -64.027282552722284, -21.191040830775137 ], [ -64.027284506597582, -21.19104017384397 ], [ -64.027290526747791, -21.191038420718286 ], [ -64.027296655442797, -21.19103704095529 ], [ -64.027302868644554, -21.191036041025122 ], [ -64.027309137467384, -21.191035422910268 ], [ -64.027317629468328, -21.191035201440329 ], [ -64.02797979408308, -21.191045313530079 ], [ -64.027983902651641, -21.191045458383382 ], [ -64.027990179493372, -21.191046000206843 ], [ -64.027996405998095, -21.191046924489857 ], [ -64.028002553255206, -21.191048229601428 ], [ -64.028008597139191, -21.191049909364278 ], [ -64.028014511585468, -21.191051955806032 ], [ -64.028020269566284, -21.191054360960198 ], [ -64.028025847881821, -21.191057113223263 ], [ -64.028031223344897, -21.191060202798482 ], [ -64.02803637081044, -21.191063615383868 ], [ -64.028041268980274, -21.191067335750596 ], [ -64.028045897519476, -21.191071348663947 ], [ -64.028050236080546, -21.191075637082495 ], [ -64.028051335685177, -21.191076818411837 ], [ -64.028510559551961, -21.191578810063199 ], [ -64.029020742075687, -21.191865661062696 ], [ -64.029611358402747, -21.191864029399479 ], [ -64.030813716876182, -21.191359559363189 ], [ -64.03185929548377, -21.190879884571867 ], [ -64.031864181371702, -21.190877799422701 ], [ -64.031868706040825, -21.190876133866261 ], [ -64.032511688076411, -21.190656872729573 ], [ -64.033450180788591, -21.190336835509566 ], [ -64.034387468864296, -21.19001124083778 ], [ -64.034896107247732, -21.189834547143008 ], [ -64.03489756129899, -21.189834054901056 ], [ -64.035964474662975, -21.189481571170681 ], [ -64.036347285884119, -21.188925597470952 ], [ -64.036375416523754, -21.187996862868133 ], [ -64.036375544710921, -21.187994109315891 ], [ -64.03637601334141, -21.187989064371965 ], [ -64.036504613118467, -21.186944618664111 ], [ -64.036504720910997, -21.186943776001652 ], [ -64.036505707065388, -21.186937937377664 ], [ -64.036507098304654, -21.186932171254547 ], [ -64.0365088880624, -21.186926502968767 ], [ -64.036511070729176, -21.186920956947461 ], [ -64.03651363394026, -21.186915555852291 ], [ -64.036516569196479, -21.186910324128164 ], [ -64.036519863163562, -21.186905283539168 ], [ -64.03652350058077, -21.186900455861426 ], [ -64.036527468101241, -21.186895861052257 ], [ -64.036531746604993, -21.186891520007968 ], [ -64.036536318879584, -21.186887450902759 ], [ -64.036541164816612, -21.1868836710252 ], [ -64.036546264295055, -21.186880195857015 ], [ -64.036551595267397, -21.186877040891858 ], [ -64.036557135679857, -21.18687422071989 ], [ -64.036557876928697, -21.186873875578929 ], [ -64.037114275568143, -21.186617870989124 ], [ -64.037119258216492, -21.186615740832341 ], [ -64.037125143541232, -21.186613622301756 ], [ -64.037131163382227, -21.186611868836675 ], [ -64.037137291788667, -21.186610488727226 ], [ -64.03714350472373, -21.186609488445001 ], [ -64.037149773302801, -21.186608869974027 ], [ -64.037156071549944, -21.186608637990926 ], [ -64.037162373457733, -21.186608792655246 ], [ -64.037168650128962, -21.186609334144347 ], [ -64.037174876487896, -21.18661025809487 ], [ -64.037181023624768, -21.186611562877438 ], [ -64.037187067414465, -21.186613242315989 ], [ -64.037192981792813, -21.186615288439576 ], [ -64.037195745427837, -21.186616389932752 ], [ -64.037597588881269, -21.186783489189221 ], [ -64.037600583192415, -21.18678479253224 ], [ -64.037606161506716, -21.186787544479699 ], [ -64.037611536996209, -21.186790633749844 ], [ -64.03761668451574, -21.186794046042117 ], [ -64.037621582766775, -21.186797766128926 ], [ -64.037626211414093, -21.186801778776701 ], [ -64.03763055010981, -21.186806066945159 ], [ -64.037634581389455, -21.186810612672819 ], [ -64.037638285843158, -21.186815395299881 ], [ -64.037641649846776, -21.186820395034438 ], [ -64.037644657837163, -21.186825590289608 ], [ -64.037645388115664, -21.186826986130118 ], [ -64.037873267448916, -21.187272279404436 ], [ -64.038156392896255, -21.187487910547361 ], [ -64.038505318847299, -21.187393735855171 ], [ -64.038783085015936, -21.186704633585762 ], [ -64.038783862827316, -21.186702766826748 ], [ -64.039231255616826, -21.185663171895033 ], [ -64.039231347579246, -21.185662960829351 ], [ -64.039233910669978, -21.185657559697098 ], [ -64.03923684580549, -21.185652327929873 ], [ -64.039240139651966, -21.185647287292102 ], [ -64.039243776949206, -21.185642459559975 ], [ -64.03924774435086, -21.185637864691131 ], [ -64.039252022737458, -21.185633523582066 ], [ -64.039256594897054, -21.185629454407316 ], [ -64.039261440721745, -21.185625674455707 ], [ -64.03926294267049, -21.185624600974982 ], [ -64.039809275587103, -21.185241943004769 ], [ -64.039812872989259, -21.185239541228146 ], [ -64.039818203830208, -21.185236386164583 ], [ -64.039823744116021, -21.185233565890066 ], [ -64.039829467908888, -21.185231090501837 ], [ -64.039835353136723, -21.185228971880367 ], [ -64.039841372885903, -21.185227218322076 ], [ -64.039847501206125, -21.185225838117521 ], [ -64.03985371406084, -21.185224837738609 ], [ -64.039859982565801, -21.185224219169871 ], [ -64.039866280745457, -21.185223987088317 ], [ -64.039872582592565, -21.185224141653883 ], [ -64.039878859210233, -21.185224683044414 ], [ -64.03988508552294, -21.185225606896935 ], [ -64.039891232621159, -21.185226911582493 ], [ -64.039897276379918, -21.185228590925455 ], [ -64.039903190735146, -21.18523063695525 ], [ -64.039903454417569, -21.185230738324545 ], [ -64.040183672927284, -21.185338492290995 ], [ -64.040189167177246, -21.185340795664278 ], [ -64.040194745480036, -21.185343547527001 ], [ -64.040200120965849, -21.185346636715266 ], [ -64.040205268489544, -21.185350048928893 ], [ -64.040210166752587, -21.185353768940569 ], [ -64.040214795419672, -21.185357781517116 ], [ -64.04021816381298, -21.185361061033252 ], [ -64.040639931135559, -21.185792926416784 ], [ -64.04064090147115, -21.185793934999275 ], [ -64.040642892335967, -21.185796104535665 ], [ -64.04101386466094, -21.18621353395028 ], [ -64.04152270374469, -21.186717563553678 ], [ -64.04245594064858, -21.186929378710133 ], [ -64.044951796540218, -21.186671019662356 ], [ -64.046833549715814, -21.1862377503966 ], [ -64.047308981406601, -21.185649240649951 ], [ -64.047359782961536, -21.184748849258245 ], [ -64.047115825724589, -21.183872631277005 ], [ -64.046602099087821, -21.183364281744627 ], [ -64.046049015463396, -21.183301773578489 ], [ -64.046048597065052, -21.18330172467191 ], [ -64.046042370805864, -21.183300801044489 ], [ -64.046036223744593, -21.183299496581327 ], [ -64.046030180006269, -21.183297817457152 ], [ -64.046027572256804, -21.183296966298045 ], [ -64.045393554506802, -21.183080369364241 ], [ -64.045390247914341, -21.183079174694949 ], [ -64.045384489995101, -21.183076770129265 ], [ -64.04537891072809, -21.18307401844352 ], [ -64.045373536189999, -21.183070929414246 ], [ -64.045368479635982, -21.183067581843247 ], [ -64.044605182801902, -21.182527051083227 ], [ -64.044605091803021, -21.182526986598312 ], [ -64.044600193532446, -21.182523266713496 ], [ -64.044595564844457, -21.182519254256974 ], [ -64.044591226087149, -21.182514966268329 ], [ -64.04458719472521, -21.182510420708297 ], [ -64.044583490168861, -21.182505638235952 ], [ -64.044580126042646, -21.182500638642694 ], [ -64.044577117910308, -21.182495443514721 ], [ -64.044576116036126, -21.182493510936787 ], [ -64.044220451108274, -21.181786684395277 ], [ -64.044218814497796, -21.181783247904349 ], [ -64.044216554492792, -21.181777729235272 ], [ -64.044214685637982, -21.181772083476108 ], [ -64.044213213883864, -21.181766334982903 ], [ -64.044212146150443, -21.181760509009045 ], [ -64.044211487418636, -21.181754629013067 ], [ -64.044211238841925, -21.181748722090866 ], [ -64.044211404444411, -21.181742812610295 ], [ -64.044211980544432, -21.181736924986822 ], [ -64.044212966369045, -21.181731086328238 ], [ -64.044214030539749, -21.181726528254956 ], [ -64.044463587732992, -21.180775911199188 ], [ -64.0444639144566, -21.180774703096329 ], [ -64.044465703843898, -21.180769034737818 ], [ -64.044467886129397, -21.180763488625722 ], [ -64.044467928769151, -21.180763388081115 ], [ -64.044734572260381, -21.180150290090676 ], [ -64.044927605639216, -21.17955919087861 ], [ -64.044928291738842, -21.179557173787163 ], [ -64.04493047399113, -21.179551627669792 ], [ -64.044933036775859, -21.179546226460175 ], [ -64.044933964633572, -21.179544481614997 ], [ -64.0452208839001, -21.179018803060913 ], [ -64.045222890848734, -21.179015316046417 ], [ -64.045223134631712, -21.179014917028322 ], [ -64.045458095423101, -21.17863188991798 ], [ -64.045458612597727, -21.178631056464194 ], [ -64.045606838306966, -21.178395290376923 ], [ -64.045834014253003, -21.178389648171148 ], [ -64.06437640479794, -21.177928605793372 ], [ -64.064261239750763, -21.177622679520937 ], [ -64.064210048094353, -21.177481795633039 ], [ -64.064209037830665, -21.177340595879443 ], [ -64.064207825395968, -21.177171138104175 ], [ -64.064176687305391, -21.177030146039328 ], [ -64.064105192660193, -21.176851734917197 ], [ -64.064063777811327, -21.176673116391434 ], [ -64.064051750270906, -21.17640019356087 ], [ -64.0641466555374, -21.176130943266195 ], [ -64.063460671745645, -21.170763122951982 ], [ -64.063263175918451, -21.169217631242827 ], [ -64.063226469105828, -21.168930417330326 ], [ -64.062472225721152, -21.163027780628997 ], [ -64.062424834286446, -21.162980151201797 ], [ -64.056999998128148, -21.157527781268797 ], [ -64.061746607465736, -21.153044410602874 ], [ -64.061653186415498, -21.151597408558963 ], [ -64.061645395137404, -21.151476728937759 ], [ -64.061569865829554, -21.150306815666752 ], [ -64.061607453390096, -21.150305201270232 ], [ -64.061636362748104, -21.150303959308147 ], [ -64.061641535958046, -21.150104222909512 ], [ -64.061647876693527, -21.14984264820038 ], [ -64.061646286627223, -21.149619555287956 ], [ -64.061644258043074, -21.149334932266555 ], [ -64.061634408615504, -21.149104211960619 ], [ -64.061618179160106, -21.148853900052274 ], [ -64.061586735960304, -21.148884546586139 ], [ -64.060527773443511, -21.149916668927663 ], [ -64.050888886446543, -21.138805556376937 ], [ -64.055543313442229, -21.135513918858539 ], [ -64.058194448620441, -21.133638888932232 ], [ -64.06011591608285, -21.131800110415419 ], [ -64.060157541135837, -21.131760276686396 ], [ -64.060133393927813, -21.131695678598973 ], [ -64.060088970231718, -21.131428304804576 ], [ -64.059990163335186, -21.13116259938344 ], [ -64.059877537603896, -21.130903476058236 ], [ -64.059813660275168, -21.130683021844405 ], [ -64.05976367533502, -21.130468967343852 ], [ -64.05971276733672, -21.130125013550209 ], [ -64.059669151909617, -21.12983297973128 ], [ -64.059639613538266, -21.129573345380393 ], [ -64.059572265897643, -21.129334591036393 ], [ -64.059518128248044, -21.129041447582111 ], [ -64.059457922047528, -21.128795385771475 ], [ -64.059379345180716, -21.128535949610953 ], [ -64.059276850534701, -21.128211498112378 ], [ -64.05921225896823, -21.128029805409966 ], [ -64.059129492847148, -21.127771507405463 ], [ -64.059047664637845, -21.127515071785322 ], [ -64.058959272661966, -21.127259039417211 ], [ -64.05889006601943, -21.12699139535367 ], [ -64.058795373522926, -21.126737669871332 ], [ -64.058710508993627, -21.126454701899803 ], [ -64.058611484693969, -21.126184633077553 ], [ -64.058536080423124, -21.125983764382205 ], [ -64.058473859006739, -21.125783002998009 ], [ -64.058387281872399, -21.125468976306561 ], [ -64.058284640165851, -21.12519779058368 ], [ -64.058235477862283, -21.124879213426901 ], [ -64.05820012901701, -21.12466184961254 ], [ -64.058183469877804, -21.124379367675104 ], [ -64.05814355084037, -21.124125813591757 ], [ -64.058154675154, -21.123862953308862 ], [ -64.05812352011209, -21.123593344595893 ], [ -64.05809794993894, -21.123316963154217 ], [ -64.058096508668413, -21.123047278160815 ], [ -64.058095134823944, -21.122777592737879 ], [ -64.058093799520506, -21.122507907065756 ], [ -64.05809246424522, -21.122238221385011 ], [ -64.058091100113586, -21.121968535875975 ], [ -64.058089678241302, -21.121698850719046 ], [ -64.058088169744295, -21.121429166094579 ], [ -64.058086545738689, -21.121159482182929 ], [ -64.058084854365589, -21.120889798683429 ], [ -64.058083105259868, -21.120620116439348 ], [ -64.058081346542878, -21.120350432439874 ], [ -64.058079607118046, -21.120080749214875 ], [ -64.05807790629899, -21.119811074774642 ], [ -64.058076282405338, -21.119541381776813 ], [ -64.058110912711356, -21.119278924787213 ], [ -64.058134088339628, -21.119010133943064 ], [ -64.058164197337987, -21.118734695668543 ], [ -64.058210812005683, -21.11847457598952 ], [ -64.058269846627979, -21.118154662425109 ], [ -64.058311006531568, -21.117887077344296 ], [ -64.058335980923928, -21.117577385637897 ], [ -64.058355181667835, -21.117356402367307 ], [ -64.058346462364725, -21.117103123913104 ], [ -64.058317809634204, -21.116850783026667 ], [ -64.058267712410313, -21.11654650189438 ], [ -64.058250942597255, -21.116324225448125 ], [ -64.058209002658117, -21.116063646817715 ], [ -64.05820246312193, -21.115795908728352 ], [ -64.058217402873552, -21.115499487883991 ], [ -64.058243019371091, -21.115207020662641 ], [ -64.058262266244512, -21.114992541812665 ], [ -64.05830851135623, -21.114680458611371 ], [ -64.058341639210795, -21.11447239782056 ], [ -64.058381339799553, -21.114212303132415 ], [ -64.058455319669775, -21.113906542405751 ], [ -64.058509013273095, -21.113683627108021 ], [ -64.058564055521842, -21.11345282539245 ], [ -64.058640957325565, -21.113193826348265 ], [ -64.058720985936006, -21.112933317067636 ], [ -64.058791206622388, -21.11263526793449 ], [ -64.058858925749817, -21.112416203904722 ], [ -64.058945198478426, -21.112149747033222 ], [ -64.059049950416224, -21.111824080790996 ], [ -64.059124091008854, -21.111622701992481 ], [ -64.059229168044965, -21.11134430058393 ], [ -64.059334673755586, -21.11112499211708 ], [ -64.05948490577245, -21.110864359954594 ], [ -64.059584002233592, -21.110591308843624 ], [ -64.059700920969917, -21.110378135445384 ], [ -64.059869178761105, -21.110128890143315 ], [ -64.060044761831918, -21.10994051859921 ], [ -64.060187401081976, -21.109713252134672 ], [ -64.060333034718241, -21.109563319179156 ], [ -64.060565672907401, -21.10931427673134 ], [ -64.060748912146337, -21.109106134559486 ], [ -64.060964660606587, -21.108885357440471 ], [ -64.061113872456914, -21.108716220575101 ], [ -64.06131689470557, -21.108525617109791 ], [ -64.061513533954553, -21.108377080403383 ], [ -64.061745601168056, -21.108167411829065 ], [ -64.061941932635065, -21.107859347556008 ], [ -64.062069131946018, -21.107683220573087 ], [ -64.062196116299845, -21.107474218752341 ], [ -64.062264380094376, -21.107221740959059 ], [ -64.06239080828783, -21.106936031597716 ], [ -64.062493490638929, -21.106595687410824 ], [ -64.062583276582842, -21.106341257802804 ], [ -64.062645953425161, -21.106064169100737 ], [ -64.06267503146708, -21.105849375213801 ], [ -64.062722115857397, -21.105464848017423 ], [ -64.062706007521015, -21.105279337696796 ], [ -64.062669258715289, -21.105038485658095 ], [ -64.062655465651702, -21.104742696220427 ], [ -64.062588849181708, -21.104455350699421 ], [ -64.062598050342018, -21.104199303906668 ], [ -64.062564523019091, -21.103960563724154 ], [ -64.062540825376274, -21.103612238139998 ], [ -64.062517278625478, -21.10337709430403 ], [ -64.062514013598275, -21.103107673407028 ], [ -64.062535569257975, -21.102839795430501 ], [ -64.06257725316199, -21.102571573583358 ], [ -64.062690686543775, -21.102307023556126 ], [ -64.062759282246688, -21.102089398091831 ], [ -64.062885979225683, -21.101824547085915 ], [ -64.06303662591823, -21.101598565344322 ], [ -64.063181551175902, -21.101366837348429 ], [ -64.063315132031377, -21.101123860296077 ], [ -64.063489813003926, -21.100883859699255 ], [ -64.063651373427163, -21.100592760565672 ], [ -64.063742687671976, -21.100388716366403 ], [ -64.063849414610885, -21.100142754380503 ], [ -64.063881067879564, -21.099895329976061 ], [ -64.063801020197943, -21.099638840143236 ], [ -64.063618960029146, -21.09939262978855 ], [ -64.063413581684173, -21.099188060351 ], [ -64.063198987854705, -21.099014184008333 ], [ -64.062987208236592, -21.098843378588604 ], [ -64.062789336399518, -21.098650389428265 ], [ -64.062600002469296, -21.098450244588321 ], [ -64.062419278220929, -21.098245320594369 ], [ -64.062251974173549, -21.098026670404149 ], [ -64.062102877945023, -21.097785374237279 ], [ -64.06198641259202, -21.097524395448854 ], [ -64.061912292036553, -21.097255978122803 ], [ -64.061876961838877, -21.096983920950773 ], [ -64.061876886759606, -21.096712013438438 ], [ -64.061880608717331, -21.096680351707022 ], [ -64.061975244039417, -21.096539870696642 ], [ -64.062109271673634, -21.096219196009013 ], [ -64.062381279736243, -21.095115965566283 ], [ -64.062382544736181, -21.095111097141576 ], [ -64.062384548067939, -21.09510446238637 ], [ -64.062790434915385, -21.093843320816745 ], [ -64.062792037714644, -21.093838576754045 ], [ -64.063350941303725, -21.092260578658536 ], [ -64.063634144059748, -21.091025446303568 ], [ -64.063594145486391, -21.089762345906909 ], [ -64.063479531073696, -21.088580028797324 ], [ -64.063479228194979, -21.088576697004832 ], [ -64.063478749367121, -21.088564873985622 ], [ -64.063478746731036, -21.088564503592025 ], [ -64.063478744094951, -21.088564133198417 ], [ -64.063475107684425, -21.08722670431488 ], [ -64.063277579956804, -21.085726913609115 ], [ -64.063276619776062, -21.085717785851244 ], [ -64.06327612173267, -21.085705962947142 ], [ -64.063276115033105, -21.085703668252386 ], [ -64.063284428542971, -21.084401524613011 ], [ -64.063284755393724, -21.08439199127503 ], [ -64.063284781700148, -21.084391629734263 ], [ -64.063284808070819, -21.084391277227496 ], [ -64.063378980678863, -21.082985476743399 ], [ -64.06330160808227, -21.08177460213501 ], [ -64.063301260566888, -21.081764991710202 ], [ -64.063301271243901, -21.081761079747835 ], [ -64.063321686634808, -21.080482069092341 ], [ -64.063322005673712, -21.080474143922892 ], [ -64.063323144444425, -21.08046237399649 ], [ -64.063325111712501, -21.080450698257401 ], [ -64.063327888483812, -21.080439152962263 ], [ -64.063331475400801, -21.080427828451008 ], [ -64.063335824400141, -21.080416734059124 ], [ -64.063340784301644, -21.080406268247533 ], [ -64.063701050470002, -21.07970517247313 ], [ -64.063701135877523, -21.079705000284189 ], [ -64.063701221349291, -21.079704837129242 ], [ -64.063707086057477, -21.079694374671213 ], [ -64.063713675306957, -21.079684278082244 ], [ -64.06372094154905, -21.079674628969865 ], [ -64.063726220053795, -21.079668362147885 ], [ -64.064300220933617, -21.079018252672714 ], [ -64.064305697595458, -21.078160925883964 ], [ -64.064306024386497, -21.078151392540448 ], [ -64.064307182321187, -21.078139622487605 ], [ -64.064309149554319, -21.078127955772519 ], [ -64.064310156162037, -21.078123323846295 ], [ -64.064474127790049, -21.077421216876157 ], [ -64.064475888202679, -21.077414303551862 ], [ -64.064479474969957, -21.07740297901913 ], [ -64.064483833430756, -21.077391884540923 ], [ -64.064488944784657, -21.077381083475945 ], [ -64.064494818914, -21.077370611899731 ], [ -64.064501388827694, -21.077360524438784 ], [ -64.064508654911606, -21.077350875297039 ], [ -64.064516597979392, -21.077341673629139 ], [ -64.064525151297318, -21.077333010197556 ], [ -64.064534276235676, -21.077324867175715 ], [ -64.064538391366156, -21.077321507670934 ], [ -64.065352190100299, -21.076680361631919 ], [ -64.065357752552458, -21.076676143790195 ], [ -64.065362656142156, -21.07667267090476 ], [ -64.066249832262358, -21.076066456971702 ], [ -64.066255111192845, -21.076062981703849 ], [ -64.066265769814365, -21.076056662942726 ], [ -64.066276827963421, -21.076051028285516 ], [ -64.066288285575695, -21.076046068698158 ], [ -64.066289878974771, -21.076045444349145 ], [ -64.067176244752076, -21.075703035326082 ], [ -64.067413961952028, -21.074948442181199 ], [ -64.067266714863194, -21.073902497996155 ], [ -64.067265551282688, -21.073891862788702 ], [ -64.067265053073314, -21.073880048925854 ], [ -64.067265046321822, -21.073877754230693 ], [ -64.067270397805771, -21.073037467135347 ], [ -64.067096052133564, -21.071804409670634 ], [ -64.067096012473712, -21.071804247300676 ], [ -64.067095982503218, -21.071804093904234 ], [ -64.066896509410242, -21.070374135466146 ], [ -64.066895385941351, -21.070363716823596 ], [ -64.066894887786418, -21.070351902953117 ], [ -64.066894973172467, -21.070344982062668 ], [ -64.066940355950763, -21.068996935277404 ], [ -64.066940600142047, -21.068992037094951 ], [ -64.066941583468477, -21.06898146066078 ], [ -64.067096622766044, -21.06774922322764 ], [ -64.067096777813958, -21.067748020677094 ], [ -64.067098744730302, -21.067736353930744 ], [ -64.067101540267757, -21.067724808458319 ], [ -64.067102310219596, -21.067722102331707 ], [ -64.067353281184637, -21.066873196873878 ], [ -64.067450759661497, -21.066279159053394 ], [ -64.06747007850808, -21.066099966612914 ], [ -64.067576772910655, -21.065703652023711 ], [ -64.067984349542115, -21.065316530471023 ], [ -64.068277347532245, -21.065057206829618 ], [ -64.0685583920813, -21.06483315597935 ], [ -64.069044841468383, -21.064563497921455 ], [ -64.069199168118914, -21.064394016555255 ], [ -64.0693417132034, -21.064215050848357 ], [ -64.069294422356705, -21.063852219738621 ], [ -64.069142700999691, -21.063443347253724 ], [ -64.069159448892933, -21.062868301191557 ], [ -64.06949038410032, -21.062152932886875 ], [ -64.069864499518886, -21.061546237896632 ], [ -64.070265210331684, -21.061100448989173 ], [ -64.070400026611324, -21.060674467276044 ], [ -64.070442186705193, -21.060279488321022 ], [ -64.070304814300087, -21.059893175515018 ], [ -64.070301340910092, -21.059531324194982 ], [ -64.070051122409239, -21.059216380299038 ], [ -64.069953305087097, -21.058549534358818 ], [ -64.070126249794114, -21.058197223111566 ], [ -64.070433794473928, -21.057761913612964 ], [ -64.071027299340813, -21.057453297133264 ], [ -64.071807447617147, -21.056863822893902 ], [ -64.072281609983065, -21.056476759611137 ], [ -64.072438015413212, -21.05629680965145 ], [ -64.072620786207494, -21.056065142751507 ], [ -64.07278085391286, -21.055593267698221 ], [ -64.072946345428704, -21.055154496451919 ], [ -64.073080867678001, -21.054737540025933 ], [ -64.073224779120224, -21.054324146980921 ], [ -64.073331355737977, -21.053844713304194 ], [ -64.073493282021985, -21.053146775976678 ], [ -64.073519774469005, -21.053131628619319 ], [ -64.073749992061963, -21.052999997828767 ], [ -64.071861113246442, -21.047750003020816 ], [ -64.078289923676863, -21.042687843375614 ], [ -64.078663350985082, -21.042393779810926 ], [ -64.091335980275318, -21.032413378793482 ], [ -64.090027779601954, -21.025749996346185 ], [ -64.08158279469518, -21.019881445564792 ], [ -64.081236197108225, -21.019640559753817 ], [ -64.081176592126653, -21.019514185628434 ], [ -64.081263916027879, -21.019209242735457 ], [ -64.081315992674575, -21.019033481242634 ], [ -64.08140908955923, -21.018874037139156 ], [ -64.081466720478986, -21.018653284994997 ], [ -64.08156336026785, -21.018414125626045 ], [ -64.081475345290329, -21.018185436646153 ], [ -64.081571079563815, -21.017842098030041 ], [ -64.081670365489856, -21.017536338061202 ], [ -64.082011228509955, -21.017195 ], [ -64.082302333084513, -21.016986621295125 ], [ -64.082540187105479, -21.016835163574815 ], [ -64.082826024922241, -21.016597157516237 ], [ -64.083014734340253, -21.016411663079126 ], [ -64.083018903466979, -21.0162521608829 ], [ -64.083016990018109, -21.015987157258397 ], [ -64.082934880785942, -21.015634334543403 ], [ -64.082798105962823, -21.015254114962072 ], [ -64.082777466751921, -21.014867464470424 ], [ -64.082725387912433, -21.014663943104029 ], [ -64.082607987333958, -21.014433652781808 ], [ -64.08237722205223, -21.014078875450767 ], [ -64.08234151718932, -21.013550913774537 ], [ -64.082257553407658, -21.013119294998937 ], [ -64.082054118777307, -21.012507422105646 ], [ -64.081909874610702, -21.012096667437785 ], [ -64.081849852191439, -21.011694538055547 ], [ -64.081735970521507, -21.011211152031962 ], [ -64.081571243817805, -21.010769575178223 ], [ -64.081471157818527, -21.010399221327134 ], [ -64.081388657958627, -21.010216789305424 ], [ -64.081251738144047, -21.009994039037444 ], [ -64.082004502056378, -21.008856056262783 ], [ -64.082259513033662, -21.008801312199481 ], [ -64.08252175659706, -21.008740902335401 ], [ -64.082784841987234, -21.008682519465413 ], [ -64.08305272427927, -21.008623599738765 ], [ -64.083339420421098, -21.00861728477231 ], [ -64.083583293128854, -21.008752296569607 ], [ -64.083703106559184, -21.008826907877175 ], [ -64.102586920878665, -20.964000856294199 ], [ -64.129932186043732, -20.972392546498764 ], [ -64.142749996252661, -20.92552777696714 ], [ -64.140362897878461, -20.925269552989015 ], [ -64.138577502667601, -20.925701598135589 ], [ -64.137420636079412, -20.926465542328931 ], [ -64.134562062332037, -20.926904693168201 ], [ -64.132505813449455, -20.927002371852463 ], [ -64.130626527891692, -20.926846776822373 ], [ -64.126869222804842, -20.926703567725514 ], [ -64.123647872802849, -20.926472722385125 ], [ -64.120511585477075, -20.925653074524263 ], [ -64.119247095903958, -20.923980844839587 ], [ -64.118154632271072, -20.921383189593918 ], [ -64.118046510808611, -20.918863109145889 ], [ -64.11722238067064, -20.916263686461633 ], [ -64.115150719598901, -20.914260592965277 ], [ -64.11263820401976, -20.913100608629001 ], [ -64.11049145525439, -20.913030552153153 ], [ -64.108353352853996, -20.914136784750891 ], [ -64.106218299300309, -20.915663104772623 ], [ -64.1041732433779, -20.917272843687115 ], [ -64.101859250704535, -20.918800268848781 ], [ -64.099448430595828, -20.919319966729336 ], [ -64.09631668034379, -20.919088020730488 ], [ -64.09380970078395, -20.918683962849627 ], [ -64.092101477037758, -20.917434493811111 ], [ -64.089056768609993, -20.916865747780864 ], [ -64.086734746090826, -20.917300673990539 ], [ -64.084686425483952, -20.918490074503733 ], [ -64.083624787419339, -20.920093327290829 ], [ -64.081855542311004, -20.922793410290161 ], [ -64.080885685708765, -20.924732174551192 ], [ -64.078926647460534, -20.925920944234431 ], [ -64.076612854720324, -20.927532065457214 ], [ -64.075374003152362, -20.929388469887979 ], [ -64.073953258306418, -20.930825875084867 ], [ -64.072895611088043, -20.933017231748181 ], [ -64.071751486767567, -20.935629260184633 ], [ -64.069703991411899, -20.9369865409294 ], [ -64.06765884021786, -20.938679891873136 ], [ -64.066420980185441, -20.940704284347586 ], [ -64.06651934607261, -20.941964076935413 ], [ -64.067602760322032, -20.943385762107777 ], [ -64.069138180771077, -20.945476824052736 ], [ -64.069872829287775, -20.948161083419279 ], [ -64.069441130098369, -20.950348492648644 ], [ -64.067555557159224, -20.952861114665019 ], [ -64.067536586901866, -20.952877341966257 ], [ -64.066496319763232, -20.952521527958741 ], [ -64.065775723580714, -20.953760344107828 ], [ -64.064409304890575, -20.954983312869373 ], [ -64.063082876931858, -20.955970975167023 ], [ -64.061692959322713, -20.956821899564424 ], [ -64.060527920790122, -20.957064205377051 ], [ -64.059444558462303, -20.957070938946931 ], [ -64.058442050832411, -20.956724587265352 ], [ -64.057680970996159, -20.95617249735626 ], [ -64.057216774392103, -20.955437378435064 ], [ -64.056639052904558, -20.954877096908781 ], [ -64.055729106137676, -20.954774934200739 ], [ -64.055165566656214, -20.954977431418662 ], [ -64.054876074339376, -20.955236276999944 ], [ -64.054725659046639, -20.955611517771658 ], [ -64.054624376899852, -20.95602348898295 ], [ -64.054670705067878, -20.956689181448947 ], [ -64.054491694091155, -20.95707120856315 ], [ -64.053426432653922, -20.957519553426017 ], [ -64.052094154066779, -20.957684479600857 ], [ -64.051134689022561, -20.957533693478759 ], [ -64.050087525080258, -20.956756636148949 ], [ -64.049495342193055, -20.955816750438178 ], [ -64.04849349799855, -20.95523859754881 ], [ -64.047537877073978, -20.955636229016172 ], [ -64.047334715540401, -20.956381812056666 ], [ -64.047385385602951, -20.957674289894442 ], [ -64.047048946926239, -20.958186748407289 ], [ -64.046654023921775, -20.958520857148347 ], [ -64.044287771502056, -20.958653092509895 ], [ -64.042172317568898, -20.958921449306512 ], [ -64.040919667933977, -20.959692251691742 ], [ -64.039714798914275, -20.960208882303075 ], [ -64.036511681971291, -20.961011893086599 ], [ -64.03540342374265, -20.961317687927011 ], [ -64.035194889840653, -20.960513540579083 ], [ -64.034983264036967, -20.957249454295518 ], [ -64.021073227366998, -20.88491242792281 ], [ -64.003470690999322, -20.890854157393314 ], [ -63.9708980345521, -20.903141581110095 ], [ -63.970621319197775, -20.903247786798755 ], [ -63.970494589675724, -20.903320220294756 ], [ -63.969173564574987, -20.904298968282639 ], [ -63.952492340122397, -20.915617224859293 ], [ -63.936093976800464, -20.9267305576616 ] ] ] ] } },
{ "type": "Feature", "properties": { "fid": 2, "Nombre": "Tariquia Baritu", "descripcion": "s/descripcion", "categoria": "Corredor", "ubicacion": "ubicacion", "hectareas": 133161, "estado": "estado", "actividades": "actividades" }, "geometry": { "type": "MultiPolygon", "coordinates": [ [ [ [ -64.355207060667382, -22.728595198436718 ], [ -64.355392429856508, -22.728433422086425 ], [ -64.358164546492318, -22.726521522927719 ], [ -64.361182755123863, -22.724317532285113 ], [ -64.362571634168873, -22.723751091872309 ], [ -64.363700670422858, -22.723588024651239 ], [ -64.365091110653836, -22.723827460379194 ], [ -64.366395154521726, -22.724308801301724 ], [ -64.367612491339216, -22.724870869786791 ], [ -64.369683268927403, -22.726191760178608 ], [ -64.370918165138093, -22.727121746187148 ], [ -64.371613643421526, -22.727362324253075 ], [ -64.372395516317553, -22.72736098503708 ], [ -64.373089548531524, -22.726876259912036 ], [ -64.373521988801983, -22.725908447169104 ], [ -64.373259274204344, -22.72486123841065 ], [ -64.373170308135599, -22.72381372862673 ], [ -64.372994954225007, -22.72300813404371 ], [ -64.373340513096295, -22.722040463199214 ], [ -64.37403387798831, -22.72123337142267 ], [ -64.374381043444075, -22.721071593871212 ], [ -64.375596600742014, -22.720747134326245 ], [ -64.376464992648195, -22.720584451215124 ], [ -64.377506963662128, -22.720340872205842 ], [ -64.378548605511341, -22.719936107996823 ], [ -64.37967645880687, -22.719208826922795 ], [ -64.38028242365246, -22.718160091865517 ], [ -64.381236354492827, -22.7173525141983 ], [ -64.382452370417965, -22.71726978579629 ], [ -64.384016197179989, -22.717347616484684 ], [ -64.384798691758917, -22.717668594381561 ], [ -64.385756426144653, -22.718714571228645 ], [ -64.386455224886092, -22.720566903817197 ], [ -64.387848682006037, -22.722256807836239 ], [ -64.389152270120377, -22.7224962452932 ], [ -64.390542061232424, -22.722413161068459 ], [ -64.391670896105765, -22.722169358778103 ], [ -64.392364183288947, -22.721362208693904 ], [ -64.392796510020247, -22.720394346680617 ], [ -64.3936628484186, -22.719264515613641 ], [ -64.394790809071296, -22.718617744865355 ], [ -64.39600716969845, -22.718696121292854 ], [ -64.396789860628502, -22.719097643934553 ], [ -64.397312456564791, -22.719741411084375 ], [ -64.398182198404058, -22.720223359354122 ], [ -64.398877170136402, -22.720222084040586 ], [ -64.399918592600301, -22.719736627625707 ], [ -64.401047053226236, -22.719331595023554 ], [ -64.401828891336592, -22.719330149825556 ], [ -64.403045259548421, -22.719408485818523 ], [ -64.403651790101819, -22.718682047055946 ], [ -64.403301525269839, -22.717393249801262 ], [ -64.402517438067761, -22.7163470255623 ], [ -64.401559622019235, -22.715301117583522 ], [ -64.400255204328047, -22.714658797185113 ], [ -64.398950795604065, -22.714016469011369 ], [ -64.397299265797216, -22.713535949441731 ], [ -64.395300272415099, -22.713056049617467 ], [ -64.393736817365422, -22.71313948094507 ], [ -64.392694399698186, -22.713141368434037 ], [ -64.391912079494361, -22.712901007679587 ], [ -64.39139019630116, -22.712579583667942 ], [ -64.391388340013336, -22.711693081343128 ], [ -64.391560724655079, -22.711048037446172 ], [ -64.392166934537769, -22.710160435101841 ], [ -64.392948227054021, -22.709917247289127 ], [ -64.393990456865623, -22.709834767325273 ], [ -64.394599203293566, -22.710156029059139 ], [ -64.395729153208819, -22.710476339719321 ], [ -64.396945289128695, -22.710474120156388 ], [ -64.397378767262509, -22.710070369021533 ], [ -64.397377396593626, -22.709425636219919 ], [ -64.397027704941294, -22.708378579947126 ], [ -64.397112859332807, -22.707572502872608 ], [ -64.39737071472301, -22.706282554049547 ], [ -64.397976195210717, -22.705072557055587 ], [ -64.398755223907287, -22.703781644207599 ], [ -64.399360170789436, -22.702329859816761 ], [ -64.400051797906471, -22.700797315815809 ], [ -64.400568654764399, -22.698781525455551 ], [ -64.400913161871841, -22.697410795813536 ], [ -64.400388889767541, -22.695961070781948 ], [ -64.399431534493459, -22.695076298256481 ], [ -64.397777255424486, -22.693225663694424 ], [ -64.39638580473023, -22.692422262108263 ], [ -64.395341287872242, -22.691376434306047 ], [ -64.394557184244363, -22.690249530554343 ], [ -64.39435443853499, -22.688497928943377 ], [ -64.394443226153754, -22.688063036471927 ], [ -64.396672509160496, -22.685005184055058 ], [ -64.398082213921427, -22.6833335290716 ], [ -64.400906967608179, -22.682517636026038 ], [ -64.405145654684631, -22.682032888066491 ], [ -64.408998631664403, -22.681429562519387 ], [ -64.412850530704745, -22.680349288426157 ], [ -64.415545587533515, -22.679032718037028 ], [ -64.416740250138616, -22.67731940428564 ], [ -64.417210428975793, -22.676645101881036 ], [ -64.418104402455128, -22.674258946360673 ], [ -64.418610544417319, -22.670800519209362 ], [ -64.417961006730877, -22.667582742226163 ], [ -64.416798168097841, -22.664604377467811 ], [ -64.415670128536078, -22.662210017255461 ], [ -64.415507433337424, -22.661864682815416 ], [ -64.415221133432325, -22.661309629210898 ], [ -64.414217265591375, -22.659363416677195 ], [ -64.414452777543858, -22.657000000265892 ], [ -64.416263608768574, -22.655305813258337 ], [ -64.417932492323743, -22.654825699535248 ], [ -64.420373449814392, -22.654940212961382 ], [ -64.422555070430462, -22.653982162822206 ], [ -64.424351841369003, -22.653263295093321 ], [ -64.426147783375484, -22.652186731719947 ], [ -64.428458342574629, -22.651466818042657 ], [ -64.4311547984708, -22.650984568079817 ], [ -64.432821949472157, -22.64978897216929 ], [ -64.433846261449432, -22.648356189629556 ], [ -64.434097907723924, -22.646090342916576 ], [ -64.434565390891748, -22.64400695020402 ], [ -64.434606448503871, -22.643823972214815 ], [ -64.435245367645393, -22.64239193617766 ], [ -64.43627101028703, -22.641555268505261 ], [ -64.438324784068286, -22.640954980195204 ], [ -64.439992921877874, -22.640236224362923 ], [ -64.441661046862976, -22.639517453767898 ], [ -64.442299615291063, -22.637966155131668 ], [ -64.441654289101663, -22.636655928596213 ], [ -64.440238589684611, -22.635466491283289 ], [ -64.438567419761171, -22.634873717717266 ], [ -64.437025260915675, -22.634519133444705 ], [ -64.4350988879238, -22.634642235511759 ], [ -64.433686839747281, -22.635002756575258 ], [ -64.43227588750716, -22.63584019088881 ], [ -64.430481235542516, -22.637393762572632 ], [ -64.428599537580908, -22.638570287279602 ], [ -64.427197787948785, -22.638959357233205 ], [ -64.425762306351146, -22.638075102493701 ], [ -64.424881136380293, -22.636932211997074 ], [ -64.423937286218347, -22.635331589246103 ], [ -64.42351675368235, -22.633400857426349 ], [ -64.423917821029747, -22.631802795042503 ], [ -64.424300170266619, -22.630490491204061 ], [ -64.42506495892394, -22.629649165801535 ], [ -64.426189832396005, -22.629532496485638 ], [ -64.427810008100892, -22.630330552168065 ], [ -64.429138009254018, -22.631415331455681 ], [ -64.43035793625522, -22.632414466736972 ], [ -64.432162252861914, -22.632840117066504 ], [ -64.433655628094982, -22.632107437275813 ], [ -64.433934597972041, -22.631067604967139 ], [ -64.433542961242779, -22.630047325731361 ], [ -64.433047630315741, -22.62913260653664 ], [ -64.432860227123854, -22.628074190170995 ], [ -64.433073585587636, -22.627029280934767 ], [ -64.433513228894128, -22.625532020960232 ], [ -64.434688449856992, -22.6238405557487 ], [ -64.434824236061544, -22.623174525544705 ], [ -64.434400284973364, -22.622867922107389 ], [ -64.432991613993678, -22.622134887320321 ], [ -64.432837229330687, -22.62202073051008 ], [ -64.431544245183815, -22.621064657911909 ], [ -64.430192601965459, -22.619725947597651 ], [ -64.428870215564288, -22.617135192406124 ], [ -64.427933290371129, -22.614603275112803 ], [ -64.427929880529405, -22.613112823648862 ], [ -64.428623812091757, -22.611571344137531 ], [ -64.428875199731621, -22.609186098576451 ], [ -64.42887219255249, -22.607874488184269 ], [ -64.427432537749198, -22.606227832804507 ], [ -64.425950300229985, -22.603875783781753 ], [ -64.426012067483953, -22.602802510014101 ], [ -64.427060358209019, -22.601796885791263 ], [ -64.428159717774463, -22.601307790331301 ], [ -64.429369197706762, -22.600599932533157 ], [ -64.42975226670211, -22.599645255551422 ], [ -64.429749527450383, -22.59845285990815 ], [ -64.428855506951606, -22.596715671085466 ], [ -64.427468207401148, -22.593737382790547 ], [ -64.425792565642269, -22.590998117401565 ], [ -64.424975555400522, -22.588565221698438 ], [ -64.424972305030849, -22.587134314618471 ], [ -64.425998234669635, -22.586536087140189 ], [ -64.427282066266287, -22.586414319380651 ], [ -64.42895085375909, -22.58617254089091 ], [ -64.429975121110488, -22.584858835732746 ], [ -64.430998823713082, -22.583306636438397 ], [ -64.431764870344978, -22.581397207292298 ], [ -64.431247119719146, -22.579609568667532 ], [ -64.43021768030826, -22.578657653855768 ], [ -64.427906390772762, -22.578662224912186 ], [ -64.425081208866231, -22.578548533789792 ], [ -64.423282730330627, -22.578194314852514 ], [ -64.420455683479062, -22.577245850971273 ], [ -64.41709502699068, -22.574845530269101 ], [ -64.414854558373619, -22.572023691537023 ], [ -64.412885562427093, -22.568838784335913 ], [ -64.412355508984078, -22.565650273993924 ], [ -64.410134000889542, -22.563053699221879 ], [ -64.409521257326602, -22.561090177458816 ], [ -64.409266535515073, -22.559480309069269 ], [ -64.409931484702597, -22.558011222754537 ], [ -64.411069970434411, -22.5571280248402 ], [ -64.412814605299715, -22.556548321423513 ], [ -64.41517107818747, -22.556100550021256 ], [ -64.416753716012792, -22.554829345351941 ], [ -64.417252797991907, -22.55278312204058 ], [ -64.416942095273882, -22.550999951450308 ], [ -64.416441037130809, -22.549383050606863 ], [ -64.415503386508561, -22.547925387216434 ], [ -64.414063812035167, -22.546739559187699 ], [ -64.412814621523736, -22.545387455196586 ], [ -64.412057918898981, -22.544049421522395 ], [ -64.41180694803613, -22.542325193364199 ], [ -64.411864585082455, -22.541928073053892 ], [ -64.41212627274669, -22.540125040228986 ], [ -64.412867761653601, -22.538200227672064 ], [ -64.41428254461924, -22.536409109181474 ], [ -64.416795812022585, -22.534935504226215 ], [ -64.419759887159188, -22.534733894023081 ], [ -64.422563852675964, -22.533783598293265 ], [ -64.424607222315672, -22.531609627239046 ], [ -64.426092776408382, -22.529534207759756 ], [ -64.427312015512356, -22.526191993639085 ], [ -64.428739678788816, -22.524000415951768 ], [ -64.429833160483369, -22.52260062061578 ], [ -64.431094310619642, -22.521720710565319 ], [ -64.43296340974257, -22.521087015394755 ], [ -64.434011640096116, -22.521059572195782 ], [ -64.435848730084615, -22.521397952726776 ], [ -64.437876127469622, -22.52157000692068 ], [ -64.440019114642837, -22.521974264908639 ], [ -64.441986863845315, -22.522087339313664 ], [ -64.444581405060887, -22.521874739709681 ], [ -64.446448597458286, -22.521298061854107 ], [ -64.448700096658158, -22.520274347828547 ], [ -64.450781921867403, -22.51878789364536 ], [ -64.451515233684688, -22.517091529066242 ], [ -64.451560237193632, -22.515719102657098 ], [ -64.451433716182294, -22.513941159326855 ], [ -64.450797938987193, -22.51266393960379 ], [ -64.449294887808833, -22.511533877397483 ], [ -64.44772656403461, -22.510516429832702 ], [ -64.446704670714254, -22.509743400267546 ], [ -64.445628751475908, -22.508739884890247 ], [ -64.445172050551093, -22.507639438556389 ], [ -64.445345814279392, -22.506098958399715 ], [ -64.446000661135258, -22.504915529038776 ], [ -64.447015376682316, -22.504028475303638 ], [ -64.448880433651411, -22.503508910678072 ], [ -64.449988215972482, -22.503540266167587 ], [ -64.451028833913313, -22.503741427487626 ], [ -64.453042544215975, -22.504324979660787 ], [ -64.455204082217563, -22.50415715019944 ], [ -64.456957270049429, -22.503290897719808 ], [ -64.458781337334116, -22.502140434900404 ], [ -64.459329803176558, -22.500438786795144 ], [ -64.459328111973193, -22.498607123755036 ], [ -64.458641980814321, -22.496985083848749 ], [ -64.458575008770651, -22.49526605431447 ], [ -64.459179363232067, -22.493737694396948 ], [ -64.460033598681363, -22.492101908817464 ], [ -64.46093252880479, -22.490982518918194 ], [ -64.462172649806746, -22.490731321237316 ], [ -64.463627777705312, -22.492383333724938 ], [ -64.46622785156238, -22.492356835412689 ], [ -64.467337473198825, -22.492640683774606 ], [ -64.468692090115596, -22.492351522361609 ], [ -64.469614456475881, -22.491662557517884 ], [ -64.469550783329908, -22.490838330725971 ], [ -64.468809510356778, -22.490038467853076 ], [ -64.468252343240977, -22.488951965327438 ], [ -64.468496471033788, -22.488035472396792 ], [ -64.469111081791368, -22.48746166342875 ], [ -64.470342881679585, -22.487344498901965 ], [ -64.471575544222546, -22.4875708135217 ], [ -64.473055206659566, -22.488025573446969 ], [ -64.473919554240794, -22.488767907393189 ], [ -64.474659537762648, -22.489052527944409 ], [ -64.475398214281029, -22.488821918734285 ], [ -64.475950037720111, -22.487790245659713 ], [ -64.47613019289561, -22.485957913027843 ], [ -64.47655529894331, -22.483552551813823 ], [ -64.477106663801194, -22.482349120806528 ], [ -64.47809069841891, -22.481717218957552 ], [ -64.479814539707888, -22.481312669991208 ], [ -64.481539257934017, -22.481251597389821 ], [ -64.482954191246918, -22.480504216348599 ], [ -64.483751615350798, -22.479185715260375 ], [ -64.484240874845582, -22.477810647423262 ], [ -64.484112936100317, -22.475978960011041 ], [ -64.483739339044533, -22.474434061860549 ], [ -64.482131399087791, -22.471975911674239 ], [ -64.479540711987468, -22.470607663156613 ], [ -64.477877251527516, -22.470496837058299 ], [ -64.475905363476613, -22.470214925254997 ], [ -64.47504181986632, -22.469758819887549 ], [ -64.474793393947266, -22.468957863903594 ], [ -64.475037172210477, -22.467926828180051 ], [ -64.475835181393393, -22.466837324040679 ], [ -64.476695069857783, -22.465862179124766 ], [ -64.47780016791576, -22.464428483417464 ], [ -64.479117430891677, -22.461882721189397 ], [ -64.481918311494965, -22.460984322363061 ], [ -64.484011082957423, -22.460407149923356 ], [ -64.486041652005667, -22.459601091270986 ], [ -64.487702336644361, -22.458681342656572 ], [ -64.488684717105301, -22.457476852970554 ], [ -64.489481404224023, -22.455929267072865 ], [ -64.48959905470565, -22.453810690507051 ], [ -64.489682357857774, -22.451367475181705 ], [ -64.489651187151765, -22.450192248992092 ], [ -64.489647444887467, -22.448760951578713 ], [ -64.489624023032448, -22.448486639354943 ], [ -64.489520370029027, -22.44727267547955 ], [ -64.4897005031482, -22.445497438314366 ], [ -64.489696012099628, -22.443779865728352 ], [ -64.489937279168657, -22.441832718292517 ], [ -64.490486934840149, -22.440056625942077 ], [ -64.490789777844341, -22.438109324916578 ], [ -64.492079066898796, -22.436560554593484 ], [ -64.493492715381933, -22.435469518493736 ], [ -64.495092923762584, -22.435065091855506 ], [ -64.496079530489581, -22.435520866368439 ], [ -64.497376207952129, -22.436777476755758 ], [ -64.498242546756558, -22.438321333979502 ], [ -64.499477975035987, -22.439692572272119 ], [ -64.50089589141443, -22.440204579567865 ], [ -64.502744016207089, -22.440372059868082 ], [ -64.50545747837289, -22.441682572114804 ], [ -64.508416405245114, -22.44264895324568 ], [ -64.511254683749101, -22.4445316225985 ], [ -64.514622748431876, -22.445860110825766 ], [ -64.517725295214589, -22.445833075749817 ], [ -64.52104863937339, -22.444909068217047 ], [ -64.523631111255114, -22.443357017487756 ], [ -64.52510332712383, -22.44123509176427 ], [ -64.524452778076551, -22.439269444001123 ], [ -64.524357401857642, -22.438036862044381 ], [ -64.523509959310744, -22.435666411497316 ], [ -64.521883020990586, -22.43264464644454 ], [ -64.520172558547586, -22.430307450405738 ], [ -64.517153754667731, -22.428449038768353 ], [ -64.51520449677588, -22.42505594358386 ], [ -64.513243958460535, -22.421757524694044 ], [ -64.512612597003738, -22.418419965818877 ], [ -64.512886595910572, -22.415645667967507 ], [ -64.513156934927508, -22.415293158323543 ], [ -64.514802263960306, -22.413147724940984 ], [ -64.517688448412983, -22.410220767965139 ], [ -64.520638348302725, -22.408095200617133 ], [ -64.52340344810753, -22.405970029761125 ], [ -64.526781999962409, -22.403041720337853 ], [ -64.529975881795011, -22.400171051691583 ], [ -64.5329860814348, -22.397701578225792 ], [ -64.536551188216677, -22.395516968352798 ], [ -64.541235069140583, -22.393580596788691 ], [ -64.545866594486228, -22.391189781652091 ], [ -64.550004144171865, -22.388842438179939 ], [ -64.554156135782662, -22.386037417142745 ], [ -64.558616492248774, -22.382119841846407 ], [ -64.561640465936961, -22.37908784504231 ], [ -64.563758913258795, -22.37634109366752 ], [ -64.565010882246824, -22.373742244983077 ], [ -64.565709342072608, -22.371128185829374 ], [ -64.566762646551112, -22.368012582104601 ], [ -64.566307841032469, -22.365843791593246 ], [ -64.565026740803859, -22.364008806913827 ], [ -64.564210272810584, -22.362122584950608 ], [ -64.563391149958633, -22.360783480533197 ], [ -64.564273837180778, -22.359315281724999 ], [ -64.564945323763581, -22.357423871853143 ], [ -64.564587080435132, -22.356065039392089 ], [ -64.563707548372051, -22.355251116359732 ], [ -64.561970545349453, -22.35318824894421 ], [ -64.561326864840154, -22.352140180433707 ], [ -64.561722498211708, -22.350217126772055 ], [ -64.5628276393346, -22.349240779785358 ], [ -64.564856319399524, -22.348319282970692 ], [ -64.565221007939925, -22.346772214537506 ], [ -64.56475882108893, -22.344826977995805 ], [ -64.564693872355619, -22.342993378963619 ], [ -64.565573075693905, -22.341044894408682 ], [ -64.566551396189624, -22.338866288351422 ], [ -64.566607931154721, -22.337205466097139 ], [ -64.565808334418506, -22.335009734593424 ], [ -64.565249714495025, -22.333219844129811 ], [ -64.564880971911265, -22.331263425807254 ], [ -64.564492304336781, -22.329936150001906 ], [ -64.564063909483181, -22.327920852014294 ], [ -64.563574045784307, -22.325903870193997 ], [ -64.562483948855146, -22.323412473272057 ], [ -64.561079271264447, -22.321141421149548 ], [ -64.55922729226576, -22.319396182442905 ], [ -64.557531478566673, -22.318548222390795 ], [ -64.555379990476325, -22.318489145433595 ], [ -64.553528602157783, -22.318667262397685 ], [ -64.551621190783933, -22.318672085659209 ], [ -64.549853075675642, -22.318165524887497 ], [ -64.547559010541619, -22.31678582560556 ], [ -64.546475751135702, -22.314866214968273 ], [ -64.545792391419255, -22.312691781081629 ], [ -64.54473977145679, -22.31051826535565 ], [ -64.543503038079123, -22.308517001982967 ], [ -64.54179560529721, -22.306495131461521 ], [ -64.540689637893323, -22.304518408123034 ], [ -64.539562263592728, -22.30128174558228 ], [ -64.538709481176241, -22.299083019046343 ], [ -64.537554514879744, -22.296715685508957 ], [ -64.536768698934978, -22.294347073060401 ], [ -64.536286551419224, -22.292101315270596 ], [ -64.535921867149597, -22.29003052235355 ], [ -64.535927743565665, -22.287912699060474 ], [ -64.536553621452441, -22.285640229632801 ], [ -64.537615108397588, -22.283208023372598 ], [ -64.539414952975193, -22.281805395896459 ], [ -64.547775713200352, -22.275289815518292 ], [ -64.54986285008718, -22.273566376024178 ], [ -64.552134009902673, -22.271659171699007 ], [ -64.554283784025046, -22.270336422255522 ], [ -64.556616935947005, -22.26861227194388 ], [ -64.55824793416464, -22.267498886598947 ], [ -64.559564508283898, -22.26660013985968 ], [ -64.562144719354563, -22.265218913718794 ], [ -64.564109412370129, -22.263781985481046 ], [ -64.566196099107941, -22.262001078508312 ], [ -64.567853598657379, -22.260736729679188 ], [ -64.568711542097191, -22.259589014510873 ], [ -64.569753783342861, -22.258349170287254 ], [ -64.570859212919203, -22.257658976458739 ], [ -64.57245609441371, -22.256715473818982 ], [ -64.57392927183551, -22.255566101012263 ], [ -64.575404012708958, -22.254932174250538 ], [ -64.576325170799279, -22.254356986015345 ], [ -64.577245618096342, -22.253552699202928 ], [ -64.578349932099769, -22.252518820525491 ], [ -64.579637574671025, -22.251083524267639 ], [ -64.580741861918156, -22.250049628556209 ], [ -64.581971498034918, -22.249759953891431 ], [ -64.582833042582962, -22.249814909694457 ], [ -64.584309314081707, -22.249696380784361 ], [ -64.586214297330272, -22.248946662593475 ], [ -64.587504726757487, -22.24842769391006 ], [ -64.589225467187859, -22.24779299712019 ], [ -64.590578307319205, -22.247560211212029 ], [ -64.591623155590852, -22.247213709969397 ], [ -64.592546216488003, -22.24726845917689 ], [ -64.593159839384469, -22.24675130700745 ], [ -64.59346547204278, -22.246120448201157 ], [ -64.593892519659704, -22.244973781143866 ], [ -64.593949872425668, -22.243656301139755 ], [ -64.594439161228394, -22.242738557566717 ], [ -64.594991058831141, -22.242164290249999 ], [ -64.595668365423293, -22.24233425210338 ], [ -64.595916097597723, -22.242849046608455 ], [ -64.596593771867376, -22.243133554172001 ], [ -64.597269440933971, -22.242788040963944 ], [ -64.597759258842686, -22.242042111979565 ], [ -64.598494252061556, -22.241009127316936 ], [ -64.59886119749676, -22.240320808293287 ], [ -64.598859003025083, -22.239633510443408 ], [ -64.598794371824042, -22.238660005771123 ], [ -64.599037352613152, -22.23768564892719 ], [ -64.599403922513417, -22.236882774522371 ], [ -64.599830912795753, -22.23573607665702 ], [ -64.599950841224981, -22.234762054427897 ], [ -64.599701643667558, -22.233789053577475 ], [ -64.599576038890504, -22.23298753631644 ], [ -64.599635362184699, -22.232300057606999 ], [ -64.600248733277908, -22.231725595098162 ], [ -64.600740528271942, -22.231609678110878 ], [ -64.601293659084476, -22.231436312484501 ], [ -64.601783798860978, -22.230804910803496 ], [ -64.602028040757475, -22.230231467795758 ], [ -64.601963212539317, -22.22920067090984 ], [ -64.601908099288707, -22.227792774966474 ], [ -64.601956154325293, -22.227001267025628 ], [ -64.602384761928306, -22.226370029830086 ], [ -64.603183028064606, -22.225909591287962 ], [ -64.604104142893902, -22.225391529639801 ], [ -64.604778257861298, -22.224587768603158 ], [ -64.605574846369947, -22.223611830477914 ], [ -64.606372168155346, -22.222864994019002 ], [ -64.606923785435285, -22.222233398110621 ], [ -64.607291219498492, -22.221716871498639 ], [ -64.607658280454231, -22.221085789317655 ], [ -64.608025152322668, -22.220397429822018 ], [ -64.608393880106618, -22.220281838648585 ], [ -64.608702577988311, -22.220624634681826 ], [ -64.609195268702749, -22.220795081072524 ], [ -64.609685912553786, -22.220335479441463 ], [ -64.609991631871139, -22.219761841906909 ], [ -64.610482271068392, -22.21930223757704 ], [ -64.610664396187914, -22.218557114841186 ], [ -64.611585827725492, -22.218153568372134 ], [ -64.612447048777753, -22.218151132471068 ], [ -64.613184114190162, -22.217805378286407 ], [ -64.613797958629604, -22.217402693234696 ], [ -64.613857037447914, -22.216657914117707 ], [ -64.613669494021167, -22.215741999019762 ], [ -64.613790462251515, -22.215111597063974 ], [ -64.614281267535304, -22.214709257563463 ], [ -64.61495548827439, -22.213962727118648 ], [ -64.615753858762659, -22.213559509042849 ], [ -64.616490524549803, -22.213099185361891 ], [ -64.616980942020618, -22.21258228285955 ], [ -64.617286061951447, -22.211836793391782 ], [ -64.617529853702578, -22.211148755864773 ], [ -64.617343805749087, -22.210691058669049 ], [ -64.616850757497375, -22.210406072673369 ], [ -64.61641903554964, -22.210063631308852 ], [ -64.61635582888708, -22.209548303794353 ], [ -64.616660945398607, -22.208802810963782 ], [ -64.616658874356787, -22.208172750687986 ], [ -64.616533778989989, -22.207543039360637 ], [ -64.616345478893251, -22.206397997554113 ], [ -64.616588890522607, -22.205595397203123 ], [ -64.617140987885975, -22.205135590239536 ], [ -64.61794063772885, -22.205133307858027 ], [ -64.61873953192098, -22.204901908536442 ], [ -64.619416157182386, -22.204899972484881 ], [ -64.619909194860554, -22.205184955579792 ], [ -64.620280726102791, -22.205928519300866 ], [ -64.620713961680664, -22.206729183199844 ], [ -64.621269466541364, -22.207300377963065 ], [ -64.621824784932187, -22.207814292497904 ], [ -64.622872587035928, -22.20844134527357 ], [ -64.623611119244217, -22.208553776161295 ], [ -64.624163398669324, -22.208151231989348 ], [ -64.624223195760507, -22.207635549989845 ], [ -64.624403919529001, -22.206489449379148 ], [ -64.624523893318141, -22.205572638387594 ], [ -64.625014078156127, -22.204998431884693 ], [ -64.625686310033629, -22.203679066556159 ], [ -64.626668190305494, -22.202988872328604 ], [ -64.627590085777626, -22.20275708303523 ], [ -64.62863557577424, -22.202696768540989 ], [ -64.629681449590365, -22.202751006459938 ], [ -64.630480511642077, -22.20257684060163 ], [ -64.63140201483759, -22.202230477328666 ], [ -64.632384445713754, -22.2017120927344 ], [ -64.633305361087366, -22.201193882332515 ], [ -64.63422723953876, -22.200962063978292 ], [ -64.635762468930182, -22.200212922440627 ], [ -64.635664332695001, -22.199137774561336 ], [ -64.635934305163914, -22.198375544379523 ], [ -64.636165294323291, -22.197723378217564 ], [ -64.636956615702445, -22.196711816139832 ], [ -64.637458931721653, -22.195701100969586 ], [ -64.638177302944939, -22.194487897372021 ], [ -64.638898184125949, -22.194014791959319 ], [ -64.639620208517044, -22.193878093216135 ], [ -64.640414939856612, -22.193875742120664 ], [ -64.641571833221576, -22.194141444928388 ], [ -64.642076419994453, -22.193803534340645 ], [ -64.642726193565579, -22.193667039587346 ], [ -64.64352000090004, -22.193395549053825 ], [ -64.644457608553864, -22.192921778419528 ], [ -64.645393794803638, -22.192794380606855 ], [ -64.645290972, -22.192511433999925 ], [ -64.645608308640647, -22.183133239814026 ], [ -64.646248541634179, -22.172014950802573 ], [ -64.645621871589412, -22.151231381953998 ], [ -64.64582827069728, -22.13588775773524 ], [ -64.645210514929488, -22.11582089861696 ], [ -64.64353484799841, -22.104008960627755 ], [ -64.640118338466266, -22.074650387009047 ], [ -64.637645909166906, -22.060337112281548 ], [ -64.633660936801093, -22.048189569846503 ], [ -64.626527533466785, -22.029621006797743 ], [ -64.615920574505481, -22.00965245633909 ], [ -64.610810434625463, -21.99966595070951 ], [ -64.604777607974228, -21.996719606424268 ], [ -64.606692202677877, -22.166049219615044 ], [ -64.427169222298843, -22.164567689159067 ], [ -64.428932314730886, -22.338423482362494 ], [ -64.125531504780511, -22.340815392167652 ], [ -64.134466932587955, -22.353594270962507 ], [ -64.151683008137198, -22.385020049569725 ], [ -64.186478558926652, -22.427309066939415 ], [ -64.198962286895451, -22.444137369010598 ], [ -64.209937961439792, -22.464608504668149 ], [ -64.222990999101924, -22.486974873306568 ], [ -64.235011086979469, -22.50839195198057 ], [ -64.249088572093925, -22.529314017615771 ], [ -64.262163060607207, -22.552632341181496 ], [ -64.276302176183123, -22.579286650811476 ], [ -64.28366221602684, -22.595956627921172 ], [ -64.289169626567528, -22.612497672799861 ], [ -64.300240379014468, -22.640129803875823 ], [ -64.309224206271352, -22.664432312231835 ], [ -64.316543033174725, -22.67584315988859 ], [ -64.337875784901158, -22.698129871993437 ], [ -64.355207060667382, -22.728595198436718 ] ] ] ] } }
]
}
